X,Y,ID,FSGName,TonsPerWeek,TYPE1,TYPE2,TYPE3,Address,Town,County,Zip,Phone,Website,Facebook,Active
507300.3037,106026.6511,1,redacted,0.05,Food Establishment,Caterer,,,WINDSOR,WINDSOR,,,,,1
508517.0925,110238.6996,2,redacted,0.05,Food Establishment,Caterer,,,WINDSOR,WINDSOR,,,,,1
508517.0925,110238.6996,3,redacted,0.735,Food Establishment,Restaurant,,,WINDSOR,WINDSOR,,,,,1
509053.2268,108528.4833,4,redacted,1.68,Food Establishment,Restaurant,,,WINDSOR,WINDSOR,,,,,1
508685.5586,111316.5717,5,redacted,0.945,Food Establishment,Restaurant,,,WINDSOR,WINDSOR,,,,,1
506317.4209,109836.3221,6,redacted,0.05,Food Establishment,Caterer,,,WINDSOR,WINDSOR,,,,,1
509061.4966,108395.1765,7,redacted,0.18,Food Establishment,Caterer,,,WINDSOR,WINDSOR,,,,,1
508818.6761,108472.623,8,redacted,0.05,Food Establishment,Caterer,,,WINDSOR,WINDSOR,,,,,1
508818.6761,108472.623,9,redacted,0.05,Food Establishment,Caterer,,,WINDSOR,WINDSOR,,,,,1
508526.9249,108861.0914,10,redacted,0.04795,Food Establishment,School,,,WINDSOR,WINDSOR,,,,,1
508767.1242,110783.4037,11,redacted,0.13,Food Establishment,Bakery,,,WINDSOR,WINDSOR,,,,,1
508470.1268,108994.3378,12,redacted,0.18,Food Establishment,Grocery,,,WINDSOR,WINDSOR,,,,,1
509050.4346,110606.0207,13,redacted,0.26,Food Establishment,Restaurant,,,WINDSOR,WINDSOR,,,,,1
509050.4346,110606.0207,14,redacted,0.42,Food Establishment,Restaurant,,,WINDSOR,WINDSOR,,,,,1
509498.077,108617.9744,15,redacted,0.05,Food Establishment,Caterer,,,WINDSOR,WINDSOR,,,,,1
509343.0348,109573.2038,16,redacted,0.72,Food Establishment,Grocery,,,WINDSOR,WINDSOR,,,,,1
507854.478,109693.5115,18,redacted,0.3465,Food Establishment,Hospital,,,WINDSOR,WINDSOR,,,,,1
507854.478,109693.5115,19,redacted,0.18375,Hospital,,,,WINDSOR,WINDSOR,,,,,1
507891.4059,112693.2194,20,redacted,0.2625,Food Establishment,Restaurant,,,WINDSOR,WINDSOR,,,,,1
508394.6165,111160.6644,21,redacted,0.05,Food Establishment,Home-based Business,,,WINDSOR,WINDSOR,,,,,1
507956.2867,112526.6474,22,redacted,1.8375,Food Establishment,Restaurant,,,WINDSOR,WINDSOR,,,,,1
509295.0055,109206.5124,23,redacted,0.05,Food Establishment,Home-based Business,,,WINDSOR,WINDSOR,,,,,1
509181.9019,109095.2589,24,redacted,0.0735,Nursing/Assisted Living,Residential Facility,,,WINDSOR,WINDSOR,,,,,1
508996.0743,108917.2508,25,redacted,0.0945,Nursing/Assisted Living,Residential Facility,,,WINDSOR,WINDSOR,,,,,1
509222.4117,109050.8749,26,redacted,0.16275,Nursing/Assisted Living,Residential Facility,,,WINDSOR,WINDSOR,,,,,1
508298.4921,103839.1828,27,redacted,0.20475,Nursing/Assisted Living,Residential Facility,,,WINDSOR,WINDSOR,,,,,1
508298.4921,103839.1828,28,redacted,0.07875,Nursing/Assisted Living,Residential Facility,,,WINDSOR,WINDSOR,,,,,1
510273.129,120262.3264,29,redacted,0.72,Food Establishment,Grocery,,,WINDSOR,WINDSOR,,,,,1
505952.203,111213.6109,30,redacted,0.525,Correctional Facility,,,,WINDSOR,WINDSOR,,,,,1
509262.9525,108984.2715,31,redacted,0.18,Food Establishment,Grocery,,,WINDSOR,WINDSOR,,,,,1
509157.9346,108873.0296,32,redacted,0.105,Food Establishment,Restaurant,,,WINDSOR,WINDSOR,,,,,1
509190.2342,108917.5129,33,redacted,0.26,Food Establishment,Restaurant,,,WINDSOR,WINDSOR,,,,,1
509190.2342,108917.5129,34,redacted,0.26,Food Establishment,Restaurant,,,WINDSOR,WINDSOR,,,,,1
507899.6479,112559.9104,35,redacted,0.525,Food Establishment,Restaurant,,,WINDSOR,WINDSOR,,,,,1
509270.5225,109362.0165,36,redacted,0.441,Food Establishment,Restaurant,,,WINDSOR,WINDSOR,,,,,1
509157.98,108839.7001,37,redacted,0.966,Food Establishment,Restaurant,,,WINDSOR,WINDSOR,,,,,1
508274.0676,103950.2503,38,redacted,0.1155,Nursing/Assisted Living,Residential Facility,,,WINDSOR,WINDSOR,,,,,1
507998.6865,104049.9058,39,redacted,0.18,Food Establishment,Grocery,Farmers' Market,,WINDSOR,WINDSOR,,,,,1
495684.5055,116022.9497,41,redacted,0.1155,Food Establishment,Restaurant,,,WOODSTOCK,WINDSOR,,,,,1
496480.6723,123999.4739,42,redacted,0.042,Nursing/Assisted Living,Residential Facility,,,WOODSTOCK,WINDSOR,,,,,1
498031.1404,126287.5198,43,redacted,0.18,Food Establishment,Grocery,Farmers' Market,,WOODSTOCK,WINDSOR,,,,,1
498474.5968,124776.4297,45,redacted,0.26,Food Establishment,Restaurant,,,WOODSTOCK,WINDSOR,,,,,1
498474.5968,124776.4297,46,redacted,3.15,Food Establishment,Lodging,,,WOODSTOCK,WINDSOR,,,,,1
498409.9979,124643.1236,47,redacted,0.10057,Food Establishment,School,,,WOODSTOCK,WINDSOR,,,,,1
498490.7962,125031.9582,48,redacted,0.18,Food Establishment,Grocery,,,WOODSTOCK,WINDSOR,,,,,1
498498.8718,125054.1766,49,redacted,0.18,Food Establishment,Convenience Store,,,WOODSTOCK,WINDSOR,,,,,1
498862.065,125154.096,50,redacted,0.189,Food Establishment,B&B,,,WOODSTOCK,WINDSOR,,,,,1
498490.8037,125065.2885,52,redacted,0.735,Food Establishment,Restaurant,,,WOODSTOCK,WINDSOR,,,,,1
498523.0762,125020.8409,55,redacted,1.47,Food Establishment,Restaurant,,,WOODSTOCK,WINDSOR,,,,,1
498482.6099,124520.8958,57,redacted,0.105,Food Establishment,Restaurant,,,WOODSTOCK,WINDSOR,,,,,1
498555.3515,124987.5036,58,redacted,0.4725,Food Establishment,Restaurant,,,WOODSTOCK,WINDSOR,,,,,1
499047.6793,125109.6266,59,redacted,0.72,Food Establishment,Bakery,,,WOODSTOCK,WINDSOR,,,,,1
499515.7916,125420.6593,60,redacted,0.18,Food Establishment,Grocery,,,WOODSTOCK,WINDSOR,,,,,1
499096.1068,125142.9502,61,redacted,0.735,Food Establishment,B&B,,,WOODSTOCK,WINDSOR,,,,,1
499136.4606,125154.055,62,redacted,0.168,Food Establishment,Restaurant,,,WOODSTOCK,WINDSOR,,,,,1
496012.2405,123555.333,63,redacted,0.4725,Food Establishment,B&B,,,WOODSTOCK,WINDSOR,,,,,1
499418.9364,125265.1256,64,redacted,0.26,Food Establishment,Convenience Store,,,WOODSTOCK,WINDSOR,,,,,1
499685.2833,125820.613,67,redacted,0.05,Food Establishment,Restaurant,,,WOODSTOCK,WINDSOR,,,,,1
491869.0181,121837.0159,68,redacted,0.105,Food Establishment,B&B,,,WOODSTOCK,WINDSOR,,,,,1
499572.2854,125465.0959,70,redacted,0.2205,Nursing/Assisted Living,Residential Facility,,,WOODSTOCK,WINDSOR,,,,,1
491739.8404,121848.2837,71,redacted,1.029,Food Establishment,Restaurant,,,WOODSTOCK,WINDSOR,,,,,1
497342.1435,118399.6214,72,redacted,1.0185,Food Establishment,B&B,,,SOUTH WOODSTOCK,WINDSOR,,,,,1
498611.853,125020.822,73,redacted,0.315,Food Establishment,Restaurant,,,WOODSTOCK,WINDSOR,,,,,1
494260.0759,123023.3204,74,redacted,0.13,Food Establishment,Bakery,,,WOODSTOCK,WINDSOR,,,,,1
502437.0571,125765.4983,75,redacted,0.0665,School,School,,,WOODSTOCK,WINDSOR,,,,,1
502437.0571,125765.4983,76,redacted,0.05256,School,School,,,WOODSTOCK,WINDSOR,,,,,1
491133.3026,121126.9044,77,redacted,0.189,Food Establishment,Lodging,,,WOODSTOCK,WINDSOR,,,,,1
499661.0749,125831.7243,78,redacted,0.6615,Food Establishment,Lodging,,,WOODSTOCK,WINDSOR,,,,,1
499192.9619,125220.7086,79,redacted,0.05,Food Establishment,Restaurant,,,WOODSTOCK,WINDSOR,,,,,1
490486.6158,120661.168,81,redacted,0.126,Food Establishment,B&B,,,WOODSTOCK,WINDSOR,,,,,1
498700.6407,125076.3547,83,redacted,,Food Establishment,Restaurant,Bread/related products,,WOODSTOCK,WINDSOR,,,,,1
499314.0097,125142.9244,86,redacted,0.126,Food Establishment,Restaurant,,,WOODSTOCK,WINDSOR,,,,,1
497828.8912,124676.6169,87,redacted,0.189,Food Establishment,B&B,,,WOODSTOCK,WINDSOR,,,,,1
499467.3566,125242.9013,88,redacted,0.525,Food Establishment,Restaurant,,,WOODSTOCK,WINDSOR,,,,,1
498611.8876,125187.4734,89,redacted,0.21,Food Establishment,Restaurant,,,WOODSTOCK,WINDSOR,,,,,1
498603.7871,125043.0438,90,redacted,0.1575,Food Establishment,Restaurant,,,WOODSTOCK,WINDSOR,,,,,1
498740.9976,125098.5671,91,redacted,0.8085,Food Establishment,Restaurant,,,WOODSTOCK,WINDSOR,,,,,1
498773.2838,125120.7814,93,redacted,0.603636177,Food Manufacturer,Sweets,,,WOODSTOCK,WINDSOR,,,,,1
497748.1659,124632.2032,94,redacted,0.12075,Nursing/Assisted Living,Residential Facility,,,WOODSTOCK,WINDSOR,,,,,1
497748.1659,124632.2032,95,redacted,0.0735,Nursing/Assisted Living,Residential Facility,,,WOODSTOCK,WINDSOR,,,,,1
496609.85,124054.9577,96,redacted,0.18,Food Establishment,Bakery,,,WOODSTOCK,WINDSOR,,,,,1
497948.0684,118499.3988,97,redacted,,Food Manufacturer,Sweets,,,WOODSTOCK,WINDSOR,,,,,1
496067.5424,121499.9399,98,redacted,0,Food Manufacturer,Food Processor,,,WOODSTOCK,WINDSOR,,,,,1
487206.9687,158030.8614,100,redacted,0.063,Food Establishment,Restaurant,,,RANDOLPH,ORANGE,,,,,1
486723.899,157420.7213,101,redacted,0.273,Food Establishment,Hospital,,,RANDOLPH,ORANGE,,,,,1
486723.899,157420.7213,102,redacted,0.1575,Nursing/Assisted Living,Residential Facility,,,RANDOLPH,ORANGE,,,,,1
486741.1168,157998.4441,103,redacted,0.26,Food Establishment,Restaurant,,,RANDOLPH,ORANGE,,,,,1
487359.7017,158108.3436,104,redacted,0.525,Food Establishment,Restaurant,,,RANDOLPH,ORANGE,,,,,1
487263.1415,158008.5319,105,redacted,0.13,Food Establishment,Restaurant,Bars/Pubs,,RANDOLPH,ORANGE,,,,,1
487263.1415,158008.5319,106,redacted,1.05,Food Establishment,Restaurant,,,RANDOLPH,ORANGE,,,,,1
487133.7435,157542.1316,107,redacted,0.01575,Nursing/Assisted Living,Residential Facility,,,RANDOLPH,ORANGE,,,,,1
488202.489,157862.3554,108,redacted,1.68,Food Establishment,Restaurant,,,RANDOLPH,ORANGE,,,,,1
486718.1813,158576.2478,109,redacted,0.18,Food Establishment,Convenience Store,,,RANDOLPH,ORANGE,,,,,1
486885.2762,157798.1646,110,redacted,0.063,Food Establishment,Restaurant,,,RANDOLPH,ORANGE,,,,,1
485998.0046,159777.6899,111,redacted,0.13,Food Establishment,Bakery,,,RANDOLPH,ORANGE,,,,,1
487395.6558,155897.246,112,redacted,0.18,Food Establishment,Grocery,Farmers' Market,,RANDOLPH,ORANGE,,,,,1
487395.6558,155897.246,113,redacted,0.05,Food Establishment,Restaurant,,,RANDOLPH,ORANGE,,,,,1
489957.1815,160459.3758,115,redacted,0.18,Food Establishment,Grocery,,,RANDOLPH,ORANGE,,,,,1
511034.3649,148305.9081,116,redacted,0.147,Food Establishment,Restaurant,,,SOUTH STRAFFORD,ORANGE,,,,,1
511227.5171,148228.4574,117,redacted,0.18,Food Establishment,Grocery,,,STRAFFORD,ORANGE,,,,,1
511078.0054,155894.5231,118,redacted,,Food Manufacturer,Food Processor,,,STRAFFORD,ORANGE,,,,,1
506889.3252,151322.3929,119,redacted,,Food Manufacturer,Dairy,Creamery,,STRAFFORD,ORANGE,,,,,1
509822.8947,151748.283,120,redacted,0.2625,Food Establishment,Restaurant,,,STRAFFORD,ORANGE,,,,,1
510801.1132,148316.6358,121,redacted,0.075145,Food Establishment,School,,,STRAFFORD,ORANGE,,,,,1
523631.2745,147694.307,122,redacted,0.05,Food Establishment,Home-based Business,,,THETFORD,ORANGE,,,,,1
525045.7945,145855.1139,125,redacted,0.4515,Food Establishment,Restaurant,,,THETFORD,ORANGE,,,,,1
524997.4378,145877.1534,126,redacted,0.72,Food Establishment,Convenience Store,,,THETFORD,ORANGE,,,,,1
525009.7139,149032.6251,127,redacted,0.18,Food Establishment,Convenience Store,,,THETFORD,ORANGE,,,,,1
519190.0255,153713.0972,128,redacted,0.05,Food Establishment,Caterer,,,THETFORD,ORANGE,,,,,1
520977.7835,147429.8694,130,redacted,1.575,Food Establishment,Camp,,,Fairlee,ORANGE,,,,,1
521486.4239,154308.9973,131,redacted,0.92925,Food Establishment,Camp,,,THETFORD,ORANGE,,,,,1
521567.5605,146631.791,133,redacted,0.11865,Food Establishment,School,,,THETFORD,ORANGE,,,,,1
521625.7132,146065.3395,134,redacted,0.11865,Food Establishment,School,,,THETFORD,ORANGE,,,,,1
530890.4235,164112.6045,139,redacted,0,Food Manufacturer,Sweets,,,BRADFORD,ORANGE,,,,,1
518740.7709,144878.8761,140,redacted,0.13,Food Establishment,Home-based Business,,,THETFORD,ORANGE,,,,,1
522915.9904,184580.1801,142,redacted,0.13,Food Establishment,Bakery,,,TOPSHAM,ORANGE,,,,,1
517329.7443,176663.0623,143,redacted,0.18,Food Establishment,Convenience Store,,,TOPSHAM,ORANGE,,,,,1
515248.9356,179546.8058,144,redacted,0.18,Food Establishment,Grocery,,,TOPSHAM,ORANGE,,,,,1
519118.8903,175523.5645,145,redacted,0.105555,Food Establishment,School,,,EAST CORINTH,ORANGE,,,,,1
501677.6426,161140.8447,146,redacted,0.05,Food Establishment,Caterer,,,TUNBRIDGE,ORANGE,,,,,1
500699.0533,154452.0446,148,redacted,0.18,Food Establishment,Convenience Store,,,TUNBRIDGE,ORANGE,,,,,1
501694.7384,157063.2238,149,redacted,0.055,Food Establishment,Caterer,,,TUNBRIDGE,ORANGE,,,,,1
502023.9393,157418.8572,150,redacted,0.05394,Food Establishment,School,,,TUNBRIDGE,ORANGE,,,,,1
502569.1303,159874.5081,151,redacted,0.05,Food Establishment,Caterer,,,TUNBRIDGE,ORANGE,,,,,1
510658.7721,166804.607,152,redacted,0.34125,Food Establishment,Camp,,,VERSHIRE,ORANGE,,,,,1
510148.4815,164848.2966,153,redacted,0.042,Nursing/Assisted Living,Residential Facility,,,VERSHIRE,ORANGE,,,,,1
508376.0237,170767.908,155,redacted,0.063,Food Establishment,B&B,,,WASHINGTON,ORANGE,,,,,1
505331.8968,178575.766,157,redacted,0.05,Food Establishment,Convenience Store,,,WASHINGTON,ORANGE,,,,,1
502611.8031,173785.2871,158,redacted,0.041385,Food Establishment,School,,,WASHINGTON,ORANGE,,,,,1
533138.7102,184523.7333,159,redacted,,Food Manufacturer,Food Processor,,,WELLS RIVER,ORANGE,,,,,1
532785.8801,184699.7482,160,redacted,1.2075,Food Establishment,Convenience Store,,,WELLS RIVER,Orange,,,,,1
533566.3172,182236.9491,161,redacted,0.063,Food Establishment,Lodging,,,NEWBURY,ORANGE,,,,,1
519003.3708,157156.8853,162,redacted,0.05,Food Establishment,Caterer,,,WEST FAIRLEE,ORANGE,,,,,1
522072.5218,154455.3591,163,redacted,0.05,Food Establishment,Caterer,,,WEST FAIRLEE,ORANGE,,,,,1
525954.9316,164358.0789,164,redacted,0.105,Food Establishment,Camp,,,WEST FAIRLEE,ORANGE,,,,,1
522577.1489,154923.7071,165,redacted,0.97125,Food Establishment,Camp,,,WEST FAIRLEE,ORANGE,,,,,1
521598.0149,154587.1277,166,redacted,0.44625,Food Establishment,Camp,,,WEST FAIRLEE,ORANGE,,,,,1
519190.3526,156379.6709,167,redacted,0.055935,Food Establishment,School,,,WEST FAIRLEE,ORANGE,,,,,1
530353.5367,176176.8092,168,redacted,0.86625,Food Establishment,Camp,,,WEST NEWBURY,ORANGE,,,,,1
516102.2644,177571.0593,169,redacted,0.21,Food Establishment,Restaurant,,,TOPSHAM,ORANGE,,,,,1
515248.9356,179546.8058,170,redacted,0.05,Food Establishment,Convenience Store,,,TOPSHAM,ORANGE,,,,,1
496326.3182,180374.6242,171,redacted,0.137295,Food Establishment,School,,,WILLIAMSTOWN,ORANGE,,,,,1
496958.2331,179563.1944,172,redacted,2.415,Food Establishment,Restaurant,,,WILLIAMSTOWN,ORANGE,,,,,1
494156.8619,179853.9711,173,redacted,0.1155,Nursing/Assisted Living,Residential Facility,,,WILLIAMSTOWN,ORANGE,,,,,1
489958.4456,177125.7114,174,redacted,,Food Manufacturer,Food Processor,,,WILLIAMSTOWN,ORANGE,,,,,1
496678.3897,180196.6602,175,redacted,0.231,Food Establishment,Restaurant,,,WILLIAMSTOWN,ORANGE,,,,,1
452735.6527,217768.3471,177,redacted,0.05,Food Establishment,Home-based Business,,,WILLIAMSTOWN,ORANGE,,,,,1
496678.3673,180152.2159,178,redacted,0.13,Food Establishment,Bakery,,,WILLIAMSTOWN,ORANGE,,,,,1
496830.1748,179596.588,179,redacted,0.378,Food Establishment,Restaurant,,,WILLIAMSTOWN,ORANGE,,,,,1
492275.5521,179600.3537,180,redacted,0.05,Food Establishment,Caterer,,,WILLIAMSTOWN,ORANGE,,,,,1
496116.7564,177885.8691,181,redacted,0.055,Food Establishment,Lodging,,,WILLIAMSTOWN,ORANGE,,,,,1
496270.4687,180685.7657,182,redacted,0.05425,Food Establishment,School,,,WILLIAMSTOWN,ORANGE,,,,,1
509757.7496,248651.0766,183,redacted,0.034675,Food Establishment,School,,,ALBANY,ORLEANS,,,,,1
512785.2922,243644.7363,184,redacted,0.05,Food Establishment,Caterer,,,ALBANY,ORLEANS,,,,,1
509671.6935,247939.7605,185,redacted,0.42,Food Establishment,Restaurant,,,ALBANY,ORLEANS,,,,,1
509505.4646,247861.7274,186,redacted,0.18,Food Establishment,Grocery,,,ALBANY,ORLEANS,,,,,1
509521.307,247861.7507,187,redacted,,Food Manufacturer,Food Processor,,,ALBANY,ORLEANS,,,,,1
524983.8749,247814.2189,188,redacted,,Food Manufacturer,Food Processor,,,BARTON,ORLEANS,,,,,1
525277.0419,249815.6012,189,redacted,0.42,Food Establishment,Restaurant,,,BARTON,ORLEANS,,,,,1
525347.219,250093.6884,192,redacted,0.1,Food Establishment,Senior meals,,,BARTON,ORLEANS,,,,,1
522672.074,254206.4475,194,redacted,0.42,Food Establishment,Restaurant,,,BARTON,ORLEANS,,,,,1
522112.1649,253637.7623,195,redacted,0.062475,Food Establishment,School,,,BARTON,ORLEANS,,,,,1
522807.543,256173.8429,197,redacted,,Food Manufacturer,Meat/Poultry/Seafood,,,BARTON,ORLEANS,,,,,1
525362.9686,250115.9753,199,redacted,0.18,Food Establishment,Convenience Store,,,BARTON,ORLEANS,,,,,1
525442.9434,249916.2662,200,redacted,0.066105,Food Establishment,School,,,BARTON,ORLEANS,,,,,1
526203.604,251752.8753,202,redacted,0.147,Food Establishment,Restaurant,,,BARTON,ORLEANS,,,,,1
524706.3037,254091.6972,204,redacted,0.37275,Nursing/Assisted Living,Residential Facility,,,BARTON,ORLEANS,,,,,1
525705.4145,249628.3836,205,redacted,0.525,Food Establishment,Restaurant,,,BARTON,ORLEANS,,,,,1
525307.8882,250026.859,206,redacted,0.72,Food Establishment,Bakery,,,BARTON,ORLEANS,,,,,1
525299.9696,250026.8279,207,redacted,0.42,Food Establishment,Restaurant,,,BARTON,ORLEANS,,,,,1
525332.0809,249915.8294,209,redacted,0.091605,Food Establishment,School,,,BARTON,ORLEANS,,,,,1
534792.0566,266573.5401,212,redacted,0.05,Food Establishment,Caterer,,,CHARLESTON,ORLEANS,,,,,1
534902.9355,266518.5782,213,redacted,0.13,Food Establishment,Bakery,,,CHARLESTON,ORLEANS,,,,,1
535270.5928,261419.7809,214,redacted,0.05,Food Establishment,Home-based Business,,,CHARLESTON,ORLEANS,,,,,1
537964.089,260434.9814,215,redacted,0.063845,Food Establishment,School,,,CHARLESTON,ORLEANS,,,,,1
540331.6484,259860.4262,216,redacted,0.13,Food Establishment,Bakery,,,CHARLESTON,ORLEANS,,,,,1
521763.6154,265404.8051,217,redacted,0.2625,Food Establishment,Restaurant,,,COVENTRY,ORLEANS,,,,,1
518580.4455,262527.7342,218,redacted,0.05022,Food Establishment,School,,,COVENTRY,ORLEANS,,,,,1
518336.3665,262204.7669,219,redacted,0.05,Food Establishment,Caterer,,,COVENTRY,ORLEANS,,,,,1
511030.7591,235985.232,220,redacted,0.063,Food Establishment,Restaurant,,,CRAFTSBURY,ORLEANS,,,,,1
510187.6576,237195.0673,221,redacted,0.26,Food Establishment,Restaurant,,,CRAFTSBURY,ORLEANS,,,,,1
509415.5057,238927.3863,222,redacted,0.26,Food Establishment,Restaurant,,,CRAFTSBURY,ORLEANS,,,,,1
510155.9727,237161.6813,224,redacted,0.18,Food Establishment,Caterer,,,CRAFTSBURY,ORLEANS,,,,,1
509359.3853,239338.4535,225,redacted,0.0576,Food Establishment,School,,,CRAFTSBURY,ORLEANS,,,,,1
506426.418,237568.0493,226,redacted,0.13,Food Establishment,Bakery,,,CRAFTSBURY,ORLEANS,,,,,1
512566.678,237854.8653,227,redacted,0.126,Nursing/Assisted Living,Residential Facility,,,CRAFTSBURY,ORLEANS,,,,,1
510100.224,237294.9391,228,redacted,0.18,Food Establishment,Convenience Store,,,CRAFTSBURY,ORLEANS,,,,,1
510029.6086,236783.6731,229,redacted,0,Food Manufacturer,Food Processor,,,CRAFTSBURY,ORLEANS,,,,,1
509920.4371,240706.0836,230,redacted,0.042,Food Establishment,Restaurant,,,CRAFTSBURY,ORLEANS,,,,,1
510553.4334,236706.7215,231,redacted,0.13,Food Establishment,Bakery,,,CRAFTSBURY,ORLEANS,,,,,1
507673.8299,242736.5515,232,redacted,0.05,Food Establishment,Home-based Business,,,CRAFTSBURY,ORLEANS,,,,,1
509264.4439,239171.6348,233,redacted,0.05311,Food Establishment,College/University,,,CRAFTSBURY,ORLEANS,,,,,1
510813.9425,242252.109,234,redacted,0.945,Food Establishment,Lodging,,,CRAFTSBURY COMMON,ORLEANS,,,,,1
510821.8707,242252.1223,235,redacted,0.7875,Food Establishment,Camp,,,CRAFTSBURY COMMON,ORLEANS,,,,,1
518753.5443,227335.5896,237,redacted,0.13,Food Establishment,Bakery,,,DERBY,ORLEANS,,,,,1
530288.0557,270306.8281,238,redacted,0.084,Food Establishment,B&B,,,DERBY,ORLEANS,,,,,1
532969.7911,269197.6675,239,redacted,0.05,Food Establishment,Caterer,,,DERBY,ORLEANS,,,,,1
531942.5688,270948.3046,240,redacted,0.05,Food Establishment,Caterer,,,DERBY,ORLEANS,,,,,1
529920.9309,274539.1284,241,redacted,1.575,Food Establishment,Restaurant,,,DERBY,ORLEANS,,,,,1
533523.2971,276568.459,242,redacted,0.063,Food Establishment,Restaurant,,,DERBY,ORLEANS,,,,,1
529383.1094,273125.2906,244,redacted,0.12075,Nursing/Assisted Living,Residential Facility,,,DERBY,ORLEANS,,,,,1
529178.8257,272935.4358,245,redacted,0.26,Food Establishment,Bar,,,DERBY,ORLEANS,,,,,1
529178.8257,272935.4358,246,redacted,0.525,Food Establishment,Restaurant,,,DERBY,ORLEANS,,,,,1
529163.1968,272902.0258,247,redacted,0.26,Food Establishment,Restaurant,,,DERBY,ORLEANS,,,,,1
529179.6872,272746.52,248,redacted,1.575,Food Establishment,Restaurant,,,DERBY,ORLEANS,,,,,1
529179.6872,272746.52,249,redacted,0.26,Food Establishment,Restaurant,,,DERBY,ORLEANS,,,,,1
529132.4444,272724.0789,250,redacted,0.2625,Food Establishment,Restaurant,,,DERBY,ORLEANS,,,,,1
529029.9158,272712.5,251,redacted,0.13,Food Establishment,Bakery,,,DERBY,ORLEANS,,,,,1
528840.4887,272722.7564,252,redacted,0.26,Food Establishment,Restaurant,,,DERBY,ORLEANS,,,,,1
528864.5618,272633.9616,254,redacted,0.2415,Food Establishment,Restaurant,,,DERBY,ORLEANS,,,,,1
525133.727,274240.6999,255,redacted,0.05,Food Establishment,Caterer,,,DERBY,ORLEANS,,,,,1
528202.175,272530.9918,256,redacted,0.18,Food Establishment,Grocery,"Beer, wine, liquor store",,DERBY,ORLEANS,,,,,1
528185.9036,272642.0492,257,redacted,0.05,Food Establishment,Private Club,,,DERBY,ORLEANS,,,,,1
527886.2957,272585.172,258,redacted,0.13,Food Establishment,Restaurant,Deli,,DERBY,ORLEANS,,,,,1
527902.3197,272529.6773,259,redacted,0.105,Food Establishment,Bakery,,,DERBY,ORLEANS,,,,,1
527366.1643,272427.3459,260,redacted,0.2625,Food Establishment,Restaurant,,,DERBY,ORLEANS,,,,,1
527318.4859,272504.9324,261,redacted,1.3125,Food Establishment,Restaurant,,,DERBY,ORLEANS,,,,,1
531566.3449,278403.2594,262,redacted,0.2625,Food Establishment,Restaurant,,,DERBY,ORLEANS,,,,,1
527230.9288,272682.3655,263,redacted,0.72,Food Establishment,Bakery,,,DERBY,ORLEANS,,,,,1
527097.9627,272403.9788,264,redacted,0.252,Food Establishment,Restaurant,,,DERBY,ORLEANS,,,,,1
527026.6145,272481.4673,265,redacted,0.18,Food Establishment,Grocery,,,DERBY,ORLEANS,,,,,1
527026.6145,272481.4673,266,redacted,0.055,Food Establishment,Restaurant,,,DERBY,ORLEANS,,,,,1
526963.8612,272392.2995,267,redacted,0.6615,Food Establishment,Restaurant,,,DERBY,ORLEANS,,,,,1
526892.4678,272480.9022,268,redacted,1.0395,Food Establishment,Restaurant,,,DERBY,ORLEANS,,,,,1
532583.8528,278308.3512,269,redacted,0.1785,Nursing/Assisted Living,Residential Facility,,,DERBY,ORLEANS,,,,,1
531261.9803,277768.3185,270,redacted,0.18,Food Establishment,Convenience Store,,,DERBY,ORLEANS,,,,,1
531214.6734,277768.0872,271,redacted,0.063,Food Establishment,Restaurant,,,DERBY,ORLEANS,,,,,1
526152.4864,272044.4333,272,redacted,0.26,Food Establishment,Restaurant,,,DERBY,ORLEANS,,,,,1
526789.2802,272624.9368,273,redacted,0.13,Food Establishment,Bakery,,,DERBY,ORLEANS,,,,,1
529087.5247,272190.4546,274,redacted,0.09928,Food Establishment,School,,,DERBY,ORLEANS,,,,,1
519045.2463,228125.3908,275,redacted,0.26,Food Establishment,Restaurant,,,DERBY,ORLEANS,,,,,1
528978.1024,271956.5871,276,redacted,0.18,Food Establishment,Grocery,Specialty foods,,DERBY,ORLEANS,,,,,1
526757.2523,272735.9317,278,redacted,1.3125,Food Establishment,Restaurant,,,DERBY,ORLEANS,,,,,1
530093.9772,277996.0834,279,redacted,0.223175,Food Establishment,School,,,DERBY,ORLEANS,,,,,1
531391.4822,270656.6428,280,redacted,0.504,Food Establishment,Camp,,,DERBY,ORLEANS,,,,,1
541037.0408,259598.1831,281,redacted,0.05,Food Establishment,Caterer,,,EAST CHARLESTON,ORLEANS,,,,,1
540592.2562,261162.2794,282,redacted,0.05,Food Establishment,Caterer,,,EAST CHARLESTON,ORLEANS,,,,,1
525363.0561,250093.7507,283,redacted,0.05,Food Establishment,Caterer,,,GLOVER,ORLEANS,,,,,1
524748.542,245146.3366,284,redacted,0.18,Food Establishment,Restaurant,,,GLOVER,ORLEANS,,,,,1
524605.9838,245123.5668,285,redacted,0.06324,Food Establishment,School,,,GLOVER,ORLEANS,,,,,1
521609.9093,247646.457,286,redacted,0.483,Food Establishment,Bakery,,,GLOVER,ORLEANS,,,,,1
521515.3008,242756.7143,287,redacted,0.05,Food Establishment,Caterer,,,GLOVER,ORLEANS,,,,,1
521189.3244,243044.5562,288,redacted,,Food Manufacturer,Food Processor,,,GLOVER,ORLEANS,,,,,1
519219.7233,241604.9135,289,redacted,0.13,Food Establishment,Bakery,,,GLOVER,ORLEANS,,,,,1
524788.2077,245135.3764,290,redacted,0.05,Food Establishment,Caterer,,,GLOVER,ORLEANS,,,,,1
524756.4666,245146.3669,291,redacted,0.05,Food Establishment,Caterer,,,GLOVER,ORLEANS,,,,,1
524780.2404,245146.4582,292,redacted,0.26,Food Establishment,Restaurant,,,GLOVER,ORLEANS,,,,,1
524780.2404,245146.4582,293,redacted,0.1575,Food Establishment,Restaurant,,,GLOVER,ORLEANS,,,,,1
524677.7304,245012.717,294,redacted,0.231,Nursing/Assisted Living,Residential Facility,,,GLOVER,ORLEANS,,,,,1
524552.3876,242545.2983,295,redacted,0.1365,Food Establishment,Restaurant,,,GLOVER,ORLEANS,,,,,1
517292.8448,241655.0305,296,redacted,0.063,Food Establishment,B&B,,,GLOVER,ORLEANS,,,,,1
521558.7205,241623.4065,297,redacted,0.063,Food Establishment,B&B,,,GLOVER,ORLEANS,,,,,1
513530.1174,236189.9916,298,redacted,0.14175,Food Establishment,Camp,,,GREENSBORO,ORLEANS,,,,,1
515628.9122,234616.8008,299,redacted,0.13,Food Establishment,Bakery,,,GREENSBORO,ORLEANS,,,,,1
516359.8631,231196.0905,300,redacted,0.04407,Food Establishment,School,,,GREENSBORO,ORLEANS,,,,,1
516036.7001,230206.3131,301,redacted,0.7875,Food Establishment,Restaurant,,,GREENSBORO,ORLEANS,,,,,1
516036.7001,230206.3131,302,redacted,0.05,Food Establishment,Caterer,,,GREENSBORO,ORLEANS,,,,,1
516022.4889,229528.4455,303,redacted,0.26,Food Establishment,Restaurant,,,GREENSBORO,ORLEANS,,,,,1
516154.7361,230651.0868,304,redacted,0.13,Food Establishment,Home-based Business,,,GREENSBORO,ORLEANS,,,,,1
518268.5139,233079.1278,305,redacted,,Food Manufacturer,Food Processor,,,GREENSBORO,ORLEANS,,,,,1
516923.7805,231175.3141,306,redacted,0.05,Food Establishment,Caterer,,,GREENSBORO,ORLEANS,,,,,1
516923.7805,231175.3141,307,redacted,0.1575,Nursing/Assisted Living,Residential Facility,,,GREENSBORO,ORLEANS,,,,,1
519063.8136,227214.2616,308,redacted,,Food Manufacturer,Food Processor,,,GREENSBORO,ORLEANS,,,,,1
516234.243,230617.9493,310,redacted,0.18,Food Establishment,Grocery,,,GREENSBORO,ORLEANS,,,,,1
518942.7663,227847.2908,311,redacted,0.26,Food Establishment,Restaurant,,,GREENSBORO,ORLEANS,,,,,1
538415.0009,274884.5654,312,redacted,0.03842,Food Establishment,School,,,HOLLAND,ORLEANS,,,,,1
486469.6603,277439.4506,313,redacted,0.05,Food Establishment,Caterer,,,IRASBURG,ORLEANS,,,,,1
517328.6628,260735.1079,314,redacted,0.42,Food Establishment,Camp,,,IRASBURG,ORLEANS,,,,,1
517190.1364,256367.5142,315,redacted,0.05,Food Establishment,Caterer,,,IRASBURG,ORLEANS,,,,,1
517974.4221,255969.6086,316,redacted,0.06324,Food Establishment,School,,,IRASBURG,ORLEANS,,,,,1
518471.6549,261882.8895,317,redacted,0.26,Food Establishment,Restaurant,,,IRASBURG,ORLEANS,,,,,1
518312.6873,262193.5868,318,redacted,0.2835,Food Establishment,Restaurant,,,IRASBURG,ORLEANS,,,,,1
517278.9759,255689.891,319,redacted,0.105,Food Establishment,Restaurant,,,IRASBURG,ORLEANS,,,,,1
518066.5002,254169.6465,320,redacted,0.13,Food Establishment,Bakery,,,IRASBURG,ORLEANS,,,,,1
515818.9594,254208.1796,322,redacted,0.18,Food Establishment,Convenience Store,,,IRASBURG,ORLEANS,,,,,1
504813.8669,271937.2476,323,redacted,0.1575,Food Establishment,Restaurant,,,JAY,ORLEANS,,,,,1
504790.1589,271981.6806,324,redacted,0.336,Food Establishment,Lodging,,,JAY,ORLEANS,,,,,1
505129.0761,272504.2397,325,redacted,0.054805,Food Establishment,School,,,JAY,ORLEANS,,,,,1
501010.307,270768.6868,326,redacted,0.26,Food Establishment,Restaurant,,,JAY,ORLEANS,,,,,1
500434.1577,270157.4259,327,redacted,0.26,Food Establishment,Restaurant,,,JAY,ORLEANS,,,,,1
499881.587,269812.9204,328,redacted,2.73,Food Establishment,Restaurant,,,JAY,ORLEANS,,,,,1
499881.587,269812.9204,329,redacted,0.26,Food Establishment,Restaurant,,,JAY,ORLEANS,,,,,1
499881.587,269812.9204,330,redacted,3.4125,Food Establishment,Restaurant,,,JAY,ORLEANS,,,,,1
499881.587,269812.9204,331,redacted,0.735,Food Establishment,Lodging,,,JAY,ORLEANS,,,,,1
499881.587,269812.9204,332,redacted,0.7875,Food Establishment,Restaurant,,,JAY,ORLEANS,,,,,1
499731.64,270835.2887,333,redacted,2.1,Food Establishment,Restaurant,,,JAY,ORLEANS,,,,,1
499731.64,270835.2887,334,redacted,3.024,Food Establishment,Restaurant,,,JAY,ORLEANS,,,,,1
499731.64,270835.2887,335,redacted,0.84,Food Establishment,Restaurant,,,JAY,ORLEANS,,,,,1
499731.64,270835.2887,336,redacted,2.835,Food Establishment,Restaurant,,,JAY,ORLEANS,,,,,1
499573.79,270968.6492,337,redacted,0.105,Food Establishment,Restaurant,,,JAY,ORLEANS,,,,,1
496159.6084,276615.0461,338,redacted,0.26,Food Establishment,Restaurant,,,JAY,ORLEANS,,,,,1
499889.481,269801.8076,339,redacted,1.575,Food Establishment,Restaurant,,,JAY,ORLEANS,,,,,1
503567.399,271214.1076,340,redacted,0.168,Food Establishment,Lodging,,,JAY,ORLEANS,,,,,1
504445.3619,257068.385,341,redacted,0.315,Food Establishment,Restaurant,,,LOWELL,ORLEANS,,,,,1
504153.5855,255690.2512,344,redacted,0.063,Food Establishment,B&B,,,LOWELL,ORLEANS,,,,,1
504051.2526,254867.869,345,redacted,0.7875,Food Establishment,Restaurant,,,LOWELL,ORLEANS,,,,,1
504067.1129,254812.3171,346,redacted,0.18,Food Establishment,Convenience Store,,,LOWELL,ORLEANS,,,,,1
504058.373,256123.574,348,redacted,0.05208,Food Establishment,School,,,LOWELL,ORLEANS,,,,,1
504540.163,257235.1376,350,redacted,0.26,Food Establishment,Restaurant,,,LOWELL,ORLEANS,,,,,1
538445.5393,268483.6181,351,redacted,0.017515,Food Establishment,School,,,MORGAN,ORLEANS,,,,,1
540832.3216,268153.879,352,redacted,0.252,Food Establishment,Lodging,,,MORGAN,ORLEANS,,,,,1
540832.7464,268087.2033,353,redacted,0.05,Food Establishment,Caterer,,,MORGAN,ORLEANS,,,,,1
538328.6949,268216.2057,354,redacted,0.05,Food Establishment,Bakery,,,MORGAN,ORLEANS,,,,,1
535297.2432,269499.0066,355,redacted,0.13,Food Establishment,Bakery,,,MORGAN,ORLEANS,,,,,1
522826.9417,270720.3967,356,redacted,0.5145,Food Establishment,Restaurant,,,NEWPORT CITY,ORLEANS,,,,,1
518700.8449,270018.0257,358,redacted,0.18,Food Establishment,Grocery,,,NEWPORT,ORLEANS,,,,,1
523008.6835,270665.4832,359,redacted,1.05,Food Establishment,Restaurant,,,NEWPORT,ORLEANS,,,,,1
525671.4605,271953.5829,361,redacted,0.26,Food Establishment,Restaurant,,,NEWPORT,ORLEANS,,,,,1
523530.1328,272678.7994,362,redacted,0.2625,Nursing/Assisted Living,Residential Facility,,,NEWPORT,ORLEANS,,,,,1
522921.7787,270687.3971,364,redacted,0.5145,Food Establishment,Restaurant,,,NEWPORT CITY,ORLEANS,,,,,1
522937.7243,270643.003,365,redacted,0.21,Food Establishment,Bakery,,,NEWPORT CITY,ORLEANS,,,,,1
525916.0109,271976.7942,366,redacted,0.26,Food Establishment,Restaurant,,,NEWPORT,ORLEANS,,,,,1
525916.0109,271976.7942,367,redacted,0.5145,Food Establishment,Restaurant,,,NEWPORT CITY,ORLEANS,,,,,1
522914.0843,270631.8056,368,redacted,0.26,Food Establishment,Restaurant,,,NEWPORT,ORLEANS,,,,,1
523608.343,272868.0058,370,redacted,0.25725,Food Establishment,Hospital,,,NEWPORT CITY,ORLEANS,,,,,1
522898.1389,270676.1998,371,redacted,0.252,Food Establishment,Restaurant,,,NEWPORT CITY,ORLEANS,,,,,1
522898.1389,270676.1998,372,redacted,0.05,Food Establishment,Mobile Unit,,,NEWPORT CITY,ORLEANS,,,,,1
523204.7247,271021.8005,373,redacted,0.72,Food Establishment,Bakery,,,NEWPORT CITY,ORLEANS,,,,,1
516671.802,270123.5494,374,redacted,0.18,Food Establishment,Convenience Store,,,NEWPORT CITY,ORLEANS,,,,,1
524457.3348,267503.7076,375,redacted,2.27325,Correctional Facility,,,,NEWPORT,ORLEANS,,,,,1
521285.2681,271470.7555,376,redacted,0.063,Food Establishment,B&B,,,NEWPORT CITY,ORLEANS,,,,,1
523245.1568,270755.2398,377,redacted,0.105,Food Establishment,Restaurant,,,NEWPORT CITY,ORLEANS,,,,,1
520318.3357,270267.434,378,redacted,0.26,Food Establishment,Restaurant,,,NEWPORT,ORLEANS,,,,,1
521895.856,270628.2426,380,redacted,0.231,Nursing/Assisted Living,Residential Facility,,,NEWPORT,ORLEANS,,,,,1
522637.8994,270608.5976,381,redacted,0.26,Food Establishment,Restaurant,,,NEWPORT,ORLEANS,,,,,1
523804.616,271012.8901,383,redacted,0.18,Food Establishment,Grocery,,,NEWPORT,ORLEANS,,,,,1
515206.1868,272331.3345,384,redacted,0.18,Food Establishment,Caterer,,,NEWPORT TOWN,ORLEANS,,,,,1
526948.1726,272370.0077,385,redacted,0.26,Food Establishment,Restaurant,,,NEWPORT,ORLEANS,,,,,1
521604.4059,270449.4481,387,redacted,0.05,Food Establishment,Caterer,,,NEWPORT,ORLEANS,,,,,1
522198.1489,269951.4038,388,redacted,0.525,Food Establishment,Lodging,,,NEWPORT CITY,ORLEANS,,,,,1
524221.0832,271503.4165,389,redacted,0.18,Food Establishment,Caterer,,,NEWPORT CITY,ORLEANS,,,,,1
523267.5033,271122.0436,390,redacted,1.26,Food Establishment,Restaurant,,,NEWPORT CITY,ORLEANS,,,,,1
524201.817,270336.4976,391,redacted,1.26,Food Establishment,Restaurant,,,NEWPORT,ORLEANS,,,,,1
522921.6593,270720.7351,392,redacted,0.4725,Food Establishment,Bar,Bars/Pubs,,NEWPORT CITY,ORLEANS,,,,,1
521693.756,269705.1944,393,redacted,0.84,Food Establishment,Restaurant,,,NEWPORT CITY,ORLEANS,,,,,1
524063.7827,271358.3565,398,redacted,0.1575,Food Establishment,Restaurant,Deli,,NEWPORT CITY,ORLEANS,,,,,1
523636.7167,269456.476,399,redacted,0.0315,Nursing/Assisted Living,Residential Facility,,,NEWPORT,ORLEANS,,,,,1
523386.177,271044.6863,400,redacted,0.21,Food Establishment,Caterer,,,NEWPORT CITY,ORLEANS,,,,,1
522992.6177,270743.2151,401,redacted,0.26,Food Establishment,Restaurant,,,NEWPORT CITY,ORLEANS,,,,,1
522930.428,270476.285,402,redacted,0.2625,Food Establishment,Restaurant,,,NEWPORT CITY,ORLEANS,,,,,1
523000.7903,270665.4549,403,redacted,0.26,Food Establishment,Restaurant,,,NEWPORT CITY,ORLEANS,,,,,1
523072.5098,270476.7953,404,redacted,0.05,Food Establishment,Private Club,,,NEWPORT CITY,ORLEANS,,,,,1
525529.8988,271830.7753,405,redacted,0.13,Food Establishment,Home-based Business,,,NEWPORT CITY,ORLEANS,,,,,1
522921.7787,270687.3971,407,redacted,0.26,Food Establishment,Restaurant,,,NEWPORT CITY,ORLEANS,,,,,1
524259.8702,271681.3687,408,redacted,0.194925,Food Establishment,School,,,NEWPORT,ORLEANS,,,,,1
525916.0109,271976.7942,409,redacted,0.26,Food Establishment,Restaurant,,,NEWPORT CITY,ORLEANS,,,,,1
523274.6687,271322.1003,411,redacted,1.449,Food Establishment,Restaurant,,,NEWPORT,ORLEANS,,,,,1
523399.1595,271811.5182,412,redacted,0.14875,Food Establishment,School,,,NEWPORT,ORLEANS,,,,,1
522827.2191,270642.6081,413,redacted,1.3755,Food Establishment,Restaurant,,,NEWPORT CITY,ORLEANS,,,,,1
523229.4915,270721.8445,414,redacted,0.634615385,Food Manufacturer,Feed/Animal Products,,,NEWPORT CITY,ORLEANS,,,,,1
523929.2389,271457.8675,415,redacted,0.42,Food Establishment,Restaurant,,,NEWPORT CITY,ORLEANS,,,,,1
523992.3767,271458.1039,416,redacted,0.5145,Food Establishment,Restaurant,,,NEWPORT CITY,ORLEANS,,,,,1
523765.1109,271023.8561,417,redacted,0.13,Food Establishment,Restaurant,Deli,,NEWPORT CITY,ORLEANS,,,,,1
523140.257,271388.2899,418,redacted,0.26,Food Establishment,Caterer,,,NEWPORT CITY,ORLEANS,,,,,1
523140.257,271388.2899,420,redacted,3.15,Food Establishment,Restaurant,,,NEWPORT CITY,ORLEANS,,,,,1
522198.1489,269951.4038,421,redacted,0.26,Food Establishment,Restaurant,,,NEWPORT CITY,ORLEANS,,,,,1
522198.1489,269951.4038,422,redacted,0.26,Food Establishment,Restaurant,,,NEWPORT CITY,ORLEANS,,,,,1
524696.1141,271116.2824,423,redacted,0.1575,Food Establishment,Restaurant,Bars/Pubs,,NEWPORT CITY,ORLEANS,,,,,1
524201.817,270336.4976,424,redacted,0.26,Food Establishment,Restaurant,,,NEWPORT CITY,ORLEANS,,,,,1
522747.734,270797.9044,426,redacted,0.05,Food Establishment,Caterer,,,NEWPORT CITY,ORLEANS,,,,,1
523326.9183,272144.6393,427,redacted,0.05,Food Establishment,Private Club,,,NEWPORT CITY,ORLEANS,,,,,1
523326.9183,272144.6393,428,redacted,2.625,Food Establishment,Cafeteria,,,NEWPORT CITY,ORLEANS,,,,,1
515284.8591,272431.5367,429,redacted,0.26,Food Establishment,Restaurant,,,NEWPORT CITY,ORLEANS,,,,,1
521604.4059,270449.4481,431,redacted,0.13,Food Establishment,Bakery,Concession,,NEWPORT CITY,ORLEANS,,,,,1
519681.8976,276999.8111,432,redacted,0.063,Food Establishment,B&B,,,NEWPORT CITY,ORLEANS,,,,,1
490781.7001,232582.113,433,redacted,0.252,Food Establishment,Restaurant,,,TROY,ORLEANS,,,,,1
506906.7,277795.5794,434,redacted,0.21,Food Establishment,Restaurant,,,NORTH TROY,ORLEANS,,,,,1
508046.7733,267762.1358,435,redacted,0.13,Food Establishment,Bakery,,,NORTH TROY,ORLEANS,,,,,1
451809.2241,221631.1346,436,redacted,0.05,Food Establishment,Caterer,,,NORTH TROY,ORLEANS,,,,,1
524236.3431,257001.398,437,redacted,0.18,Food Establishment,Grocery,Specialty foods,,ORLEANS,ORLEANS,,,,,1
523240.2812,256831.0326,438,redacted,0.26,Food Establishment,Restaurant,,,ORLEANS,ORLEANS,,,,,1
523360.1861,256486.9778,439,redacted,0.084,Food Establishment,Restaurant,Deli,,BARTON,ORLEANS,,,,,1
525278.8459,255405.2011,440,redacted,1.26,Food Establishment,Restaurant,,,BARTON,ORLEANS,,,,,1
507712.2257,183200.3365,441,redacted,0.066105,School,School,,,ORLEANS,ORLEANS,,,,,1
523132.3355,256052.7648,442,redacted,0.18,Food Establishment,Grocery,,,ORLEANS,ORLEANS,,,,,1
523132.3355,256052.7648,443,redacted,0.735,Food Establishment,Restaurant,,,BARTON,ORLEANS,,,,,1
523406.6794,256753.8482,444,redacted,0.055,Food Establishment,Caterer,,,ORLEANS,ORLEANS,,,,,1
523406.6794,256753.8482,445,redacted,0.13,Food Establishment,Bakery,,,BARTON,ORLEANS,,,,,1
523391.1416,256676.0037,446,redacted,0.18,Food Establishment,Caterer,,,BARTON,ORLEANS,,,,,1
504790.1589,271981.6806,447,redacted,0.26,Food Establishment,Restaurant,,,TROY,ORLEANS,,,,,1
506770.9918,271927.9062,448,redacted,0.26,Food Establishment,Restaurant,,,TROY,ORLEANS,,,,,1
510826.3195,277156.4765,449,redacted,0.13,Food Establishment,Home-based Business,,,TROY,ORLEANS,,,,,1
507427.4425,277473.8926,450,redacted,0.26,Food Establishment,Restaurant,,,TROY,ORLEANS,,,,,1
507671.9634,277396.392,451,redacted,0.26,Food Establishment,Restaurant,,,TROY,ORLEANS,,,,,1
507017.2512,270450.1852,452,redacted,0.05,Food Establishment,Caterer,,,TROY,ORLEANS,,,,,1
494687.2978,39069.7496,453,redacted,0.140685,Food Establishment,School,,,BRATTLEBORO,WINDHAM,,,,,1
494662.0631,38147.75639,454,redacted,0.26,Food Establishment,Hospital,,,BRATTLEBORO,WINDHAM,,,,,1
494662.0631,38147.75639,455,redacted,0.32025,Food Establishment,Hospital,,,BRATTLEBORO,WINDHAM,,,,,1
494228.7038,38014.80292,456,redacted,0.26,Food Establishment,Restaurant,,,BRATTLEBORO,WINDHAM,,,,,1
494033.446,39092.50232,457,redacted,0.063,Food Establishment,Lodging,,,BRATTLEBORO,WINDHAM,,,,,1
494768.9558,38969.70974,458,redacted,0.13,Food Establishment,Bakery,,,BRATTLEBORO,WINDHAM,,,,,1
494768.9558,38969.70974,459,redacted,0.13,Food Establishment,Home-based Business,,,DUMMERSTON,WINDHAM,,,,,1
482908.5817,42032.71418,460,redacted,0.05,Food Establishment,Caterer,,,BRATTLEBORO,WINDHAM,,,,,1
495349.0497,38636.03583,461,redacted,0.13,Food Establishment,Bakery,,,BRATTLEBORO,WINDHAM,,,,,1
495235.0609,39280.41208,462,redacted,,Food Manufacturer,Food Processor,Coffee,,BRATTLEBORO,WINDHAM,,,,,1
495235.0686,39291.52067,463,redacted,0.05,Food Establishment,Mobile Unit,,,BRATTLEBORO,WINDHAM,,,,,1
494866.3754,38080.94961,464,redacted,0.42,Nursing/Assisted Living,Residential Facility,,,BRATTLEBORO,WINDHAM,,,,,1
495210.4333,39124.90882,465,redacted,0.26,Food Establishment,Restaurant,,,BRATTLEBORO,WINDHAM,,,,,1
495235.6145,40080.23122,467,redacted,0.26,Food Establishment,B&B,,,BRATTLEBORO,WINDHAM,,,,,1
495235.6145,40080.23122,468,redacted,0.126,Food Establishment,Restaurant,,,BRATTLEBORO,WINDHAM,,,,,1
485988.2026,41814.68724,470,redacted,0.18,Food Establishment,Grocery,Specialty foods,,BRATTLEBORO,WINDHAM,,,,,1
495169.4264,38924.98279,472,redacted,0.3465,Food Establishment,Restaurant,Deli,,BRATTLEBORO,WINDHAM,,,,,1
493965.6366,36326.52665,474,redacted,0.13,Food Establishment,Convenience Store,Deli,,BRATTLEBORO,WINDHAM,,,,,1
494842.1429,38469.76804,475,redacted,0.18,Food Establishment,Grocery,,,BRATTLEBORO,WINDHAM,,,,,1
494842.1429,38469.76804,476,redacted,0.26,Food Establishment,Restaurant,,,BRATTLEBORO,WINDHAM,,,,,1
493965.6366,36326.52665,478,redacted,0.05,Food Establishment,Caterer,,,BRATTLEBORO,WINDHAM,,,,,1
494073.9782,38703.66654,479,redacted,0.13,Food Establishment,Home-based Business,,,BRATTLEBORO,WINDHAM,,,,,1
495785.023,43134.74805,480,redacted,0.13,Food Establishment,Bakery,,,BRATTLEBORO,WINDHAM,,,,,1
495128.9752,39513.76691,481,redacted,0.18,Food Establishment,Grocery,,,BRATTLEBORO,WINDHAM,,,,,1
494866.6073,38391.98968,482,redacted,0.231,Food Establishment,Restaurant,,,BRATTLEBORO,WINDHAM,,,,,1
491353.9226,40161.77274,483,redacted,0.05,Food Establishment,Caterer,,,BRATTLEBORO,WINDHAM,,,,,1
495120.8023,39513.7727,484,redacted,0.252,Food Establishment,Restaurant,,,BRATTLEBORO,WINDHAM,,,,,1
493965.6366,36326.52665,485,redacted,0.26,Food Establishment,Bakery,,,BRATTLEBORO,WINDHAM,,,,,1
490862.9628,39684.7361,487,redacted,0.13,Food Establishment,Bakery,,,BRATTLEBORO,WINDHAM,,,,,1
490717.0235,40551.40434,488,redacted,1.7325,Food Establishment,Restaurant,,,BRATTLEBORO,WINDHAM,,,,,1
490799.7895,47438.68459,489,redacted,0.72,Food Establishment,Grocery,,,BRATTLEBORO,WINDHAM,,,,,1
495252.4876,40846.71421,490,redacted,0.26,Food Establishment,Restaurant,,,BRATTLEBORO,WINDHAM,,,,,1
495252.4876,40846.71421,491,redacted,3.15,Food Establishment,Restaurant,,,BRATTLEBORO,WINDHAM,,,,,1
495406.4522,38913.71201,492,redacted,0.10622,Food Establishment,Restaurant,,,MARLBORO,WINDHAM,,,,,1
495128.8023,39269.37784,493,redacted,0.26,Food Establishment,Restaurant,,,BRATTLEBORO,WINDHAM,,,,,1
495128.8023,39269.37784,494,redacted,0.42,Food Establishment,Restaurant,,,BRATTLEBORO,WINDHAM,,,,,1
495128.8023,39269.37784,495,redacted,0.05,Food Establishment,Home-based Business,,,BRATTLEBORO,WINDHAM,,,,,1
495299.3998,37747.38328,496,redacted,0.05,Food Establishment,Caterer,,,BRATTLEBORO,WINDHAM,,,,,1
495292.083,39002.65798,497,redacted,0.26,Food Establishment,Restaurant,,,BRATTLEBORO,WINDHAM,,,,,1
495292.083,39002.65798,499,redacted,0.13,Food Establishment,Bakery,,,BRATTLEBORO,WINDHAM,,,,,1
490602.6964,40607.10267,500,redacted,0.05,Food Establishment,Bakery,,,BRATTLEBORO,WINDHAM,,,,,1
493710.8917,25951.45372,501,redacted,0.72,Food Establishment,Grocery,,,BRATTLEBORO,WINDHAM,,,,,1
495210.4179,39102.69164,502,redacted,0.4725,Food Establishment,Restaurant,,,BRATTLEBORO,WINDHAM,,,,,1
494998.2417,39558.29506,503,redacted,4.935,Food Establishment,Restaurant,,,BRATTLEBORO,WINDHAM,,,,,1
494998.2417,39558.29506,504,redacted,0.05,Food Establishment,Caterer,,,BRATTLEBORO,WINDHAM,,,,,1
493583.818,38992.92923,505,redacted,0.13,Food Establishment,Bakery,,,BRATTLEBORO,WINDHAM,,,,,1
486747.7908,41690.98668,506,redacted,0.105,Food Establishment,Bakery,,,BRATTLEBORO,WINDHAM,,,,,1
490529.1676,40618.3121,507,redacted,0.26,Food Establishment,Restaurant,,,BRATTLEBORO,WINDHAM,,,,,1
494516.6035,40258.50427,508,redacted,0.0315,Nursing/Assisted Living,Residential Facility,,,BRATTLEBORO,WINDHAM,,,,,1
493332.8399,41470.38984,509,redacted,1.05,Food Establishment,Restaurant,,,BRATTLEBORO,WINDHAM,,,,,1
495390.2018,39058.13456,510,redacted,0.26,Food Establishment,Restaurant,,,BRATTLEBORO,WINDHAM,,,,,1
495390.2018,39058.13456,511,redacted,2.205,Food Establishment,Restaurant,,,BRATTLEBORO,WINDHAM,,,,,1
494458.0317,38558.93511,512,redacted,0.05,Food Establishment,Caterer,,,BRATTLEBORO,WINDHAM,,,,,1
495308.4375,39013.75541,513,redacted,0.26,Food Establishment,Restaurant,,,BRATTLEBORO,WINDHAM,,,,,1
494710.6749,37581.18161,514,redacted,0.26,Food Establishment,Caterer,,,BRATTLEBORO,WINDHAM,,,,,1
495210.5029,39224.88613,515,redacted,0.26,Food Establishment,Restaurant,,,BRATTLEBORO,WINDHAM,,,,,1
495049.2848,42346.5236,516,redacted,3.15,Food Establishment,Restaurant,,,BRATTLEBORO,WINDHAM,,,,,1
494751.7454,37836.64734,517,redacted,0.18,Food Establishment,Grocery,,,BRATTLEBORO,WINDHAM,,,,,1
494702.7048,37847.79345,518,redacted,0.26,Food Establishment,Restaurant,,,BRATTLEBORO,WINDHAM,,,,,1
494694.53,37847.79974,519,redacted,1.008,Food Establishment,Restaurant,,,BRATTLEBORO,WINDHAM,,,,,1
493256.7699,38882.15577,520,redacted,0.05,Food Establishment,Bakery,,,BRATTLEBORO,WINDHAM,,,,,1
495153.0089,38825.01701,521,redacted,0.378,Food Establishment,Restaurant,Bars/Pubs,,BRATTLEBORO,WINDHAM,,,,,1
494710.7773,37714.48438,522,redacted,1.05,Food Establishment,Restaurant,,,BRATTLEBORO,WINDHAM,,,,,1
494710.7773,37714.48438,523,redacted,0.05,Food Establishment,Caterer,,,BRATTLEBORO,WINDHAM,,,,,1
494661.7273,37714.52221,524,redacted,0.26,Food Establishment,Restaurant,,,BRATTLEBORO,WINDHAM,,,,,1
495973.1861,43623.41668,525,redacted,0.63,Food Establishment,Cafeteria,,,BRATTLEBORO,WINDHAM,,,,,1
493758.3329,42158.72675,526,redacted,,Food Manufacturer,Sweets,,,BRATTLEBORO,WINDHAM,,,,,1
490096.3788,40829.98546,527,redacted,0.63,Food Establishment,Restaurant,,,BRATTLEBORO,WINDHAM,,,,,1
494604.5197,37736.78393,528,redacted,0.3675,Food Establishment,Restaurant,,,BRATTLEBORO,WINDHAM,,,,,1
494604.5197,37736.78393,529,redacted,0.72,Food Establishment,Grocery,,,BRATTLEBORO,WINDHAM,,,,,1
494604.5197,37736.78393,530,redacted,0.72,Food Establishment,Grocery,,,BRATTLEBORO,WINDHAM,,,,,1
495169.5433,39091.6116,531,redacted,0.1575,Food Establishment,Restaurant,,,BRATTLEBORO,WINDHAM,,,,,1
495144.7256,38669.50261,532,redacted,0.05,Food Establishment,Caterer,,,BRATTLEBORO,WINDHAM,,,,,1
495316.9132,39458.0935,533,redacted,0.26,Food Establishment,Restaurant,,,BRATTLEBORO,WINDHAM,,,,,1
495308.4602,39047.08118,534,redacted,0.26,Food Establishment,Restaurant,,,BRATTLEBORO,WINDHAM,,,,,1
495308.4602,39047.08118,535,redacted,0.26,Food Establishment,Restaurant,,,BRATTLEBORO,WINDHAM,,,,,1
493722.919,39159.43,536,redacted,0.13,Food Establishment,Bakery,,,BRATTLEBORO,WINDHAM,,,,,1
494918.261,41924.49051,537,redacted,2.373,Food Establishment,Restaurant,,,BRATTLEBORO,WINDHAM,,,,,1
494653.3627,37470.14017,538,redacted,1.0185,Food Establishment,Restaurant,,,BRATTLEBORO,WINDHAM,,,,,1
495324.626,38780.464,540,redacted,0.05,Food Establishment,Caterer,,,BRATTLEBORO,WINDHAM,,,,,1
495389.0418,37325.19717,541,redacted,0.26,Food Establishment,Restaurant,,,BRATTLEBORO,WINDHAM,,,,,1
494645.1442,37414.60372,542,redacted,0.055,Food Establishment,Caterer,,,BRATTLEBORO,WINDHAM,,,,,1
494645.1442,37414.60372,543,redacted,0.18,Food Establishment,Grocery,,,BRATTLEBORO,WINDHAM,,,,,1
495300.2944,39058.19534,545,redacted,0.84,Food Establishment,Restaurant,,,BRATTLEBORO,WINDHAM,,,,,1
492823.5337,38849.26785,546,redacted,0.18,Food Establishment,Grocery,Farmers' Market,,BRATTLEBORO,WINDHAM,,,,,1
494628.7415,37347.9651,547,redacted,0.05,Food Establishment,Caterer,,,BRATTLEBORO,WINDHAM,,,,,1
495277.2225,41168.8474,548,redacted,0.18,Food Establishment,Grocery,,,BRATTLEBORO,WINDHAM,,,,,1
495277.2225,41168.8474,549,redacted,0.18,Food Establishment,Grocery,,,BRATTLEBORO,WINDHAM,,,,,1
495259.4121,39036.00618,550,redacted,0.84,Food Establishment,Restaurant,,,BRATTLEBORO,WINDHAM,,,,,1
495145.0154,39080.52026,551,redacted,0.18,Food Establishment,Convenience Store,,,BRATTLEBORO,WINDHAM,,,,,1
492823.3022,38627.09619,553,redacted,0.05,Food Establishment,Caterer,,,BRATTLEBORO,WINDHAM,,,,,1
495236.4603,41302.17907,555,redacted,0.26,Food Establishment,Mobile Unit,,,BRATTLEBORO,WINDHAM,,,,,1
495179.3041,41357.76205,556,redacted,0.13,Food Establishment,Restaurant,Deli,,BRATTLEBORO,WINDHAM,,,,,1
495179.3041,41357.76205,557,redacted,0.504,Food Establishment,Restaurant,,,BRATTLEBORO,WINDHAM,,,,,1
495407.1785,40002.35434,558,redacted,0.14175,Nursing/Assisted Living,Residential Facility,,,BRATTLEBORO,WINDHAM,,,,,1
495128.6922,39113.85757,559,redacted,0.18,Food Establishment,Grocery,,,BRATTLEBORO,WINDHAM,,,,,1
495186.0065,39258.22901,560,redacted,0.63,Food Establishment,Restaurant,,,BRATTLEBORO,WINDHAM,,,,,1
495154.925,41546.62598,561,redacted,0.05,Food Establishment,Caterer,,,BRATTLEBORO,WINDHAM,,,,,1
495154.925,41546.62598,562,redacted,0.05,Food Establishment,Caterer,,,BRATTLEBORO,WINDHAM,,,,,1
495609.8358,37413.92144,563,redacted,,Food Manufacturer,Food Processor,,,BRATTLEBORO,WINDHAM,,,,,1
495300.3171,39091.5211,564,redacted,0.63,Food Establishment,Restaurant,,,BRATTLEBORO,WINDHAM,,,,,1
495634.4041,37480.55721,565,redacted,0.13,Food Manufacturer,Food Processor,,,BRATTLEBORO,WINDHAM,,,,,1
495634.4041,37480.55721,566,redacted,,Food Manufacturer,Food Processor,,,BRATTLEBORO,WINDHAM,,,,,1
495634.4041,37480.55721,567,redacted,,Food Manufacturer,Sweets,,,TOWNSHEND,WINDHAM,,,,,1
495634.4041,37480.55721,568,redacted,,Food Manufacturer,Food Processor,,,BRATTLEBORO,WINDHAM,,,,,1
491879.0084,41916.29821,569,redacted,0.05,Food Establishment,Home-based Business,,,BRATTLEBORO,WINDHAM,,,,,1
495122.3299,41668.84403,570,redacted,0.26,Food Establishment,Restaurant,,,BRATTLEBORO,WINDHAM,,,,,1
495122.3299,41668.84403,572,redacted,0.21,Food Establishment,Restaurant,,,BRATTLEBORO,WINDHAM,,,,,1
495095.991,39102.77219,573,redacted,0.2625,Food Establishment,Restaurant,,,BRATTLEBORO,WINDHAM,,,,,1
495007.8731,41568.94838,574,redacted,0.26,Food Establishment,Restaurant,,,BRATTLEBORO,WINDHAM,,,,,1
495007.8731,41568.94838,575,redacted,1.26,Food Establishment,Restaurant,,,BRATTLEBORO,WINDHAM,,,,,1
495007.8731,41568.94838,576,redacted,0.72,Food Establishment,Grocery,,,BRATTLEBORO,WINDHAM,,,,,1
495095.9672,39069.44642,577,redacted,0.2625,Food Establishment,Bar,Bars/Pubs,,BRATTLEBORO,WINDHAM,,,,,1
495095.9672,39069.44642,578,redacted,0.26,Food Establishment,Restaurant,,,BRATTLEBORO,WINDHAM,,,,,1
491834.6799,38983.67261,579,redacted,3.15,Food Establishment,Restaurant,,,BRATTLEBORO,WINDHAM,,,,,1
495716.2397,37613.80863,580,redacted,0.13,Food Establishment,Bakery,,,BRATTLEBORO,WINDHAM,,,,,1
495716.2397,37613.80863,581,redacted,,Food Manufacturer,Bakery,Bread/related products,,BRATTLEBORO,WINDHAM,,,,,1
494604.9113,38236.66956,582,redacted,0.22575,Nursing/Assisted Living,Residential Facility,,,BRATTLEBORO,WINDHAM,,,,,1
494604.9113,38236.66956,583,redacted,0.08925,Nursing/Assisted Living,Residential Facility,,,BRATTLEBORO,WINDHAM,,,,,1
495114.2463,41791.04482,584,redacted,1.995,Food Establishment,Restaurant,,,BRATTLEBORO,WINDHAM,,,,,1
492129.0019,39049.98151,585,redacted,0.05,Food Establishment,Home-based Business,,,BRATTLEBORO,WINDHAM,,,,,1
494303.1945,39125.59966,586,redacted,0.72,Food Establishment,Grocery,,,BRATTLEBORO,WINDHAM,,,,,1
487486.8449,39245.69936,587,redacted,,Food Manufacturer,Food Processor,,,BRATTLEBORO,WINDHAM,,,,,1
489148.3497,40731.43722,588,redacted,0.13,Food Establishment,Bakery,,,BRATTLEBORO,WINDHAM,,,,,1
486240.1707,37070.78839,589,redacted,0.525,Food Establishment,Camp,,,BRATTLEBORO,WINDHAM,,,,,1
495122.4953,41902.12539,590,redacted,0.05,Food Establishment,Caterer,,,BRATTLEBORO,WINDHAM,,,,,1
492047.3832,39150.05273,591,redacted,0.2625,Food Establishment,Restaurant,,,BRATTLEBORO,WINDHAM,,,,,1
491990.015,39016.81597,592,redacted,0.213005,School,School,,,BRATTLEBORO,WINDHAM,,,,,1
491990.015,39016.81597,593,redacted,0.05,Food Establishment,School,,,BRATTLEBORO,WINDHAM,,,,,1
495212.4196,41979.82273,594,redacted,0.504,Food Establishment,Restaurant,,,BRATTLEBORO,WINDHAM,,,,,1
493828.8432,38792.75058,595,redacted,0.05,Food Establishment,Caterer,,,BRATTLEBORO,WINDHAM,,,,,1
495261.5081,42079.76656,596,redacted,0.26,Food Establishment,Restaurant,,,BRATTLEBORO,WINDHAM,,,,,1
495261.5081,42079.76656,597,redacted,1.05,Food Establishment,Restaurant,,,BRATTLEBORO,WINDHAM,,,,,1
495000.1306,42157.7121,598,redacted,0.378,Food Establishment,Restaurant,,,BRATTLEBORO,WINDHAM,,,,,1
495000.1306,42157.7121,599,redacted,0.13,Food Establishment,Bakery,,,BRATTLEBORO,WINDHAM,,,,,1
495000.1306,42157.7121,600,redacted,0.26,Food Establishment,Restaurant,,,BRATTLEBORO,WINDHAM,,,,,1
495000.1306,42157.7121,601,redacted,0.21,Food Establishment,Restaurant,,,BRATTLEBORO,WINDHAM,,,,,1
495079.6125,39058.3495,602,redacted,,Food Manufacturer,Alcohol Manufacturer,Brewer,,BRATTLEBORO,WINDHAM,,,,,1
495079.6125,39058.3495,603,redacted,0.3675,Food Establishment,Bar,Bars/Pubs,,BRATTLEBORO,WINDHAM,,,,,1
491875.8488,39239.12184,604,redacted,0.26,Food Establishment,Restaurant,,,BRATTLEBORO,WINDHAM,,,,,1
495139.1336,42324.24221,606,redacted,0.18,Food Establishment,Caterer,"Beer, wine, liquor store",,BRATTLEBORO,WINDHAM,,,,,1
495139.1336,42324.24221,607,redacted,0.13,Food Establishment,Caterer,,,BRATTLEBORO,WINDHAM,,,,,1
495139.1336,42324.24221,608,redacted,0.05,Food Establishment,Caterer,,,BRATTLEBORO,WINDHAM,,,,,1
495237.1833,42346.39093,609,redacted,0.72,Food Establishment,Grocery,,,BRATTLEBORO,WINDHAM,,,,,1
495560.7837,37413.95287,610,redacted,0.13,Food Establishment,Home-based Business,,,BRATTLEBORO,WINDHAM,,,,,1
495625.9326,37014.00303,611,redacted,0.05,Food Establishment,Caterer,,,BRATTLEBORO,WINDHAM,,,,,1
495625.9326,37014.00303,612,redacted,0.13,Food Establishment,Bakery,,,BRATTLEBORO,WINDHAM,,,,,1
495169.5901,39158.26314,613,redacted,0.05,Food Establishment,Caterer,,,BRATTLEBORO,WINDHAM,,,,,1
496128.4027,43667.76222,615,redacted,,Food Manufacturer,Food Processor,Snacks,,BRATTLEBORO,WINDHAM,,,,,1
495031.0131,39669.35736,616,redacted,,Food Manufacturer,Food Processor,,,BRATTLEBORO,WINDHAM,,,,,1
490806.1615,52193.24154,617,redacted,0.05,Food Establishment,Caterer,,,BROOKLINE,WINDHAM,,,,,1
491220.3878,57136.15074,618,redacted,0.02373,School,School,,,BROOKLINE,WINDHAM,,,,,1
471408.5042,48714.02367,619,redacted,0.5775,Food Establishment,Lodging,,,DOVER,WINDHAM,,,,,1
469404.9718,51522.13327,620,redacted,,Food Manufacturer,Food Processor,,,DOVER,WINDHAM,,,,,1
471042.0573,48915.52114,621,redacted,0.18,Food Establishment,Grocery,,,DOVER,WINDHAM,,,,,1
470879.1988,49005.0819,622,redacted,0.26,Food Establishment,Restaurant,,,DOVER,WINDHAM,,,,,1
470847.1655,49149.6346,623,redacted,0.5145,Food Establishment,Restaurant,,,WEST DOVER,WINDHAM,,,,,1
468363.8501,50449.27847,624,redacted,1.05,Food Establishment,Restaurant,,,DOVER,WINDHAM,,,,,1
470586.2833,49217.40149,625,redacted,0.26,Food Establishment,Restaurant,,,DOVER,WINDHAM,,,,,1
470529.6303,49328.73436,626,redacted,0.26,Food Establishment,Restaurant,,,DOVER,WINDHAM,,,,,1
470529.6303,49328.73436,627,redacted,0.84,Food Establishment,Restaurant,,,DOVER,WINDHAM,,,,,1
467832.5343,51995.90869,628,redacted,1.4175,Food Establishment,Restaurant,,,DOVER,WINDHAM,,,,,1
470375.2372,49484.9249,629,redacted,0.13,Food Establishment,Caterer,Deli,,DOVER,WINDHAM,,,,,1
470285.417,49474.2042,630,redacted,0.18,Food Establishment,Convenience Store,,,DOVER,WINDHAM,,,,,1
470090.1797,49619.46924,631,redacted,0.8925,Food Establishment,Restaurant,,,DOVER,WINDHAM,,,,,1
467832.6906,52029.23518,632,redacted,6.552,Food Establishment,Restaurant,,,DOVER,WINDHAM,,,,,1
469610.406,50010.39229,633,redacted,0.5985,Food Establishment,Restaurant,,,DOVER,WINDHAM,,,,,1
468114.3646,47684.28719,634,redacted,1.1025,Food Establishment,Lodging,,,DOVER,WINDHAM,,,,,1
469446.8996,49944.46425,635,redacted,0.13,Food Establishment,Restaurant,Bars/Pubs,,DOVER,WINDHAM,,,,,1
469414.5545,50011.26244,636,redacted,0.26,Food Establishment,Restaurant,,,DOVER,WINDHAM,,,,,1
468261.9337,51349.58226,637,redacted,0.525,Food Establishment,Lodging,,,DOVER,WINDHAM,,,,,1
469341.4079,50078.24296,638,redacted,0.26,Food Establishment,Restaurant,,,DOVER,WINDHAM,,,,,1
469219.7494,50245.42294,639,redacted,0.315,Food Establishment,Restaurant,,,DOVER,WINDHAM,,,,,1
469122.2769,50345.84211,640,redacted,0.735,Food Establishment,Lodging,,,DOVER,WINDHAM,,,,,1
468846.3473,50680.36044,641,redacted,0.26,Food Establishment,Restaurant,,,DOVER,WINDHAM,,,,,1
468903.7673,50746.75416,642,redacted,1.4175,Food Establishment,Restaurant,,,DOVER,WINDHAM,,,,,1
468863.4734,50858.02731,643,redacted,0.504,Food Establishment,Restaurant,,,DOVER,WINDHAM,,,,,1
468782.5864,51013.92151,644,redacted,0.525,Food Establishment,Lodging,,,DOVER,WINDHAM,,,,,1
467686.9443,52263.2111,645,redacted,4.725,Food Establishment,Restaurant,,,DOVER,WINDHAM,,,,,1
467686.9443,52263.2111,646,redacted,0.26,Food Establishment,Restaurant,,,DOVER,WINDHAM,,,,,1
468443.065,51704.23643,647,redacted,1.575,Food Establishment,Lodging,,,DOVER,WINDHAM,,,,,1
471972.8233,50989.03663,648,redacted,2.1,Food Establishment,Restaurant,,,DOVER,WINDHAM,,,,,1
468427.3106,51826.50863,649,redacted,0.441,Food Establishment,Restaurant,,,DOVER,WINDHAM,,,,,1
471485.2807,47547.2643,651,redacted,0.5775,Food Establishment,Lodging,,,DOVER,WINDHAM,,,,,1
471204.5938,48748.20286,652,redacted,0.26,Food Establishment,Restaurant,,,DOVER,WINDHAM,,,,,1
468353.168,51671.32346,653,redacted,4.2,Food Establishment,Lodging,,,DOVER,WINDHAM,,,,,1
471356.8906,48081.02815,654,redacted,0.26,Food Establishment,Lodging,,,DOVER,WINDHAM,,,,,1
467995.0748,51861.83932,655,redacted,0.26,Food Establishment,Restaurant,,,DOVER,WINDHAM,,,,,1
467995.0748,51861.83932,656,redacted,14.595,Food Establishment,Lodging,,,DOVER,WINDHAM,,,,,1
474706.3243,48801.06108,657,redacted,0.055935,Food Establishment,School,,,DOVER,WINDHAM,,,,,1
467662.2089,52207.78228,658,redacted,0.13,Food Establishment,Restaurant,Deli,,DOVER,WINDHAM,,,,,1
467986.8646,51850.76857,659,redacted,0.13,Food Establishment,Restaurant,Deli,,DOVER,WINDHAM,,,,,1
490476.498,192013.9057,661,redacted,0.26,Food Manufacturer,Food Processor,,,BERLIN,WASHINGTON,,,,,1
496718.4092,47677.69836,662,redacted,0.05,Food Establishment,Caterer,,,DUMMERSTON,WINDHAM,,,,,1
494604.5197,37736.78393,663,redacted,0.72,Food Establishment,Grocery,,,BRATTLEBORO,Windham,,,,,1
490799.7895,47438.68459,664,redacted,0.055,Food Establishment,Caterer,,,DUMMERSTON,WINDHAM,,,,,1
496906.3871,48177.50466,666,redacted,0.08184,Food Establishment,School,,,E DUMMERSTON,WINDHAM,,,,,1
490679.8564,49294.0114,667,redacted,0.39375,Food Establishment,Camp,,,DUMMERSTON,WINDHAM,,,,,1
497027.9605,46177.87913,668,redacted,0.18,Food Establishment,Grocery,,,DUMMERSTON,WINDHAM,,,,,1
491226.6236,74655.15883,669,redacted,0.18,Food Establishment,Restaurant,,,GRAFTON,WINDHAM,,,,,1
489416.6871,76768.49071,670,redacted,0.126,Food Establishment,Lodging,,,GRAFTON,WINDHAM,,,,,1
491512.1375,75399.11582,671,redacted,0.13,Food Establishment,Home-based Business,,,GRAFTON,WINDHAM,,,,,1
490786.6615,74000.29547,672,redacted,,Food Manufacturer,Dairy,Cheese,,GRAFTON,WINDHAM,,,,,1
491129.0369,74644.17604,673,redacted,0.26,Food Establishment,Restaurant,,,GRAFTON,WINDHAM,,,,,1
491104.6437,74644.20786,674,redacted,0.336,Food Establishment,Restaurant,,,GRAFTON,WINDHAM,,,,,1
489793.9159,78978.6642,675,redacted,,Food Manufacturer,Food Processor,,,WINDSOR,WINDHAM,,,,,1
491129.1382,74721.94054,676,redacted,0.8925,Food Establishment,Lodging,,,GRAFTON,WINDHAM,,,,,1
489179.457,70703.22649,678,redacted,,Food Manufacturer,Food Processor,,,GRAFTON,WINDHAM,,,,,1
491136.9221,74455.30886,679,redacted,0.053675,Food Establishment,School,,,GRAFTON,WINDHAM,,,,,1
486366.3632,30594.25691,680,redacted,0.0735,Food Establishment,B&B,,,GUILFORD,WINDHAM,,,,,1
489987.5455,33409.61207,681,redacted,0.071145,Food Establishment,School,,,GUILFORD,WINDHAM,,,,,1
493850.2618,35315.75144,682,redacted,0.18,Food Establishment,Restaurant,,,GUILFORD,WINDHAM,,,,,1
491875.6208,32107.43613,683,redacted,0.13,Food Establishment,Bakery,,,GUILFORD,WINDHAM,,,,,1
485001.1085,34996.06765,684,redacted,,Food Manufacturer,Food Processor,,,HALIFAX,WINDHAM,,,,,1
476035.977,34510.40156,685,redacted,1.89,Food Establishment,Restaurant,,,HALIFAX,WINDHAM,,,,,1
478030.6355,31626.62959,686,redacted,0.023715,Food Establishment,School,,,HALIFAX,WINDHAM,,,,,1
477039.5681,28863.82244,687,redacted,0.105,Food Establishment,Lodging,,,HALIFAX,WINDHAM,,,,,1
473633.7983,33008.38898,688,redacted,0.05,Food Establishment,Caterer,,,JACKSONVILLE,WINDHAM,,,,,1
473299.0797,33187.41493,689,redacted,0.2415,Food Establishment,B&B,,,WHITINGHAM,WINDHAM,,,,,1
473683.0517,33052.63554,690,redacted,0.18,Food Establishment,Convenience Store,,,WHITINGHAM,WINDHAM,,,,,1
473387.6076,32809.37841,691,redacted,0.0945,Food Establishment,B&B,,,WHITINGHAM,WINDHAM,,,,,1
470203.0221,71737.38073,692,redacted,0.13,Food Establishment,Restaurant,Deli,,JAMAICA,WINDHAM,,,,,1
474823.5228,69530.21346,693,redacted,0.13,Food Establishment,Bakery,,,JAMAICA,WINDHAM,,,,,1
477166.2522,66855.75209,694,redacted,0.05,Food Establishment,Caterer,,,JAMAICA,WINDHAM,,,,,1
475530.38,71493.98541,695,redacted,0.063,Food Establishment,B&B,,,JAMAICA,WINDHAM,,,,,1
477369.3565,66732.87444,696,redacted,0.336,Food Establishment,Lodging,,,JAMAICA,WINDHAM,,,,,1
477590.3908,67109.85817,697,redacted,0.041245,Food Establishment,School,,,JAMAICA,WINDHAM,,,,,1
477247.1376,66699.95312,698,redacted,0.18,Food Establishment,Convenience Store,,,JAMAICA,WINDHAM,,,,,1
477198.1458,66655.67977,699,redacted,0.13,Food Establishment,Bakery,,,JAMAICA,WINDHAM,,,,,1
477165.5833,66655.78862,700,redacted,0.147,Food Establishment,Restaurant,,,JAMAICA,WINDHAM,,,,,1
477125.0291,66700.36122,701,redacted,0.525,Food Establishment,Restaurant,,,JAMAICA,WINDHAM,,,,,1
477271.8922,66799.85349,703,redacted,0.05,Food Establishment,Caterer,,,JAMAICA,WINDHAM,,,,,1
474143.5788,70477.04794,704,redacted,0.105,Food Establishment,B&B,,,JAMAICA,WINDHAM,,,,,1
472228.8518,71806.59038,705,redacted,0.18,Food Establishment,Grocery,,,JAMAICA,WINDHAM,,,,,1
472228.8518,71806.59038,706,redacted,0.05,Food Establishment,Restaurant,,,JAMAICA,WINDHAM,,,,,1
472220.8985,71851.06023,707,redacted,0.1575,Food Establishment,Restaurant,,,JAMAICA,WINDHAM,,,,,1
476091.8724,62249.12081,708,redacted,0.105,Food Establishment,Camp,,,JAMAICA,WINDHAM,,,,,1
473162.2308,81579.15083,712,redacted,0.055,Food Establishment,Caterer,,,LONDONDERRY,WINDHAM,,,,,1
474483.6157,78707.81535,714,redacted,48.69846154,Food Manufacturer,Dairy,Creamery,,LONDONDERRY,WINDHAM,,,,,1
474678.8793,80951.19777,716,redacted,0.18,Food Establishment,Convenience Store,,,LONDONDERRY,WINDHAM,,,,,1
477092.2889,78742.96524,719,redacted,0.18,Food Establishment,Convenience Store,,,LONDONDERRY,WINDHAM,,,,,1
471960.8332,81772.86471,720,redacted,0.7875,Food Establishment,Lodging,,,LONDONDERRY,WINDHAM,,,,,1
478179.6298,78250.57572,721,redacted,0.42,Food Establishment,Lodging,,,LONDONDERRY,WINDHAM,,,,,1
476979.0488,78898.87953,722,redacted,0.147,Food Establishment,Restaurant,,,LONDONDERRY,WINDHAM,,,,,1
477772.8919,78129.68937,725,redacted,0.63,Food Establishment,Lodging,,,LONDONDERRY,WINDHAM,,,,,1
473864.6552,78354.6634,728,redacted,0.4725,Food Establishment,Restaurant,,,LONDONDERRY,WINDHAM,,,,,1
474304.8595,80863.72576,729,redacted,0.63,Food Establishment,Restaurant,,,LONDONDERRY,WINDHAM,,,,,1
474304.8595,80863.72576,731,redacted,0.72,Food Establishment,Grocery,,,LONDONDERRY,WINDHAM,,,,,1
474321.0649,80852.55502,732,redacted,0.504,Food Establishment,Restaurant,,,LONDONDERRY,WINDHAM,,,,,1
476920.2649,80732.13619,734,redacted,0.2625,Food Establishment,Restaurant,,,LONDONDERRY,WINDHAM,,,,,1
474314.1703,76875.39636,736,redacted,0.26,Food Establishment,Restaurant,,,LONDONDERRY,WINDHAM,,,,,1
474429.0122,77152.69932,738,redacted,0.588,Food Establishment,Restaurant,,,LONDONDERRY,WINDHAM,,,,,1
471733.9553,81907.11936,739,redacted,0.16837,Food Establishment,School,,,LONDONDERRY,WINDHAM,,,,,1
482433.5364,41567.34483,741,redacted,0.756,Food Establishment,Lodging,,,MARLBORO,WINDHAM,,,,,1
480813.1248,37683.63102,742,redacted,0.16611,Food Establishment,Cafeteria,,,MARLBORO,WINDHAM,,,,,1
478278.0385,40023.98605,743,redacted,0.26,Food Establishment,Restaurant,,,MARLBORO,WINDHAM,,,,,1
481579.4095,39925.49049,744,redacted,0.21,Food Establishment,B&B,,,MARLBORO,WINDHAM,,,,,1
476036.0442,39231.59644,745,redacted,0.18,Food Establishment,Grocery,,,MARLBORO,WINDHAM,,,,,1
482047.9892,40979.57846,746,redacted,0.05311,Food Establishment,School,,,MARLBORO,WINDHAM,,,,,1
487430.3996,57497.54599,747,redacted,0.26,Food Establishment,Restaurant,,,NEWFANE,WINDHAM,,,,,1
487753.1809,51098.23854,749,redacted,0.058195,Food Establishment,School,,,NEWFANE,WINDHAM,,,,,1
487203.8774,54054.19967,750,redacted,0.7875,Food Establishment,Lodging,,,NEWFANE,WINDHAM,,,,,1
484207.7807,52760.70707,751,redacted,0.063,Food Establishment,Lodging,,,NEWFANE,WINDHAM,,,,,1
487111.1168,52432.47721,753,redacted,0.504,Food Establishment,Restaurant,,,NEWFANE,WINDHAM,,,,,1
483095.8408,48408.68441,754,redacted,0.05,Food Establishment,Caterer,,,NEWFANE,WINDHAM,,,,,1
487153.6739,53376.65151,755,redacted,0.063,Food Establishment,Restaurant,,,NEWFANE,WINDHAM,,,,,1
487309.2419,53698.51932,756,redacted,0.168,Food Establishment,Restaurant,,,NEWFANE,WINDHAM,,,,,1
487391.5174,54087.17857,758,redacted,0.055,Food Establishment,Convenience Store,,,NEWFANE,WINDHAM,,,,,1
487383.3618,54087.19358,759,redacted,0.26,Food Establishment,Restaurant,,,NEWFANE,WINDHAM,,,,,1
487841.4526,54863.98825,760,redacted,,Food Manufacturer,Dairy,Cheese,,NEWFANE,WINDHAM,,,,,1
487152.7787,52898.97149,761,redacted,1.05,Food Establishment,Restaurant,,,NEWFANE,WINDHAM,,,,,1
487152.7787,52898.97149,762,redacted,0.13,Food Establishment,Bakery,,,NEWFANE,WINDHAM,,,,,1
498735.736,53242.53351,764,redacted,0.267245,Food Establishment,College/University,,,PUTNEY,WINDHAM,,,,,1
496664.5906,54509.63732,765,redacted,0.18,Food Establishment,Grocery,Farmers' Market,,PUTNEY,WINDHAM,,,,,1
498246.2184,52753.85262,766,redacted,0.525,Food Establishment,Restaurant,,,PUTNEY,WINDHAM,,,,,1
498180.9673,52776.08727,767,redacted,0.26,Food Establishment,Restaurant,,,PUTNEY,WINDHAM,,,,,1
498180.9673,52776.08727,768,redacted,0.945,Food Establishment,Restaurant,,,PUTNEY,WINDHAM,,,,,1
497683.7935,53987.10081,769,redacted,0.087885,Food Establishment,School,,,PUTNEY,WINDHAM,,,,,1
497374.7556,56275.63973,770,redacted,0.05,Food Establishment,Caterer,,,PUTNEY,WINDHAM,,,,,1
489146.7737,55228.38987,773,redacted,0.603636177,Food Manufacturer,Sweets,,,PUTNEY,WINDHAM,,,,,1
497756.3876,51520.91656,774,redacted,0.18,Food Establishment,Grocery,,,PUTNEY,WINDHAM,,,,,1
498654.164,53209.22253,775,redacted,0.4725,Food Establishment,Restaurant,,,PUTNEY,WINDHAM,,,,,1
498654.164,53209.22253,776,redacted,0.13,Food Establishment,Restaurant,Bars/Pubs,,PUTNEY,WINDHAM,,,,,1
498246.2553,52898.2674,777,redacted,0.084,Food Establishment,Restaurant,,,PUTNEY,WINDHAM,,,,,1
497569.2559,52976.23583,778,redacted,0.05,Food Establishment,Caterer,,,PUTNEY,WINDHAM,,,,,1
497569.2559,52976.23583,779,redacted,0.05,Food Establishment,Caterer,,,PUTNEY,WINDHAM,,,,,1
498213.6044,52809.40518,780,redacted,0.231,Food Establishment,Restaurant,,,PUTNEY,WINDHAM,,,,,1
499445.6096,56386.24791,781,redacted,0.05,Food Establishment,Caterer,,,PUTNEY,WINDHAM,,,,,1
497007.5485,55531.495,782,redacted,0.189,Food Establishment,Lodging,,,PUTNEY,WINDHAM,,,,,1
498425.3971,51542.94796,783,redacted,1.575,Food Establishment,Restaurant,,,PUTNEY,WINDHAM,,,,,1
498425.3971,51542.94796,784,redacted,0.26,Food Establishment,Restaurant,,,PUTNEY,WINDHAM,,,,,1
494324.7028,55244.36141,785,redacted,0.13,Food Establishment,Bakery,,,PUTNEY,WINDHAM,,,,,1
498156.3437,52209.54382,786,redacted,0.05,Food Establishment,Mobile Unit,,,PUTNEY,WINDHAM,,,,,1
498197.1384,52231.75061,787,redacted,0.05,Food Establishment,Home-based Business,,,PUTNEY,WINDHAM,,,,,1
502299.2203,55997.8003,788,redacted,0.26,Food Establishment,Concession Stand,,,PUTNEY,WINDHAM,,,,,1
501533.0696,54853.37179,789,redacted,0.13,Food Establishment,Home-based Business,,,PUTNEY,WINDHAM,,,,,1
498180.7463,51942.92569,790,redacted,0.26,Food Establishment,Mobile Unit,,,PUTNEY,WINDHAM,,,,,1
498327.8276,52909.35585,791,redacted,,Food Manufacturer,Alcohol Manufacturer,Wine,,PUTNEY,WINDHAM,,,,,1
498107.3419,52009.59845,792,redacted,0.72,Food Establishment,Grocery,,,PUTNEY,WINDHAM,,,,,1
440881.007,113170.5454,793,redacted,0.525,Food Establishment,Restaurant,,,PUTNEY,WINDHAM,,,,,1
498148.1199,51965.15205,794,redacted,0.18,Food Establishment,Grocery,Farmers' Market,,PUTNEY,WINDHAM,,,,,1
498107.3419,52009.59845,795,redacted,0.72,Food Establishment,Restaurant,,,PUTNEY,WINDHAM,,,,,1
504287.5592,70662.66033,796,redacted,0.42,Food Establishment,Restaurant,,,BELLOWS FALLS,WINDHAM,,,,,1
504254.9814,70718.18566,797,redacted,0.7875,Food Establishment,Restaurant,,,ROCKINGHAM,WINDHAM,,,,,1
504165.4817,70729.23954,798,redacted,0.26,Food Establishment,Restaurant,,,BELLOWS FALLS,WINDHAM,,,,,1
504165.4817,70729.23954,799,redacted,0.13,Food Establishment,Restaurant,Deli,,ROCKINGHAM,WINDHAM,,,,,1
499593.6166,77460.15571,800,redacted,0.05,Food Establishment,Caterer,,,ROCKINGHAM,WINDHAM,,,,,1
504369.1093,70362.76521,801,redacted,0.06441,Food Establishment,School,,,SAXTONS RIVER,WINDHAM,,,,,1
504377.4522,70040.60554,802,redacted,0.26,Food Establishment,Restaurant,,,ROCKINGHAM,WINDHAM,,,,,1
504482.9057,70529.47623,803,redacted,0.26,Food Establishment,Restaurant,,,ROCKINGHAM,WINDHAM,,,,,1
504466.6702,70473.91985,804,redacted,0.1155,Food Establishment,Caterer,,,ROCKINGHAM,WINDHAM,,,,,1
499422.3856,70972.39266,805,redacted,0.72,Food Establishment,Caterer,,,ROCKINGHAM,WINDHAM,,,,,1
456501.5389,135428.1044,806,redacted,0.18,Food Establishment,Convenience Store,,,PITTSFORD,RUTLAND,,,,,1
456501.5389,135428.1044,807,redacted,0.05,Food Establishment,Caterer,,,PITTSFORD,RUTLAND,,,,,1
440153.5344,113199.1993,809,redacted,,Food Manufacturer,Food Processor,,,POULTNEY,RUTLAND,,,,,1
486469.6603,277439.4506,810,redacted,0.26,Food Establishment,Restaurant,,,POULTNEY,RUTLAND,,,,,1
461911.9927,123229.0165,811,redacted,0.189,Food Establishment,Convenience Store,,,POULTNEY,RUTLAND,,,,,1
443016.6455,114240.9689,812,redacted,0.18,Food Establishment,Convenience Store,,,POULTNEY,RUTLAND,,,,,1
440525.65,113218.1208,813,redacted,0.231,Food Establishment,Restaurant,,,POULTNEY,RUTLAND,,,,,1
440994.4925,113202.8814,816,redacted,0.041475,Food Establishment,Caterer,,,POULTNEY,RUTLAND,,,,,1
440493.7024,113262.8465,818,redacted,0.5145,Food Establishment,Bar,,,POULTNEY,RUTLAND,,,,,1
440713.1756,113394.2383,819,redacted,0.05,Food Establishment,Private Club,,,POULTNEY,RUTLAND,,,,,1
445149.7588,117067.5743,820,redacted,,Food Manufacturer,Food Processor,,,POULTNEY,RUTLAND,,,,,1
440413.0481,113285.7821,821,redacted,0.18,Food Establishment,Grocery,,,POULTNEY,RUTLAND,,,,,1
440413.0481,113285.7821,822,redacted,0.05,Food Establishment,Convenience Store,,,POULTNEY,RUTLAND,,,,,1
440388.2021,113219.3374,823,redacted,0.13,Food Establishment,Restaurant,Deli,,POULTNEY,RUTLAND,,,,,1
440347.8747,113230.8056,824,redacted,0.441,Food Establishment,Restaurant,,,POULTNEY,RUTLAND,,,,,1
440703.5238,113216.5506,825,redacted,0.3675,Food Establishment,Restaurant,,,POULTNEY,RUTLAND,,,,,1
440703.5238,113216.5506,826,redacted,0.26,Food Establishment,Restaurant,,,POULTNEY,RUTLAND,,,,,1
440339.7896,113230.8773,827,redacted,0.26,Food Establishment,Restaurant,,,POULTNEY,RUTLAND,,,,,1
443285.2736,109661.0912,828,redacted,0.21,Food Establishment,Restaurant,,,POULTNEY,RUTLAND,,,,,1
440469.8403,113307.5009,829,redacted,0.26,Food Establishment,Restaurant,,,POULTNEY,RUTLAND,,,,,1
441230.0305,113323.0382,830,redacted,0.72,Food Establishment,Grocery,,,POULTNEY,RUTLAND,,,,,1
443184.1709,109184.1852,831,redacted,0.13,Food Establishment,Restaurant,Concession,,POULTNEY,RUTLAND,,,,,1
440023.8579,118600.2345,832,redacted,0.13,Food Establishment,Bakery,,,POULTNEY,RUTLAND,,,,,1
443328.7625,109060.7501,833,redacted,0.05,Food Establishment,Caterer,,,POULTNEY,RUTLAND,,,,,1
440103.8363,113066.3118,834,redacted,0.063,Food Establishment,B&B,,,POULTNEY,RUTLAND,,,,,1
440389.4819,113363.7665,835,redacted,0.72,Food Establishment,Bakery,,,POULTNEY,RUTLAND,,,,,1
440355.3689,113164.0743,836,redacted,0.05,Food Establishment,Caterer,,,POULTNEY,RUTLAND,,,,,1
443975.9339,108077.6022,837,redacted,0.063,Food Establishment,Lodging,,,POULTNEY,RUTLAND,,,,,1
440363.545,114086.1994,838,redacted,0.13334,Food Establishment,School,,,POULTNEY,RUTLAND,,,,,1
443028.2176,107963.3317,839,redacted,0.18,Food Establishment,Caterer,,,POULTNEY,RUTLAND,,,,,1
455829.5721,128854.9628,840,redacted,0.13,Food Establishment,Bakery,,,PROCTOR,RUTLAND,,,,,1
456565.975,129216.796,841,redacted,0.095485,Food Establishment,School,,,PROCTOR,RUTLAND,,,,,1
456436.4891,129150.9735,842,redacted,0.26,Food Establishment,Restaurant,,,PROCTOR,RUTLAND,,,,,1
456413.3045,129306.6737,844,redacted,0.756,Food Establishment,Bar,,,PROCTOR,RUTLAND,,,,,1
456168.5706,128886.0666,845,redacted,0.18,Food Establishment,Grocery,,,PROCTOR,RUTLAND,,,,,1
457311.2019,128445.3678,846,redacted,0.026775,Food Establishment,School,,,PROCTOR,RUTLAND,,,,,1
456840.4972,129259.4628,847,redacted,,Food Manufacturer,Alcohol Manufacturer,Wine,,PROCTOR,RUTLAND,,,,,1
456119.3726,128764.1716,848,redacted,0.26,Food Establishment,Restaurant,,,PROCTOR,RUTLAND,,,,,1
456686.6018,129160.461,849,redacted,0.05,Food Establishment,Caterer,,,PROCTOR,RUTLAND,,,,,1
464094.8569,125316.8427,850,redacted,0.105,Nursing/Assisted Living,Residential Facility,,,RUTLAND,RUTLAND,,,,,1
462625.1347,123713.863,851,redacted,0.336,Food Establishment,Restaurant,,,RUTLAND,RUTLAND,,,,,1
461681.0001,122363.7183,852,redacted,0.13,Food Establishment,Bakery,,,RUTLAND,RUTLAND,,,,,1
461681.0001,122363.7183,853,redacted,0.13,Food Establishment,Bakery,,,RUTLAND,RUTLAND,,,,,1
461417.563,122887.419,854,redacted,0.26,Food Establishment,Restaurant,,,RUTLAND,RUTLAND,,,,,1
462154.1985,124660.893,855,redacted,0.05,Food Establishment,Caterer,,,RUTLAND,RUTLAND,,,,,1
461928.3909,123273.3651,856,redacted,0.18,Food Establishment,Restaurant,,,RUTLAND,RUTLAND,,,,,1
461082.302,122156.0668,857,redacted,0.18,Food Establishment,Grocery,"Beer, wine, liquor store",,RUTLAND,RUTLAND,,,,,1
461082.302,122156.0668,858,redacted,0.18,Food Establishment,Grocery,"Beer, wine, liquor store",,RUTLAND,RUTLAND,,,,,1
462638.1862,120258.4545,859,redacted,0.13,Food Establishment,Restaurant,Concession,,RUTLAND,RUTLAND,,,,,1
461032.496,123311.8426,861,redacted,0.18,Food Establishment,Convenience Store,,,RUTLAND,RUTLAND,,,,,1
461786.2782,122418.6699,862,redacted,0.3885,Food Establishment,Restaurant,,,RUTLAND,RUTLAND,,,,,1
461281.9198,123165.962,863,redacted,0.42,Food Establishment,Restaurant,,,RUTLAND,RUTLAND,,,,,1
455793.6127,122177.7229,864,redacted,0.18,Food Establishment,Grocery,"Beer, wine, liquor store",,RUTLAND,RUTLAND,,,,,1
457868.1336,122075.489,865,redacted,0.05,Food Establishment,Caterer,,,RUTLAND,RUTLAND,,,,,1
462700.9381,124280.0732,866,redacted,0.141815,Food Establishment,School,,,RUTLAND,RUTLAND,,,,,1
462018.7657,123550.6137,867,redacted,0.168,Food Establishment,Restaurant,,,RUTLAND,RUTLAND,,,,,1
461321.2597,122987.9678,868,redacted,0.21,Food Establishment,Restaurant,,,RUTLAND,RUTLAND,,,,,1
464298.418,130193.2535,869,redacted,0.26,Food Establishment,Restaurant,,,RUTLAND,RUTLAND,,,,,1
461451.4529,123164.9853,871,redacted,0.441,Food Establishment,Bar,,,RUTLAND,RUTLAND,,,,,1
461225.6015,123199.6187,873,redacted,1.47,Food Establishment,Restaurant,,,RUTLAND,RUTLAND,,,,,1
462690.9498,123935.7051,874,redacted,0.819,Food Establishment,Restaurant,,,RUTLAND,RUTLAND,,,,,1
460846.8858,123324.0342,875,redacted,0.6825,Food Establishment,Restaurant,,,RUTLAND,RUTLAND,,,,,1
461337.278,122965.6545,876,redacted,0.735,Food Establishment,Restaurant,,,RUTLAND,RUTLAND,,,,,1
461019.8382,123911.8813,877,redacted,0.18,Food Establishment,Convenience Store,,,RUTLAND,RUTLAND,,,,,1
460826.8467,122657.5238,878,redacted,0.28875,Nursing/Assisted Living,Residential Facility,,,RUTLAND,RUTLAND,,,,,1
460826.8467,122657.5238,879,redacted,0.0105,Nursing/Assisted Living,Residential Facility,,,RUTLAND,RUTLAND,,,,,1
462739.9997,124046.5367,880,redacted,0.05,Food Establishment,Restaurant,,,RUTLAND,RUTLAND,,,,,1
460711.3404,123613.6992,881,redacted,0.13,Food Establishment,Restaurant,Bars/Pubs,,RUTLAND,RUTLAND,,,,,1
462747.8247,124002.0515,882,redacted,0.882,Food Establishment,Restaurant,,,RUTLAND,RUTLAND,,,,,1
461229.6137,121099.7233,883,redacted,0.18,Food Establishment,Grocery,,,RUTLAND,RUTLAND,,,,,1
461954.8219,122239.945,884,redacted,0.2625,Food Establishment,Restaurant,,,RUTLAND,RUTLAND,,,,,1
460671.1736,123647.266,885,redacted,0.72,Food Establishment,Grocery,,,RUTLAND,RUTLAND,,,,,1
461889.1631,123473.5759,886,redacted,0.72,Food Establishment,Grocery,,,RUTLAND,RUTLAND,,,,,1
462067.4825,122172.6445,887,redacted,0.3675,Food Establishment,Bakery,,,RUTLAND,RUTLAND,,,,,1
460270.9515,122860.7818,889,redacted,0.13,Food Establishment,Bakery,,,RUTLAND,RUTLAND,,,,,1
461305.4978,123054.7214,890,redacted,0.18,Food Establishment,Grocery,,,RUTLAND,RUTLAND,,,,,1
462077.9435,122594.7814,891,redacted,0.26,Food Establishment,Restaurant,,,RUTLAND,RUTLAND,,,,,1
461994.4371,122106.3954,892,redacted,0.294,Food Establishment,Restaurant,,,RUTLAND,RUTLAND,,,,,1
462821.2119,124134.9694,893,redacted,0.26,Food Establishment,Restaurant,,,RUTLAND,RUTLAND,,,,,1
464068.9184,124994.7791,894,redacted,0.378,Nursing/Assisted Living,Residential Facility,,,RUTLAND,RUTLAND,,,,,1
462861.6941,124156.9659,895,redacted,1.281,Food Establishment,Restaurant,,,RUTLAND,RUTLAND,,,,,1
462002.2597,122061.9095,896,redacted,0.26,Food Establishment,Restaurant,,,RUTLAND,RUTLAND,,,,,1
463254.0846,122110.4878,897,redacted,0.987,Hospital,,,,RUTLAND,RUTLAND,,,,,1
462616.9716,126591.5177,898,redacted,0.197185,Food Establishment,School,,,RUTLAND,RUTLAND,,,,,1
463153.2085,122855.4381,899,redacted,0.0525,Nursing/Assisted Living,Residential Facility,,,RUTLAND,RUTLAND,,,,,1
462206.1224,120983.0486,901,redacted,0.26,Food Establishment,Restaurant,,,RUTLAND,RUTLAND,,,,,1
462942.5349,124178.7394,902,redacted,0.05,Food Establishment,Caterer,,,RUTLAND,RUTLAND,,,,,1
460394.808,123326.689,903,redacted,0.6195,Correctional Facility,,,,RUTLAND,RUTLAND,,,,,1
459347.0568,126277.2468,904,redacted,0.05,Food Establishment,Convenience Store,,,RUTLAND,RUTLAND,,,,,1
463197.9045,123644.0322,905,redacted,0.13,Food Establishment,Home-based Business,,,RUTLAND,RUTLAND,,,,,1
462147.1587,121983.3174,906,redacted,0.26,Food Establishment,Restaurant,,,RUTLAND,RUTLAND,,,,,1
461372.2702,122032.1761,907,redacted,0.72,Food Establishment,Grocery,,,RUTLAND,RUTLAND,,,,,1
462066.1004,121928.2232,908,redacted,0.357,Food Establishment,Bar,Bars/Pubs,,RUTLAND,RUTLAND,,,,,1
463470.5301,124786.9154,909,redacted,0.63,Food Establishment,Restaurant,,,RUTLAND,RUTLAND,,,,,1
462106.0336,121850.2246,910,redacted,1.638,Food Establishment,Restaurant,,,RUTLAND,RUTLAND,,,,,1
463023.4978,124222.7341,911,redacted,0.18,Food Establishment,Grocery,"Beer, wine, liquor store",,RUTLAND,RUTLAND,,,,,1
462519.3964,120681.3112,913,redacted,0.13,Food Establishment,Bakery,,,RUTLAND,RUTLAND,,,,,1
463120.1819,122722.2947,914,redacted,0.0315,Nursing/Assisted Living,Residential Facility,,,RUTLAND,RUTLAND,,,,,1
462550.3836,121892.1711,915,redacted,0.063,Nursing/Assisted Living,Residential Facility,,,RUTLAND,RUTLAND,,,,,1
461305.2414,123010.2811,917,redacted,0.504,Food Establishment,Bar,,,RUTLAND,RUTLAND,,,,,1
462251.616,124760.3379,918,redacted,0.0315,Nursing/Assisted Living,Residential Facility,,,RUTLAND,RUTLAND,,,,,1
460286.7036,122794.0257,919,redacted,0.18,Food Establishment,Grocery,Online market,,RUTLAND,RUTLAND,,,,,1
463145.3676,124366.4987,920,redacted,1.071,Food Establishment,Restaurant,,,RUTLAND,RUTLAND,,,,,1
461169.4768,123266.6062,921,redacted,0.2625,Food Establishment,Private Club,,,RUTLAND,RUTLAND,,,,,1
461560.7532,125330.8986,922,redacted,0.882,Food Establishment,Restaurant,,,RUTLAND,RUTLAND,,,,,1
462112.7907,121616.8678,923,redacted,0.18,Food Establishment,Convenience Store,,,RUTLAND,RUTLAND,,,,,1
461833.4768,123618.3285,924,redacted,0.72,Food Establishment,Grocery,,,RUTLAND,RUTLAND,,,,,1
461833.4768,123618.3285,925,redacted,0.05,Food Establishment,Convenience Store,,,RUTLAND,RUTLAND,,,,,1
463194.0408,124410.673,926,redacted,0.63,Food Establishment,Restaurant,,,RUTLAND,RUTLAND,,,,,1
461607.3935,125019.5378,927,redacted,0.3675,Food Establishment,Restaurant,,,RUTLAND,RUTLAND,,,,,1
461607.3935,125019.5378,928,redacted,0.18,Food Establishment,Convenience Store,,,RUTLAND,RUTLAND,,,,,1
463210.3667,124443.9147,929,redacted,0.5145,Food Establishment,Restaurant,,,RUTLAND,RUTLAND,,,,,1
462079.0742,122794.7627,930,redacted,0.126,Food Establishment,,Deli,,RUTLAND,RUTLAND,,,,,1
461779.0273,122563.1468,931,redacted,0.03675,Nursing/Assisted Living,Residential Facility,,,RUTLAND,RUTLAND,,,,,1
463306.1903,124254.5122,932,redacted,0.160125,Food Establishment,School,,,RUTLAND,RUTLAND,,,,,1
463218.4992,124454.9805,933,redacted,0.18,Food Establishment,Grocery,Specialty foods,,RUTLAND,RUTLAND,,,,,1
461712.1231,124985.6073,934,redacted,1.7325,Food Establishment,Restaurant,,,RUTLAND,RUTLAND,,,,,1
463267.2931,124521.3756,935,redacted,0.26,Food Establishment,Restaurant,,,RUTLAND,RUTLAND,,,,,1
461329.7172,123054.5817,937,redacted,0.26,Food Establishment,Restaurant,,,RUTLAND,RUTLAND,,,,,1
461329.7172,123054.5817,938,redacted,2.1,Food Establishment,Restaurant,,,RUTLAND,RUTLAND,,,,,1
461710.4234,123274.6061,939,redacted,0.13,Food Establishment,Bakery,,,RUTLAND,RUTLAND,,,,,1
467730.0248,127698.1973,940,redacted,0.13,Food Establishment,Restaurant,Bars/Pubs,,RUTLAND,RUTLAND,,,,,1
461218.1068,123299.6561,941,redacted,0.13,Food Establishment,Restaurant,Bars/Pubs,,RUTLAND,RUTLAND,,,,,1
461218.1068,123299.6561,942,redacted,0.483,Food Establishment,Restaurant,,,RUTLAND,RUTLAND,,,,,1
461451.1975,123120.545,943,redacted,0.05,Food Establishment,Caterer,,,RUTLAND,RUTLAND,,,,,1
458922.5611,122846.6838,944,redacted,0.05,Food Establishment,Caterer,,,RUTLAND,RUTLAND,,,,,1
461852.5002,121285.0304,945,redacted,0.72,Food Establishment,Grocery,,,RUTLAND,RUTLAND,,,,,1
462649.2279,123691.5078,947,redacted,1.575,Food Establishment,Restaurant,,,RUTLAND,RUTLAND,,,,,1
461657.3437,125285.9034,948,redacted,0.18,Food Establishment,Grocery,,,RUTLAND,RUTLAND,,,,,1
463439.0944,124942.633,949,redacted,0.26,Food Establishment,Restaurant,,,RUTLAND,RUTLAND,,,,,1
461616.7369,125241.6939,951,redacted,0.26,Food Establishment,Restaurant,,,RUTLAND,RUTLAND,,,,,1
460720.5856,125191.3338,952,redacted,1.827,Food Establishment,Restaurant,,,RUTLAND,RUTLAND,,,,,1
463520.1657,125008.8539,953,redacted,0.26,Food Establishment,Restaurant,,,RUTLAND,RUTLAND,,,,,1
463520.1657,125008.8539,954,redacted,1.323,Food Establishment,Restaurant,,,RUTLAND,RUTLAND,,,,,1
462132.3134,120783.4776,955,redacted,0.26,Food Establishment,Restaurant,,,RUTLAND,RUTLAND,,,,,1
463922.6285,123306.7814,956,redacted,0.18,Food Establishment,Grocery,Specialty foods,,RUTLAND,RUTLAND,,,,,1
461353.7446,123021.1118,957,redacted,8.925,Food Establishment,Restaurant,,,RUTLAND,RUTLAND,,,,,1
460884.7875,122901.6156,958,redacted,0.18,Food Establishment,Convenience Store,,,RUTLAND,RUTLAND,,,,,1
461941.6996,122773.32,959,redacted,0.72,Food Establishment,Grocery,,,RUTLAND,RUTLAND,,,,,1
462062.143,121228.2898,960,redacted,0.05,Food Establishment,Grocery,,,RUTLAND,RUTLAND,,,,,1
462062.143,121228.2898,961,redacted,2.1,Food Establishment,Restaurant,,,RUTLAND,RUTLAND,,,,,1
461872.1966,123329.2366,963,redacted,0.26,Food Establishment,Restaurant,,,RUTLAND,RUTLAND,,,,,1
461579.4753,122964.2626,964,redacted,2.1,Food Establishment,Private Club,,,RUTLAND,RUTLAND,,,,,1
461563.3288,122964.3552,965,redacted,0.0735,Nursing/Assisted Living,Residential Facility,,,RUTLAND,RUTLAND,,,,,1
462445.0963,120392.8566,966,redacted,0.05,Food Establishment,Caterer,,,RUTLAND,RUTLAND,,,,,1
463560.7612,125053.0748,967,redacted,0.055,Food Establishment,Caterer,,,RUTLAND,RUTLAND,,,,,1
461497.6586,122775.8543,968,redacted,2.1,Food Establishment,Restaurant,,,RUTLAND,RUTLAND,,,,,1
462236.5494,120649.5656,969,redacted,2.3625,Food Establishment,Restaurant,,,RUTLAND,RUTLAND,,,,,1
461370.1469,123065.4591,970,redacted,0.18,Food Establishment,Grocery,Specialty foods,,RUTLAND,RUTLAND,,,,,1
459891.9014,122929.7008,971,redacted,0.18,Food Establishment,Convenience Store,,,RUTLAND,RUTLAND,,,,,1
462649.1041,123669.2877,972,redacted,0.72,Food Establishment,Grocery,,,RUTLAND,RUTLAND,,,,,1
461451.0059,123087.2147,973,redacted,0.05,Food Establishment,Caterer,,,RUTLAND,RUTLAND,,,,,1
463308.0147,124587.8152,974,redacted,0.18,Food Establishment,Grocery,,,RUTLAND,RUTLAND,,,,,1
459962.8884,121296.039,975,redacted,0.26,Food Establishment,Restaurant,,,RUTLAND,RUTLAND,,,,,1
461708.2032,122885.7534,978,redacted,1.3125,Food Establishment,Private Club,,,RUTLAND,RUTLAND,,,,,1
462155.1627,120538.9202,979,redacted,0.63,Food Establishment,Restaurant,,,RUTLAND,RUTLAND,,,,,1
461577.8842,122686.5108,980,redacted,0.2625,Food Establishment,Bar,Bars/Pubs,,RUTLAND,RUTLAND,,,,,1
462516.7907,120214.6899,982,redacted,0.26,Food Establishment,Restaurant,,,RUTLAND,RUTLAND,,,,,1
460063.9549,123350.8721,984,redacted,0.05,Food Manufacturer,Caterer,,,RUTLAND,RUTLAND,,,,,1
461695.7373,123530.2303,985,redacted,0.64575,Nursing/Assisted Living,Residential Facility,,,RUTLAND,RUTLAND,,,,,1
462066.1994,120517.2016,986,redacted,0.357,Food Establishment,Lodging,,,RUTLAND,RUTLAND,,,,,1
462180.655,123627.4718,987,redacted,0.05,Food Establishment,Restaurant,,,RUTLAND,RUTLAND,,,,,1
462065.7599,120439.4314,988,redacted,8.715,Food Establishment,Lodging,,,RUTLAND,RUTLAND,,,,,1
461402.2476,123031.943,989,redacted,0.26,Food Establishment,Restaurant,,,RUTLAND,RUTLAND,,,,,1
461402.2476,123031.943,990,redacted,0.714,Food Establishment,Restaurant,,,RUTLAND,RUTLAND,,,,,1
461942.2669,122873.3106,991,redacted,0.063,Nursing/Assisted Living,Residential Facility,,,RUTLAND,RUTLAND,,,,,1
461409.2979,122854.1353,992,redacted,0.05,Food Establishment,Caterer,,,RUTLAND,RUTLAND,,,,,1
464721.3665,126280.1229,993,redacted,0.05,Food Establishment,Caterer,,,RUTLAND,RUTLAND,,,,,1
461425.9559,122942.923,994,redacted,0.441,Food Establishment,Restaurant,,,RUTLAND,RUTLAND,,,,,1
461674.8221,124108.0935,995,redacted,0.26,Food Establishment,Restaurant,,,RUTLAND,RUTLAND,,,,,1
461561.8007,122697.7134,996,redacted,0.13,Food Establishment,Bakery,,,RUTLAND,RUTLAND,,,,,1
462331.7783,120349.0501,998,redacted,2.205,Food Establishment,Restaurant,,,RUTLAND,RUTLAND,,,,,1
461193.6311,123255.3559,999,redacted,0.9975,Food Establishment,Restaurant,,,RUTLAND,RUTLAND,,,,,1
461434.5403,123031.7572,1000,redacted,0.18375,Food Establishment,Bar,Bars/Pubs,,RUTLAND,RUTLAND,,,,,1
460713.6208,122624.8546,1001,redacted,0.29925,Nursing/Assisted Living,Residential Facility,,,RUTLAND,RUTLAND,,,,,1
461228.6208,123721.7928,1002,redacted,0.221555,Food Establishment,School,,,RUTLAND,RUTLAND,,,,,1
461228.6208,123721.7928,1003,redacted,0.05355,School,School,,,RUTLAND,RUTLAND,,,,,1
461666.0586,122574.9019,1004,redacted,0.252,Food Establishment,Restaurant,,,RUTLAND,RUTLAND,,,,,1
462552.1202,122203.2528,1005,redacted,0.06825,Nursing/Assisted Living,Residential Facility,,,RUTLAND,RUTLAND,,,,,1
461892.3119,122606.9439,1006,redacted,0.0315,Nursing/Assisted Living,Residential Facility,,,RUTLAND,RUTLAND,,,,,1
461861.5665,128551.227,1007,redacted,0.05,Food Establishment,Caterer,,,RUTLAND,RUTLAND,,,,,1
461434.1569,122965.0967,1008,redacted,0.72,Food Establishment,Grocery,,,RUTLAND,RUTLAND,,,,,1
461434.1569,122965.0967,1009,redacted,0.72,Food Establishment,Grocery,,,RUTLAND,RUTLAND,,,,,1
462141.5801,120994.5228,1010,redacted,,Food Manufacturer,Bakery,Bread/related products,,RUTLAND,RUTLAND,,,,,1
460432.2225,122826.4971,1011,redacted,0.05,Food Establishment,Caterer,,,RUTLAND,RUTLAND,,,,,1
460332.6574,123738.144,1012,redacted,0.153115,Food Establishment,School,,,RUTLAND,RUTLAND,,,,,1
462305.116,119915.895,1013,redacted,0.26,Food Establishment,Restaurant,,,RUTLAND,RUTLAND,,,,,1
462305.116,119915.895,1014,redacted,0.05,Food Establishment,Caterer,,,RUTLAND,RUTLAND,,,,,1
462288.8998,119904.8757,1015,redacted,0.72,Food Establishment,Grocery,,,RUTLAND,RUTLAND,,,,,1
460801.7461,125268.6321,1016,redacted,0.063,Food Establishment,B&B,,,RUTLAND,RUTLAND,,,,,1
461722.1308,122496.8086,1017,redacted,0.26,Food Establishment,Restaurant,,,RUTLAND,RUTLAND,,,,,1
461121.5548,123355.7675,1018,redacted,0.13,Food Establishment,Restaurant,Bars/Pubs,,RUTLAND,RUTLAND,,,,,1
461121.5548,123355.7675,1019,redacted,0.504,Food Establishment,Restaurant,,,RUTLAND,RUTLAND,,,,,1
460566.6894,123725.653,1020,redacted,0.72,Food Establishment,Convenience Store,,,RUTLAND,RUTLAND,,,,,1
462719.3313,121780.1262,1022,redacted,0.8295,Nursing/Assisted Living,Residential Facility,,,RUTLAND,RUTLAND,,,,,1
461097.3365,123355.908,1023,redacted,0.3465,Food Establishment,Restaurant,,,RUTLAND,RUTLAND,,,,,1
461089.2637,123355.9548,1024,redacted,0.13,Food Establishment,Restaurant,Deli,,RUTLAND,RUTLAND,,,,,1
461762.2465,122452.1381,1025,redacted,0.252,Food Establishment,Restaurant,,,RUTLAND,RUTLAND,,,,,1
461048.8353,123345.079,1026,redacted,0.21,Food Establishment,Restaurant,,,RUTLAND,RUTLAND,,,,,1
461257.059,123055.001,1027,redacted,0.8925,Food Establishment,Restaurant,,,RUTLAND,RUTLAND,,,,,1
462761.6164,122124.3138,1028,redacted,0.65625,Nursing/Assisted Living,Residential Facility,,,RUTLAND,RUTLAND,,,,,1
462500.8238,120248.1102,1029,redacted,0.05,Food Establishment,Caterer,,,RUTLAND,RUTLAND,,,,,1
459051.1929,122757.0133,1030,redacted,0.18,Food Establishment,Convenience Store,,,RUTLAND,RUTLAND,,,,,1
462025.6022,121906.2315,1032,redacted,0.189,Food Establishment,Restaurant,,,RUTLAND,RUTLAND,,,,,1
463254.0846,122110.4878,1033,redacted,2.373,Food Establishment,Hospital,,,RUTLAND,RUTLAND,,,,,1
461361.1777,122909.9645,1034,redacted,0.05,Food Establishment,Caterer,,,RUTLAND,RUTLAND,,,,,1
460625.5665,125502.9855,1035,redacted,0.18,Food Establishment,Grocery,,,RUTLAND CITY,RUTLAND,,,,,1
461681.0001,122363.7183,1036,redacted,2.8875,Food Establishment,Restaurant,,,RUTLAND,RUTLAND,,,,,1
461681.0001,122363.7183,1037,redacted,0.13,Food Establishment,Bakery,,,RUTLAND,RUTLAND,,,,,1
461681.0001,122363.7183,1038,redacted,0.13,Food Establishment,Bakery,,,RUTLAND,RUTLAND,,,,,1
461201.3184,123188.6487,1040,redacted,0.26,Food Establishment,Restaurant,,,RUTLAND CITY,RUTLAND,,,,,1
461457.6743,122842.7466,1041,redacted,0.13,Food Establishment,Bakery,,,RUTLAND CITY,RUTLAND,,,,,1
456396.0035,121684.9168,1042,redacted,0.18,Food Establishment,Convenience Store,,,RUTLAND,RUTLAND,,,,,1
462028.0549,122339.5239,1043,redacted,0.05,Food Establishment,,,,RUTLAND,RUTLAND,,,,,1
461459.079,123087.1683,1044,redacted,0.13,Food Establishment,Restaurant,Bars/Pubs,,RUTLAND CITY,RUTLAND,,,,,1
461019.8382,123911.8813,1046,redacted,0.18,Food Establishment,Grocery,,,RUTLAND CITY,RUTLAND,,,,,1
461088.0388,123144.8632,1047,redacted,0.13,Food Establishment,Bar,Bars/Pubs,,RUTLAND,RUTLAND,,,,,1
461976.8911,123284.2004,1048,redacted,0.13,Food Establishment,Bakery,,,RUTLAND,RUTLAND,,,,,1
461684.4815,124385.7998,1049,redacted,0.18,Food Establishment,Convenience Store,,,RUTLAND,RUTLAND,,,,,1
460669.2838,123325.0735,1050,redacted,0.252,Food Establishment,Restaurant,,,RUTLAND,RUTLAND,,,,,1
460943.7596,123323.4693,1051,redacted,0.13,Food Establishment,Restaurant,Bars/Pubs,,RUTLAND CITY,RUTLAND,,,,,1
462067.1056,122105.9841,1053,redacted,1.05,Food Establishment,Bar,Bars/Pubs,,RUTLAND,RUTLAND,,,,,1
462002.2597,122061.9095,1054,redacted,0.168,Food Establishment,Restaurant,,,RUTLAND,RUTLAND,,,,,1
461372.2702,122032.1761,1055,redacted,0.18,Food Establishment,Convenience Store,,,RUTLAND,RUTLAND,,,,,1
463096.3267,124255.6641,1056,redacted,0.18,Food Establishment,Convenience Store,,,RUTLAND,RUTLAND,,,,,1
460975.0811,123156.6301,1057,redacted,0.13,Food Establishment,Restaurant,Bars/Pubs,,RUTLAND CITY,RUTLAND,,,,,1
461305.2414,123010.2811,1058,redacted,0.13,Food Establishment,Restaurant,Bars/Pubs,,RUTLAND CITY,RUTLAND,,,,,1
462137.7049,121738.9417,1059,redacted,0.26,Food Establishment,Restaurant,,,RUTLAND CITY,RUTLAND,,,,,1
461631.1606,124941.6284,1060,redacted,0.18,Food Establishment,Grocery,,,RUTLAND CITY,RUTLAND,,,,,1
461833.4768,123618.3285,1061,redacted,0.18,Food Establishment,Grocery,,,RUTLAND CITY,RUTLAND,,,,,1
461329.7172,123054.5817,1062,redacted,0.13,Food Establishment,Bakery,,,RUTLAND CITY,RUTLAND,,,,,1
462071.2231,121406.005,1063,redacted,0.18,Food Establishment,Convenience Store,,,RUTLAND,RUTLAND,,,,,1
462041.5368,123294.9446,1064,redacted,0.13,Food Establishment,Restaurant,Deli,,RUTLAND CITY,RUTLAND,,,,,1
461451.1975,123120.545,1065,redacted,1.05,Food Establishment,Restaurant,,,RUTLAND,RUTLAND,,,,,1
462159.4229,121294.403,1066,redacted,0.18,Food Establishment,Grocery,,,RUTLAND CITY,RUTLAND,,,,,1
461394.1105,123020.8793,1067,redacted,0.105,Food Establishment,Restaurant,Deli,,RUTLAND,RUTLAND,,,,,1
462649.2279,123691.5078,1068,redacted,0.26,Food Establishment,Restaurant,,,RUTLAND CITY,RUTLAND,,,,,1
461537.0521,125419.9185,1069,redacted,0.525,Food Establishment,Restaurant,,,RUTLAND,RUTLAND,,,,,1
461283.331,123410.3838,1070,redacted,0.05,Food Establishment,Home-based Business,,,RUTLAND,RUTLAND,,,,,1
460190.0199,122827.9303,1071,redacted,0.1875,Food Establishment,Caterer,,,RUTLAND CITY,RUTLAND,,,,,1
461451.1336,123109.4349,1072,redacted,0.18375,Food Establishment,Bar,Bars/Pubs,,RUTLAND,RUTLAND,,,,,1
462657.1765,123669.2427,1073,redacted,0.05,Food Establishment,Caterer,,,RUTLAND,RUTLAND,,,,,1
461451.0059,123087.2147,1074,redacted,0.13,Food Establishment,Restaurant,Deli,,RUTLAND CITY,RUTLAND,,,,,1
459819.1751,122919.0256,1075,redacted,0.525,Food Establishment,Restaurant,,,RUTLAND,RUTLAND,,,,,1
459366.1273,122766.2084,1076,redacted,0.18,Food Establishment,Convenience Store,,,RUTLAND,RUTLAND,,,,,1
461180.7367,125210.8737,1077,redacted,0.05,Food Establishment,Caterer,,,RUTLAND CITY,RUTLAND,,,,,1
460063.9549,123350.8721,1078,redacted,0.05,Food Establishment,Caterer,,,RUTLAND CITY,RUTLAND,,,,,1
461904.6141,123351.2733,1079,redacted,0.18,Food Establishment,Grocery,,,RUTLAND CITY,RUTLAND,,,,,1
460319.0632,122804.9447,1080,redacted,0.05,Food Establishment,Private Club,,,RUTLAND CITY,RUTLAND,,,,,1
460924.4421,122779.1694,1081,redacted,0.13,Food Establishment,Bakery,,,RUTLAND CITY,RUTLAND,,,,,1
462329.7878,122871.1229,1083,redacted,0.05,Food Establishment,Caterer,,,RUTLAND CITY,RUTLAND,,,,,1
461569.8106,122686.557,1084,redacted,0.13,Food Establishment,Restaurant,Bars/Pubs,,RUTLAND,RUTLAND,,,,,1
464628.8516,125569.5428,1085,redacted,,Food Manufacturer,Alcohol Manufacturer,Brewer,,RUTLAND CITY,RUTLAND,,,,,1
461225.3446,123155.1784,1086,redacted,0.13125,Food Establishment,Restaurant,Deli,,RUTLAND,RUTLAND,,,,,1
459444.444,122365.7571,1087,redacted,0.17741,Food Establishment,College/University,,,RUTLAND,RUTLAND,,,,,1
463112.5923,124277.7955,1088,redacted,0.42,Food Establishment,Restaurant,,,RUTLAND,RUTLAND,,,,,1
460432.2225,122826.4971,1089,redacted,0.1875,Food Establishment,Caterer,,,RUTLAND CITY,RUTLAND,,,,,1
461722.1308,122496.8086,1090,redacted,0.231,Food Establishment,Restaurant,Bars/Pubs,,RUTLAND CITY,RUTLAND,,,,,1
462455.8645,123759.2504,1091,redacted,0.18,Food Establishment,Convenience Store,,,RUTLAND,RUTLAND,,,,,1
460566.6894,123725.653,1092,redacted,0.05,Food Establishment,Caterer,,,RUTLAND CITY,RUTLAND,,,,,1
461240.9769,123066.2044,1093,redacted,0.26,Food Establishment,Restaurant,,,RUTLAND CITY,RUTLAND,,,,,1
462480.5787,123847.9956,1094,redacted,0.18,Food Establishment,Grocery,,,RUTLAND CITY,RUTLAND,,,,,1
461762.2465,122452.1381,1095,redacted,0.13,Food Establishment,Bakery,,,RUTLAND CITY,RUTLAND,,,,,1
461048.8353,123345.079,1096,redacted,0.05,Food Establishment,Caterer,,,RUTLAND CITY,RUTLAND,,,,,1
461848.9264,123496.0256,1097,redacted,0.18,Food Establishment,Grocery,,,RUTLAND CITY,RUTLAND,,,,,1
471481.7271,110638.1172,1098,redacted,,Food Manufacturer,Meat/Poultry/Seafood,,,SHREWSBURY,RUTLAND,,,,,1
471470.4956,111804.7214,1099,redacted,0.315,Food Establishment,Lodging,,,SHREWSBURY,RUTLAND,,,,,1
473550.6257,114329.3203,1100,redacted,0.18,Food Establishment,Grocery,,,SHREWSBURY,RUTLAND,,,,,1
473550.6257,114329.3203,1101,redacted,0.042,Food Establishment,Bakery,,,SHREWSBURY,RUTLAND,,,,,1
473266.2881,113974.9218,1102,redacted,0.03729,Food Establishment,School,,,SHREWSBURY,RUTLAND,,,,,1
469220.1474,109548.179,1103,redacted,0.3465,Food Establishment,Restaurant,,,SHREWSBURY,RUTLAND,,,,,1
444816.4218,147114.4767,1104,redacted,0.016385,Food Establishment,School,,,SUDBURY,RUTLAND,,,,,1
453393.8823,109128.0263,1105,redacted,0.063,Food Establishment,Restaurant,,,TINMOUTH,RUTLAND,,,,,1
455393.2867,105625.8552,1106,redacted,0.029945,Food Establishment,School,,,TINMOUTH,RUTLAND,,,,,1
461598.5928,107920.795,1107,redacted,0.079665,Food Establishment,School,,,WALLINGFORD,RUTLAND,,,,,1
461382.1008,108266.4479,1108,redacted,0.18,Food Establishment,Grocery,,,WALLINGFORD,RUTLAND,,,,,1
460705.3052,105981.664,1109,redacted,0.02625,Nursing/Assisted Living,Residential Facility,,,WALLINGFORD,RUTLAND,,,,,1
513513.3627,147377.1954,1111,redacted,0.18,Food Establishment,Convenience Store,,,WALLINGFORD,RUTLAND,,,,,1
460394.7443,105472.4137,1112,redacted,0.168,Food Establishment,Restaurant,,,WALLINGFORD,RUTLAND,,,,,1
469535.8924,106024.863,1114,redacted,0.18,Food Establishment,Convenience Store,,,WALLINGFORD,RUTLAND,,,,,1
461424.2094,108555.0716,1115,redacted,0.18,Food Establishment,Caterer,,,WALLINGFORD,RUTLAND,,,,,1
468654.3539,104429.0634,1116,redacted,0.05,Food Establishment,Caterer,,,WALLINGFORD,RUTLAND,,,,,1
460144.4231,101463.1328,1117,redacted,0.18,Food Establishment,Grocery,,,WALLINGFORD,RUTLAND,,,,,1
461372.9272,108077.6274,1118,redacted,0.315,Food Establishment,Restaurant,,,WALLINGFORD,RUTLAND,,,,,1
461372.9272,108077.6274,1119,redacted,0.13,Food Establishment,Restaurant,Bars/Pubs,,WALLINGFORD,RUTLAND,,,,,1
465754.6569,107331.777,1120,redacted,0.13,Food Establishment,Bakery,,,WALLINGFORD,RUTLAND,,,,,1
461373.3093,108144.2863,1121,redacted,0.5145,Food Establishment,Lodging,,,WALLINGFORD,RUTLAND,,,,,1
455458.3333,105669.8663,1122,redacted,0.483,Food Establishment,Restaurant,,,TINMOUTH,RUTLAND,,,,,1
461638.6135,109264.8997,1123,redacted,0.05,Food Establishment,,,,WALLINGFORD,RUTLAND,,,,,1
461459.6423,107677.1644,1124,redacted,0.126,Nursing/Assisted Living,Residential Facility,,,WALLINGFORD,RUTLAND,,,,,1
461524.3753,107676.7945,1125,redacted,0.13,Food Establishment,Bakery,,,WALLINGFORD,RUTLAND,,,,,1
442777.2195,102221.2838,1126,redacted,0.05085,Food Establishment,School,,,WELLS,RUTLAND,,,,,1
442946.346,102108.747,1127,redacted,0.18,Food Establishment,Convenience Store,,,WELLS,RUTLAND,,,,,1
445053.7581,104302.2528,1128,redacted,0.063,Food Establishment,B&B,,,WELLS,RUTLAND,,,,,1
443042.0928,105774.4236,1129,redacted,,Food Manufacturer,Food Processor,,,PAWLET,RUTLAND,,,,,1
441131.7636,101135.4853,1130,redacted,0.18,Food Establishment,Grocery,,,WELLS,RUTLAND,,,,,1
447018.8824,105042.0448,1131,redacted,0.05,Food Establishment,Caterer,,,WELLS,RUTLAND,,,,,1
441171.9716,101101.8032,1132,redacted,0.05,Food Establishment,Private Club,,,WELLS,RUTLAND,,,,,1
435723.8201,126840.023,1133,redacted,0.13,Food Establishment,Restaurant,Bars/Pubs,,WEST HAVEN,RUTLAND,,,,,1
436060.7882,130014.6058,1134,redacted,0.189,Food Establishment,Concession Stand,Concession,,WEST HAVEN,RUTLAND,,,,,1
437331.3383,122702.5697,1135,redacted,0.21,Food Establishment,Restaurant,,,WEST HAVEN,RUTLAND,,,,,1
433657.4264,126782.3908,1136,redacted,0.05,Food Establishment,Mobile Unit,,,WEST HAVEN,RUTLAND,,,,,1
439514.3722,92372.45239,1137,redacted,0.05,Food Establishment,Caterer,,,WEST PAWLET,RUTLAND,,,,,1
439219.9252,94808.2867,1138,redacted,0.05,Food Establishment,Caterer,,,WEST PAWLET,RUTLAND,,,,,1
439651.8114,95959.91408,1139,redacted,0.05,Food Establishment,Caterer,,,WEST PAWLET,RUTLAND,,,,,1
472372.3749,151865.1115,1140,redacted,0.26,Food Establishment,Restaurant,,,WEST RUTLAND,RUTLAND,,,,,1
472372.3749,151865.1115,1141,redacted,0.798,Food Establishment,Restaurant,,,WEST RUTLAND,RUTLAND,,,,,1
455710.9588,123111.5553,1142,redacted,,Food Manufacturer,Food Processor,,,WEST RUTLAND,RUTLAND,,,,,1
456729.757,119593.9814,1143,redacted,0.21,Food Establishment,B&B,,,WEST RUTLAND,RUTLAND,,,,,1
455670.8841,121934.1006,1144,redacted,0.13,Food Establishment,Restaurant,Bars/Pubs,,WEST RUTLAND,RUTLAND,,,,,1
456433.8759,116318.3084,1145,redacted,0.05,Food Establishment,Caterer,,,WEST RUTLAND,RUTLAND,,,,,1
455654.9553,121967.5375,1146,redacted,0.1575,Food Establishment,Bar,Bars/Pubs,,WEST RUTLAND,RUTLAND,,,,,1
455671.2511,121989.6509,1147,redacted,0.252,Food Establishment,Restaurant,,,WEST RUTLAND,RUTLAND,,,,,1
455623.3923,122078.8518,1148,redacted,0.189,Food Establishment,Bar,Bars/Pubs,,WEST RUTLAND,RUTLAND,,,,,1
455632.0545,122167.6789,1149,redacted,0.18,Food Establishment,Grocery,,,WEST RUTLAND,RUTLAND,,,,,1
456023.7604,121565.1304,1150,redacted,0.05,Food Establishment,Convenience Store,,,WEST RUTLAND,RUTLAND,,,,,1
456023.7604,121565.1304,1151,redacted,0.294,Food Establishment,Restaurant,,,WEST RUTLAND,RUTLAND,,,,,1
455911.1488,121632.5327,1152,redacted,0.26,Food Establishment,Restaurant,,,WEST RUTLAND,RUTLAND,,,,,1
455911.1488,121632.5327,1153,redacted,0.18,Food Establishment,Convenience Store,,,WEST RUTLAND,RUTLAND,,,,,1
455911.1488,121632.5327,1154,redacted,0.063,Food Establishment,Restaurant,,,WEST RUTLAND,RUTLAND,,,,,1
455870.9936,121666.1283,1155,redacted,0.168,Food Establishment,Restaurant,,,WEST RUTLAND,RUTLAND,,,,,1
457511.1738,121811.0881,1156,redacted,0.18,Food Establishment,Convenience Store,,,WEST RUTLAND,RUTLAND,,,,,1
456087.9967,121509.1571,1157,redacted,0.72,Food Establishment,,,,WEST RUTLAND,RUTLAND,,,,,1
455508.9513,121868.5092,1158,redacted,0.12492,Food Establishment,School,,,WEST RUTLAND,RUTLAND,,,,,1
441992.4757,49854.99215,1161,redacted,0.18,Food Establishment,Caterer,,,SHAFTSBURY,BENNINGTON,,,,,1
453669.9552,27781.26396,1167,redacted,1.365,Food Establishment,Restaurant,,,STAMFORD,BENNINGTON,,,,,1
453244.6076,27839.67347,1168,redacted,0.18,Food Establishment,Grocery,,,STAMFORD,BENNINGTON,,,,,1
453551.7057,28459.70305,1169,redacted,0.03503,Food Establishment,School,,,STAMFORD,BENNINGTON,,,,,1
450181.8874,68254.75856,1170,redacted,0.42,Food Establishment,Camp,,,SUNDERLAND,BENNINGTON,,,,,1
448896.9929,65142.42507,1171,redacted,0.03955,Food Establishment,School,,,SUNDERLAND,BENNINGTON,,,,,1
451395.8505,68423.758,1174,redacted,,Food Manufacturer,Food Processor,,,SUNDERLAND,BENNINGTON,,,,,1
449519.6774,67859.67502,1175,redacted,0.2625,Food Establishment,B&B,,,SUNDERLAND,BENNINGTON,,,,,1
448836.9687,67998.07676,1176,redacted,0.126,Food Establishment,Lodging,,,SUNDERLAND,BENNINGTON,,,,,1
448334.1685,67168.63273,1177,redacted,0.21,Food Establishment,B&B,,,SUNDERLAND,BENNINGTON,,,,,1
450481.4965,65797.33328,1178,redacted,,Food Manufacturer,Food Processor,,,SUNDERLAND,BENNINGTON,,,,,1
439822.5312,82303.71883,1179,redacted,0.13,Food Establishment,Home-based Business,,,RUPERT,BENNINGTON,,,,,1
469348.6403,71685.62265,1180,redacted,0.26,Food Establishment,Restaurant,,,WINHALL,BENNINGTON,,,,,1
468027.0697,72624.8863,1181,redacted,0.7875,Food Establishment,Restaurant,,,WINHALL,BENNINGTON,,,,,1
470146.5666,71848.72168,1182,redacted,1.89,Food Establishment,Restaurant,,,WINHALL,BENNINGTON,,,,,1
469551.8082,71640.27439,1184,redacted,0.18,Food Establishment,Convenience Store,,,WINHALL,BENNINGTON,,,,,1
462528.7441,78552.09696,1185,redacted,0.05,Food Establishment,Mobile Unit,,,WINHALL,BENNINGTON,,,,,1
469486.8797,71673.89295,1186,redacted,0.18,Food Establishment,Convenience Store,,,WINHALL,BENNINGTON,,,,,1
462553.0624,78540.85337,1187,redacted,0.05,Food Establishment,Caterer,,,WINHALL,BENNINGTON,,,,,1
452466.5814,42042.39276,1188,redacted,0.18,Food Establishment,Grocery,,,WOODFORD,BENNINGTON,,,,,1
452466.5814,42042.39276,1189,redacted,0.05,Food Establishment,Convenience Store,,,WOODFORD,BENNINGTON,,,,,1
456504.408,43593.1751,1191,redacted,0.05,Food Establishment,Mobile Unit,,,WOODFORD,BENNINGTON,,,,,1
456740.587,43480.59377,1192,redacted,0.18,Food Establishment,Grocery,,,WOODFORD,BENNINGTON,,,,,1
447971.0668,43974.62095,1193,redacted,0.015255,Food Establishment,School,,,WOODFORD,BENNINGTON,,,,,1
529136.6807,201294.2866,1194,redacted,0.13,Food Establishment,Bakery,,,BARNET,CALEDONIA,,,,,1
528280.34,198212.6106,1195,redacted,0.02625,Nursing/Assisted Living,Residential Facility,,,BARNET,CALEDONIA,,,,,1
533455.2044,200870.4712,1196,redacted,0.123735,Food Establishment,School,,,BARNET,CALEDONIA,,,,,1
534472.0681,206253.8554,1197,redacted,0.05,Food Establishment,Home-based Business,,,BARNET,CALEDONIA,,,,,1
533058.2909,202046.2975,1198,redacted,0.05,Food Establishment,Home-based Business,,,BARNET,CALEDONIA,,,,,1
526593.3784,198883.3504,1199,redacted,0.05,Food Establishment,Caterer,,,BARNET,CALEDONIA,,,,,1
535951.0057,199716.9704,1200,redacted,0.18,Food Establishment,Convenience Store,,,BARNET,CALEDONIA,,,,,1
535103.3728,198545.6396,1201,redacted,0.063,Food Establishment,Restaurant,,,BARNET,CALEDONIA,,,,,1
534822.3389,195855.1115,1202,redacted,0.126,Food Establishment,B&B,,,BARNET,CALEDONIA,,,,,1
536220.8587,199985.14,1203,redacted,0.126,Food Establishment,B&B,,,BARNET,CALEDONIA,,,,,1
541188.4501,238340.4978,1205,redacted,0.18,Food Establishment,Convenience Store,,,BURKE,CALEDONIA,,,,,1
546342.2597,232096.7464,1206,redacted,3.801,Food Establishment,Restaurant,,,BURKE,CALEDONIA,,,,,1
542797.3259,236183.9939,1207,redacted,0.093465,Food Establishment,School,,,WEST BURKE,CALEDONIA,,,,,1
541391.2558,237641.7023,1209,redacted,0.05,Food Establishment,Restaurant,,,BURKE,CALEDONIA,,,,,1
544086.8567,232114.3488,1216,redacted,0.21,Food Establishment,Restaurant,,,BURKE,CALEDONIA,,,,,1
544134.1983,232159.121,1218,redacted,0.13,Food Establishment,Bakery,,,BURKE,CALEDONIA,,,,,1
544300.8763,232171.3707,1219,redacted,0.0735,Food Establishment,Home-based Business,,,BURKE,CALEDONIA,,,,,1
542870.4563,232328.4376,1220,redacted,0.3675,Food Establishment,Restaurant,,,BURKE,CALEDONIA,,,,,1
528680.7647,212448.4723,1221,redacted,0.18,Food Establishment,Grocery,"Beer, wine, liquor store",,DANVILLE,CALEDONIA,,,,,1
524285.3435,212141.7148,1222,redacted,0.1155,Food Establishment,Restaurant,,,DANVILLE,CALEDONIA,,,,,1
533187.9193,212636.5327,1223,redacted,0.05,Food Establishment,Caterer,,,DANVILLE,CALEDONIA,,,,,1
528672.7511,212459.5489,1224,redacted,0.168,Food Establishment,Restaurant,,,DANVILLE,CALEDONIA,,,,,1
530634.5906,213624.1072,1225,redacted,0.05,Food Establishment,Caterer,,,DANVILLE,CALEDONIA,,,,,1
528690.8743,213770.8285,1226,redacted,0.042,Food Establishment,B&B,,,DANVILLE,CALEDONIA,,,,,1
524333.2166,212119.6697,1227,redacted,0.13,Food Establishment,Convenience Store,,,DANVILLE,CALEDONIA,,,,,1
532773.6311,218990.4884,1228,redacted,0.13,Food Establishment,Home-based Business,,,DANVILLE,CALEDONIA,,,,,1
529236.8466,212773.1858,1229,redacted,0.18,Food Establishment,Convenience Store,,,DANVILLE,CALEDONIA,,,,,1
528664.5422,212515.0721,1230,redacted,1.05,Food Establishment,Restaurant,,,DANVILLE,CALEDONIA,,,,,1
529629.2771,221042.2441,1231,redacted,,Food Manufacturer,Food Processor,,,DANVILLE,CALEDONIA,,,,,1
531459.7108,214261.4168,1232,redacted,1.05,Food Establishment,Restaurant,,,DANVILLE,CALEDONIA,,,,,1
528738.6718,211959.8059,1233,redacted,0.021,Nursing/Assisted Living,Residential Facility,,,DANVILLE,CALEDONIA,,,,,1
528529.3873,212458.9201,1234,redacted,0.4935,Food Establishment,Lodging,,,DANVILLE,CALEDONIA,,,,,1
528370.5293,212358.2204,1235,redacted,0.13464,Food Establishment,School,,,DANVILLE,CALEDONIA,,,,,1
545117.6506,230054.517,1236,redacted,0.042,Food Establishment,B&B,,,BURKE,CALEDONIA,,,,,1
544078.5381,232169.8547,1237,redacted,0.18,Food Establishment,Caterer,,,BURKE,CALEDONIA,,,,,1
544253.3083,232159.9332,1238,redacted,0.5145,Food Establishment,Restaurant,,,BURKE,CALEDONIA,,,,,1
544198.2541,232081.77,1240,redacted,0.13,Food Establishment,Home-based Business,,,BURKE,CALEDONIA,,,,,1
524487.5434,189997.0693,1241,redacted,0.168,Food Establishment,Restaurant,,,GROTON,CALEDONIA,,,,,1
520368.344,191049.6913,1242,redacted,0.05,Food Establishment,Caterer,,,GROTON,CALEDONIA,,,,,1
524183.151,190184.835,1243,redacted,0.18,Food Establishment,Grocery,Farmers' Market,,GROTON,CALEDONIA,,,,,1
522102.3679,191044.1891,1244,redacted,0.21,Food Establishment,Restaurant,,,GROTON,CALEDONIA,,,,,1
515675.7476,191892.3812,1245,redacted,0.525,Food Establishment,Restaurant,,,GROTON,CALEDONIA,,,,,1
518063.5821,198087.5754,1246,redacted,0.18,Food Establishment,Grocery,,,GROTON,CALEDONIA,,,,,1
514318.8304,227602.0897,1248,redacted,0.13,Food Establishment,Home-based Business,,,HARDWICK,CALEDONIA,,,,,1
510799.009,222639.377,1249,redacted,0.126,Food Establishment,Convenience Store,,,HARDWICK,CALEDONIA,,,,,1
509858.9367,223771.2917,1253,redacted,0,Food Manufacturer,Food Processor,,,HARDWICK,CALEDONIA,,,,,1
509858.9367,223771.2917,1254,redacted,,Food Manufacturer,Food Processor,,,HARDWICK,CALEDONIA,,,,,1
510481.0308,222572.1855,1256,redacted,1.575,Food Establishment,Private Club,,,HARDWICK,CALEDONIA,,,,,1
510998.2074,222406.3624,1257,redacted,0.063,Food Establishment,B&B,,,HARDWICK,CALEDONIA,,,,,1
509811.3664,223682.3248,1258,redacted,,Food Manufacturer,Food Processor,,,HARDWICK,CALEDONIA,,,,,1
514185.7972,223023.6897,1259,redacted,0.13,Food Establishment,Bakery,,,HARDWICK,CALEDONIA,,,,,1
510846.1841,222961.6991,1260,redacted,0.525,Food Establishment,Restaurant,,,HARDWICK,CALEDONIA,,,,,1
513980.7742,222223.1912,1261,redacted,0.13,Food Establishment,Bakery,,,HARDWICK,CALEDONIA,,,,,1
510780.4072,229050.9119,1262,redacted,0.0945,Food Establishment,Caterer,,,HARDWICK,CALEDONIA,,,,,1
511004.8428,223184.2029,1263,redacted,0.72,Food Establishment,Grocery,,,HARDWICK,CALEDONIA,,,,,1
509949.7283,221593.5096,1264,redacted,0.18,Food Establishment,Convenience Store,,,HARDWICK,CALEDONIA,,,,,1
509957.7838,221526.8511,1267,redacted,,Food Manufacturer,Food Processor,Snacks,,HARDWICK,CALEDONIA,,,,,1
509957.7838,221526.8511,1268,redacted,0.105,Food Establishment,Restaurant,,,HARDWICK,CALEDONIA,,,,,1
510631.8686,222727.9962,1269,redacted,0.0525,Food Establishment,Bakery,,,HARDWICK,CALEDONIA,,,,,1
441376.7231,113455.0876,1271,redacted,,Food Manufacturer,Food Processor,,,HARDWICK,CALEDONIA,,,,,1
510441.0555,222705.4633,1273,redacted,0.525,Food Establishment,Restaurant,,,HARDWICK,CALEDONIA,,,,,1
510536.5343,222672.2818,1274,redacted,0.26,Food Establishment,Bakery,,,HARDWICK,CALEDONIA,,,,,1
549897.7412,216854.5587,1275,redacted,0.441,Food Establishment,Restaurant,,,HARDWICK,CALEDONIA,,,,,1
510161.1696,223705.0861,1276,redacted,0.72,Food Establishment,Grocery,,,HARDWICK,CALEDONIA,,,,,1
509914.8293,223615.8107,1277,redacted,,Food Manufacturer,Food Processor,,,HARDWICK,CALEDONIA,,,,,1
506058.9472,197521.013,1278,redacted,0.26,Food Establishment,Restaurant,,,HARDWICK,CALEDONIA,,,,,1
510648.0457,222561.3451,1279,redacted,0.13,Food Establishment,Home-based Business,,,HARDWICK,CALEDONIA,,,,,1
509611.9701,224104.2774,1280,redacted,0.18,Food Establishment,Caterer,,,HARDWICK,CALEDONIA,,,,,1
510171.3288,222293.8976,1281,redacted,0.15594,Food Establishment,School,,,HARDWICK,CALEDONIA,,,,,1
510766.2801,223194.9151,1283,redacted,0.065275,Food Establishment,School,,,HARDWICK,CALEDONIA,,,,,1
545389.5088,225255.8356,1285,redacted,0.05,Food Establishment,Caterer,,,KIRBY,CALEDONIA,,,,,1
527287.924,212209.1465,1286,redacted,0.1575,Food Establishment,Restaurant,,,KIRBY,CALEDONIA,,,,,1
539533.9431,226039.8619,1288,redacted,0.525,Food Establishment,Restaurant,,,LYNDON,CALEDONIA,,,,,1
539533.9431,226039.8619,1289,redacted,0.26,Food Establishment,Restaurant,,,LYNDON,CALEDONIA,,,,,1
537728.6863,226206.9175,1290,redacted,0.26,Food Establishment,Restaurant,Cafeteria,,LYNDON,CALEDONIA,,,,,1
539725.245,224651.9944,1291,redacted,0.693,Food Establishment,Restaurant,,,LYNDON,CALEDONIA,,,,,1
539389.4613,226272.3419,1292,redacted,0.72,Food Establishment,Restaurant,,,LYNDON,CALEDONIA,,,,,1
541871.5148,229621.5864,1293,redacted,0.126,Food Establishment,Lodging,,,LYNDON,CALEDONIA,,,,,1
540464.0119,226023.3667,1294,redacted,0.05,Food Establishment,Private Club,,,LYNDON,CALEDONIA,,,,,1
539237.9823,226349.2107,1295,redacted,0.13,Food Establishment,Bakery,,,LYNDON,CALEDONIA,,,,,1
538201.7962,225498.4994,1296,redacted,0.13,Food Establishment,Bakery,,,LYNDON,CALEDONIA,,,,,1
538529.2484,226578.3239,1297,redacted,0.113925,Food Establishment,School,,,LYNDON,CALEDONIA,,,,,1
539365.8199,226238.8617,1298,redacted,0.735,Food Establishment,Restaurant,,,LYNDON,CALEDONIA,,,,,1
536941.9236,228980.4593,1299,redacted,0.13,Food Establishment,Bakery,,,LYNDON,CALEDONIA,,,,,1
541929.7479,230444.2811,1300,redacted,0.5565,Food Establishment,B&B,,,LYNDON,CALEDONIA,,,,,1
541929.7479,230444.2811,1301,redacted,0.26,Food Establishment,Restaurant,,,LYNDON,CALEDONIA,,,,,1
539660.5022,226140.6444,1302,redacted,0.21,Food Establishment,Restaurant,,,LYNDON,CALEDONIA,,,,,1
540915.7589,227493.0253,1303,redacted,0.22506,Food Establishment,School,,,LYNDONVILLE,CALEDONIA,,,,,1
547448.9541,231704.7016,1304,redacted,2.625,Food Establishment,Restaurant,,,BURKE,CALEDONIA,,,,,1
539714.3737,225129.7557,1306,redacted,0.18,Food Establishment,Convenience Store,,,LYNDON,CALEDONIA,,,,,1
539622.2362,224595.804,1307,redacted,0.26,Food Establishment,Restaurant,,,LYNDON,CALEDONIA,,,,,1
539585.2437,226751.3614,1308,redacted,0.18,Food Establishment,Grocery,,,LYNDON,CALEDONIA,,,,,1
539662.0535,224584.9347,1309,redacted,,Food Manufacturer,Alcohol Manufacturer,Brewer,,LYNDON,CALEDONIA,,,,,1
539662.0535,224584.9347,1310,redacted,0.2625,Food Establishment,Restaurant,,,LYNDON,CALEDONIA,,,,,1
535429.559,226594.0044,1311,redacted,0.126,Food Establishment,Restaurant,,,LYNDON,CALEDONIA,,,,,1
539695.2821,226952.0549,1312,redacted,0.18,Food Establishment,Grocery,,,LYNDON,CALEDONIA,,,,,1
539421.7249,226194.7517,1313,redacted,0.2625,Food Establishment,Restaurant,,,LYNDON,CALEDONIA,,,,,1
539696.2338,225496.35,1315,redacted,0.26,Food Establishment,Restaurant,,,LYNDON,CALEDONIA,,,,,1
539437.5532,226205.9601,1316,redacted,0.72,Food Establishment,Grocery,,,LYNDON,CALEDONIA,,,,,1
539503.7311,224472.8474,1317,redacted,0.882,Food Establishment,Restaurant,,,LYNDON,CALEDONIA,,,,,1
539487.2907,224561.6455,1318,redacted,0.72,Food Establishment,Grocery,,,LYNDON,CALEDONIA,,,,,1
539669.9355,224596.0951,1320,redacted,0.945,Food Establishment,Restaurant,,,LYNDON,CALEDONIA,,,,,1
539600.1708,225606.8863,1321,redacted,0.42,Food Establishment,Bakery,,,LYNDON,CALEDONIA,,,,,1
539647.5913,225651.6248,1322,redacted,0.13,Food Establishment,Bakery,,,LYNDON,CALEDONIA,,,,,1
541722.0546,226920.3159,1323,redacted,0.13,Food Establishment,Bakery,,,LYNDON,CALEDONIA,,,,,1
539773.1181,227219.2268,1325,redacted,1.575,Food Establishment,Restaurant,,,LYNDON,CALEDONIA,,,,,1
539701.5993,224618.5131,1326,redacted,0.26,Food Establishment,Caterer,,,LYNDON,CALEDONIA,,,,,1
539199.5182,226137.8449,1327,redacted,0.063,Food Establishment,Restaurant,,,LYNDON,CALEDONIA,,,,,1
539318.1326,226238.5727,1328,redacted,0.84,Food Establishment,Restaurant,,,LYNDON,CALEDONIA,,,,,1
539518.4526,225973.0939,1329,redacted,0.18,Food Establishment,Restaurant,,,LYNDON,CALEDONIA,,,,,1
537773.8522,226640.5583,1330,redacted,0.05,Food Establishment,Mobile Unit,,,LYNDON,CALEDONIA,,,,,1
536040.8795,228141.9711,1331,redacted,0.05,Food Establishment,Caterer,,,LYNDON,CALEDONIA,,,,,1
540152.4911,223698.9661,1332,redacted,0.147,Food Establishment,Restaurant,,,LYNDON,CALEDONIA,,,,,1
539484.3518,222428.0771,1333,redacted,0.26,Food Establishment,Restaurant,,,LYNDON,CALEDONIA,,,,,1
535815.4749,222906.8745,1334,redacted,0.05,Food Manufacturer,Food Processor,,,LYNDON,CALEDONIA,,,,,1
537728.6863,226206.9175,1335,redacted,0.85202,Food Establishment,Restaurant,,,LYNDON,CALEDONIA,,,,,1
537728.6863,226206.9175,1336,redacted,2.121,Food Establishment,Restaurant,,,LYNDON,CALEDONIA,,,,,1
539630.6606,224518.0695,1337,redacted,0.05,Food Establishment,Convenience Store,,,LYNDON,CALEDONIA,,,,,1
540218.0322,225955.1647,1338,redacted,2.625,Food Establishment,Restaurant,,,LYNDONVILLE,CALEDONIA,,,,,1
539413.5746,226228.0391,1339,redacted,0.252,Food Establishment,Restaurant,,,LYNDONVILLE,CALEDONIA,,,,,1
540104.0993,223809.7899,1340,redacted,0.0525,Nursing/Assisted Living,Residential Facility,,,LYNDONVILLE,CALEDONIA,,,,,1
540104.0993,223809.7899,1341,redacted,0.315,Nursing/Assisted Living,Residential Facility,,,LYNDONVILLE,CALEDONIA,,,,,1
539696.2338,225496.35,1342,redacted,1.05,Food Establishment,Restaurant,,,LYNDON,CALEDONIA,,,,,1
435555.7788,176732.9486,1343,redacted,0.049155,Food Establishment,School,,,ADDISON,ADDISON,,,,,1
431527.9509,179129.3395,1344,redacted,0.13,Food Establishment,Bakery,,,ADDISON,ADDISON,,,,,1
436638.3766,171866.5065,1345,redacted,0.13,Food Establishment,Home-based Business,,,ADDISON,ADDISON,,,,,1
436218.3345,178159.9665,1346,redacted,0.13,Food Establishment,Bakery,,,ADDISON,ADDISON,,,,,1
428299.9948,176063.3197,1347,redacted,0.063,Food Establishment,Restaurant,,,ADDISON,ADDISON,,,,,1
435357.4559,171201.0867,1348,redacted,0.063,Food Establishment,Lodging,,,ADDISON,ADDISON,,,,,1
432293.5113,172587.4586,1349,redacted,0.105,Food Establishment,Restaurant,,,ADDISON,ADDISON,,,,,1
437550.2077,165724.0593,1350,redacted,0.26,Food Establishment,Restaurant,,,BRIDPORT,ADDISON,,,,,1
434901.3227,166394.0797,1351,redacted,0.1875,Food Establishment,Home-based Business,,,BRIDPORT,ADDISON,,,,,1
434830.0415,165672.506,1352,redacted,0.055,Food Establishment,Caterer,,,BRIDPORT,ADDISON,,,,,1
434549.1655,164852.9956,1353,redacted,0.044635,Food Establishment,School,,,BRIDPORT,ADDISON,,,,,1
428691.4904,168547.1862,1354,redacted,0.063,Food Establishment,Restaurant,,,BRIDPORT,ADDISON,,,,,1
453770.2956,181602.5536,1355,redacted,0.09975,Food Establishment,Restaurant,Deli,,BRISTOL,ADDISON,,,,,1
460233.849,178515.7994,1356,redacted,0.055,Food Establishment,Caterer,,,BRISTOL,ADDISON,,,,,1
453770.0616,181569.2203,1357,redacted,0.042,Food Establishment,Restaurant,,,BRISTOL,ADDISON,,,,,1
461268.7234,185665.4387,1358,redacted,0.13,Food Establishment,Restaurant,Deli,,STARKSBORO,ADDISON,,,,,1
456354.9035,183973.9108,1359,redacted,1.134,Food Establishment,Restaurant,,,BRISTOL,ADDISON,,,,,1
453826.3123,181602.1606,1360,redacted,0.504,Food Establishment,Restaurant,,,BRISTOL,ADDISON,,,,,1
453835.1716,181724.3266,1361,redacted,0.252,Food Establishment,Restaurant,,,BRISTOL,ADDISON,,,,,1
453834.3146,181602.1045,1362,redacted,0.05,Food Establishment,Caterer,,,BRISTOL,ADDISON,,,,,1
452999.6309,183508.1085,1363,redacted,0.05,Food Establishment,Caterer,,,BRISTOL,ADDISON,,,,,1
452999.6309,183508.1085,1364,redacted,0.05,Food Establishment,Mobile Unit,,,BURLINGTON,ADDISON,,,,,1
453707.6046,181791.8922,1365,redacted,0.13,Food Establishment,Caterer,Deli,,BRISTOL,ADDISON,,,,,1
453650.1817,181592.2864,1366,redacted,0.055,Food Establishment,Caterer,,,BRISTOL,ADDISON,,,,,1
452796.7833,176409.2174,1369,redacted,0.18,Food Establishment,Grocery,,,BRISTOL,ADDISON,,,,,1
452796.7833,176409.2174,1370,redacted,0.055,Food Establishment,,,,BRISTOL,ADDISON,,,,,1
452947.7813,180730.5584,1372,redacted,0.063,Food Establishment,Restaurant,,,BRISTOL,ADDISON,,,,,1
444762.6241,221720.5167,1373,redacted,0.252,Food Establishment,Mobile Unit,,,BRISTOL,ADDISON,,,,,1
453291.0986,181739.2756,1374,redacted,0.055,Food Establishment,Caterer,,,BRISTOL,ADDISON,,,,,1
453708.6984,181947.4478,1375,redacted,0.126,Food Establishment,B&B,,,BRISTOL,ADDISON,,,,,1
483368.1107,99543.99299,1376,redacted,0.7875,Food Establishment,Restaurant,,,BRISTOL,ADDISON,,,,,1
452802.4854,181676.09,1377,redacted,2.247,Food Establishment,Restaurant,,,BRISTOL,ADDISON,,,,,1
455423.1781,181057.7987,1378,redacted,0.26,Food Establishment,Restaurant,,,BRISTOL,ADDISON,,,,,1
453822.2066,182157.7722,1379,redacted,0.166675,Food Establishment,School,,,BRISTOL,ADDISON,,,,,1
453077.3353,182063.0341,1380,redacted,,Food Manufacturer,Sweets,,,BRISTOL,ADDISON,,,,,1
452769.6791,181565.2084,1381,redacted,0.13265,Food Establishment,School,,,BRISTOL,ADDISON,,,,,1
453826.7798,181668.8272,1382,redacted,0.72,Food Establishment,Caterer,,,BRISTOL,ADDISON,,,,,1
453269.7735,182117.2237,1383,redacted,0.07875,Nursing/Assisted Living,Residential Facility,,,BRISTOL,ADDISON,,,,,1
446069.9809,170638.2566,1384,redacted,0,Food Manufacturer,Food Processor,,,MIDDLEBURY,ADDISON,,,,,1
451136.321,203989.8656,1385,redacted,0.13,Food Establishment,Bakery,,,HINESBURG,ADDISON,,,,,1
453746.3665,181613.8333,1386,redacted,0.567,Food Establishment,Restaurant,,,BRISTOL,ADDISON,,,,,1
460951.7463,184811.7234,1387,redacted,0.063,Food Establishment,B&B,,,STARKSBORO,ADDISON,,,,,1
453307.0615,182861.4417,1388,redacted,0.05,Food Establishment,Caterer,,,BRISTOL,ADDISON,,,,,1
452796.7833,176409.2174,1389,redacted,0.18,Food Establishment,Grocery,,,BRISTOL,ADDISON,,,,,1
443309.9734,162872.0793,1390,redacted,0.04746,Food Establishment,School,,,CORNWALL,ADDISON,,,,,1
442839.7649,160464.9044,1391,redacted,0.063,Food Establishment,Restaurant,,,CORNWALL,ADDISON,,,,,1
442801.4956,158820.7236,1392,redacted,0.105,Food Establishment,Lodging,,,CORNWALL,ADDISON,,,,,1
441482.3902,194690.3526,1393,redacted,0.05,Food Establishment,Caterer,,,FERRISBURGH,ADDISON,,,,,1
444031.0585,194779.2255,1394,redacted,0.13,Food Establishment,Home-based Business,,,FERRISBURG,ADDISON,,,,,1
430875.648,188670.5807,1395,redacted,4.2,Food Establishment,Lodging,,,VERGENNES,ADDISON,,,,,1
440153.5951,189112.8997,1397,redacted,0.18,Food Establishment,Grocery,,,FERRISBURGH,ADDISON,,,,,1
441601.969,186577.4172,1398,redacted,0.13,Food Establishment,Bakery,,,FERRISBURG,ADDISON,,,,,1
441153.8354,190115.0683,1399,redacted,0.05,Food Establishment,Caterer,,,FERRISBURGH,ADDISON,,,,,1
440360.0891,189844.4247,1400,redacted,0.05,Food Establishment,Bakery,,,FERRISBURG,ADDISON,,,,,1
440568.8525,190831.516,1401,redacted,0.13,Food Establishment,Bakery,,,FERRISBURGH,ADDISON,,,,,1
431101.9283,188901.5656,1402,redacted,1.575,Food Establishment,Restaurant,,,VERGENNES,ADDISON,,,,,1
441501.3557,193234.4836,1403,redacted,0.798,Food Establishment,Restaurant,,,FERRISBURG,ADDISON,,,,,1
440240.4038,189867.7371,1404,redacted,0.12317,Food Establishment,School,,,FERRISBURG,ADDISON,,,,,1
441666.4587,193833.0722,1405,redacted,0.72,Food Manufacturer,Food Processor,,,FERRISBURG,ADDISON,,,,,1
441817.926,195598.5693,1406,redacted,0.13,Food Establishment,Bakery,,,FERRISBURGH,ADDISON,,,,,1
441817.926,195598.5693,1407,redacted,0.13,Food Establishment,Bakery,,,FERRISBURG,ADDISON,,,,,1
441794.9562,195709.8955,1408,redacted,0.72,Food Establishment,Convenience Store,,,FERRISBURG,ADDISON,,,,,1
442729.589,193912.6009,1409,redacted,0.05,Food Establishment,Caterer,,,FERRISBURGH,ADDISON,,,,,1
431101.9283,188901.5656,1410,redacted,1.575,Food Establishment,Restaurant,,,VERGENNES,ADDISON,,,,,1
440359.2819,189755.5347,1411,redacted,,Food Manufacturer,Sweets,,,FERRISBURGH,ADDISON,,,,,1
459085.4768,154611.386,1412,redacted,0.13,Food Establishment,Bakery,,,GOSHEN,ADDISON,,,,,1
459085.4768,154611.386,1413,redacted,,Food Manufacturer,Food Processor,,,GOSHEN,ADDISON,,,,,1
458893.101,150790.3819,1414,redacted,0.525,Food Establishment,Camp,,,GOSHEN,ADDISON,,,,,1
473283.5402,164527.7731,1415,redacted,0.05,Food Establishment,Mobile Unit,,,GRANVILLE,ADDISON,,,,,1
472821.5816,161440.8077,1416,redacted,0.483,Food Establishment,Restaurant,,,GRANVILLE,ADDISON,,,,,1
472258.4635,164976.4294,1417,redacted,0.05,Food Establishment,Caterer,,,GRANVILLE,ADDISON,,,,,1
471677.4288,158545.6492,1418,redacted,0.7245,Food Establishment,Camp,,,HANCOCK,ADDISON,,,,,1
472544.5545,158508.6702,1419,redacted,0.18,Food Establishment,Caterer,,,HANCOCK,ADDISON,,,,,1
472652.5352,157430.4696,1420,redacted,0.18,Food Establishment,Grocery,,,HANCOCK,ADDISON,,,,,1
472695.2084,158041.3915,1421,redacted,0.0315,Nursing/Assisted Living,Residential Facility,,,HANCOCK,ADDISON,,,,,1
472608.7966,158508.4046,1422,redacted,0.2625,Food Establishment,Restaurant,,,HANCOCK,ADDISON,,,,,1
453631.9593,153825.0008,1423,redacted,0.3465,Food Establishment,Camp,,,LEICESTER,ADDISON,,,,,1
455518.4496,149912.1085,1424,redacted,0.05,Food Establishment,Mobile Unit,,,LEICESTER,ADDISON,,,,,1
448032.2104,154044.2346,1425,redacted,0.05,Food Establishment,Home-based Business,,,SALISBURY,ADDISON,,,,,1
448144.1051,153965.5808,1426,redacted,0.05,Food Establishment,Home-based Business,,,LEICESTER,ADDISON,,,,,1
451030.9172,152021.4293,1427,redacted,0.037855,Food Establishment,School,,,LEICESTER,ADDISON,,,,,1
461419.5282,181375.5069,1428,redacted,0.13,Food Establishment,Bakery,,,LINCOLN,ADDISON,,,,,1
462749.6411,178834.4422,1429,redacted,0.05,Food Establishment,Caterer,,,LINCOLN,ADDISON,,,,,1
462852.2673,174311.5374,1430,redacted,0.13,Food Establishment,Bakery,,,LINCOLN,ADDISON,,,,,1
460456.4193,178247.7855,1431,redacted,0.189,Food Establishment,B&B,,,LINCOLN,ADDISON,,,,,1
462491.8935,184180.516,1432,redacted,0.13,Food Establishment,Bakery,,,LINCOLN,ADDISON,,,,,1
459612.3032,178997.3721,1433,redacted,0.13,Food Establishment,Home-based Business,,,LINCOLN,ADDISON,,,,,1
461069.172,177610.7867,1434,redacted,0.079665,Food Establishment,School,,,BRISTOL,ADDISON,,,,,1
459796.9003,180385.1786,1435,redacted,0.063,Food Establishment,Restaurant,,,LINCOLN,ADDISON,,,,,1
460706.0866,183857.5935,1436,redacted,0.6825,Food Establishment,B&B,,,LINCOLN,ADDISON,,,,,1
459360.7844,183643.5339,1437,redacted,0.05,Food Establishment,Convenience Store,,,LINCOLN,ADDISON,,,,,1
446387.7204,168302.2281,1438,redacted,0.756,Food Establishment,Restaurant,,,MIDDLEBURY,ADDISON,,,,,1
447273.7984,167795.0816,1439,redacted,0.05,Food Establishment,Caterer,,,MIDDLEBURY,ADDISON,,,,,1
446653.8583,168488.9728,1440,redacted,0.72,Food Establishment,Grocery,,,MIDDLEBURY,ADDISON,,,,,1
446766.3839,168521.4006,1442,redacted,0.525,Food Establishment,Restaurant,,,MIDDLEBURY,ADDISON,,,,,1
446196.8512,166525.9224,1443,redacted,0.3255,Nursing/Assisted Living,Residential Facility,,,MIDDLEBURY,ADDISON,,,,,1
446508.6287,168379.0301,1444,redacted,0.5775,Food Establishment,Restaurant,,,MIDDLEBURY,ADDISON,,,,,1
446702.2372,168521.9174,1445,redacted,0.2625,Food Establishment,Restaurant,,,MIDDLEBURY,ADDISON,,,,,1
446285.645,168569.7353,1446,redacted,0.21,Food Establishment,Restaurant,,,MIDDLEBURY,ADDISON,,,,,1
446383.76,166824.4177,1447,redacted,0.23625,Food Establishment,Hospital,,,MIDDLEBURY,ADDISON,,,,,1
448719.3986,162883.5449,1448,redacted,0.05,Food Establishment,Caterer,,,MIDDLEBURY,ADDISON,,,,,1
450788.2819,169123.5964,1449,redacted,0.05,Food Establishment,Caterer,,,MIDDLEBURY,ADDISON,,,,,1
446519.7635,170745.717,1450,redacted,0.05,Food Establishment,Caterer,,,MIDDLEBURY,ADDISON,,,,,1
445949.9935,167727.9877,1451,redacted,1.42154,School,College/University,,,MIDDLEBURY,ADDISON,,,,,1
446293.3925,168536.3375,1452,redacted,1.0395,Food Establishment,Restaurant,,,MIDDLEBURY,ADDISON,,,,,1
446293.3925,168536.3375,1453,redacted,0.336,Food Establishment,Restaurant,,,MIDDLEBURY,ADDISON,,,,,1
446266.5385,168192.0957,1454,redacted,0.0525,Food Establishment,Restaurant,Deli,,MIDDLEBURY,ADDISON,,,,,1
446597.8194,168500.5368,1455,redacted,3.15,Food Establishment,Lodging,,,MIDDLEBURY,ADDISON,,,,,1
448830.0089,165771.6723,1456,redacted,0.26,Food Establishment,Restaurant,,,MIDDLEBURY,ADDISON,,,,,1
448830.0089,165771.6723,1457,redacted,0.525,Food Establishment,Restaurant,,,MIDDLEBURY,ADDISON,,,,,1
446448.8907,168923.9828,1458,redacted,0.02625,Nursing/Assisted Living,Residential Facility,,,MIDDLEBURY,ADDISON,,,,,1
446014.2337,170683.1585,1459,redacted,,Food Manufacturer,Alcohol Manufacturer,Wine,,MIDDLEBURY,ADDISON,,,,,1
446014.2337,170683.1585,1460,redacted,2.402884615,Food Manufacturer,Food Processor,Hard Cider,,MIDDLEBURY,ADDISON,,,,,1
448877.7955,165726.857,1461,redacted,0.26,Food Establishment,Caterer,,,MIDDLEBURY,ADDISON,,,,,1
446659.9943,168255.5796,1462,redacted,0.126,Food Establishment,Restaurant,,,MIDDLEBURY,ADDISON,,,,,1
445710.9887,169874.4917,1463,redacted,0.13,Food Establishment,Bakery,,,MIDDLEBURY,ADDISON,,,,,1
449020.9877,165570.1914,1464,redacted,0.05,Food Establishment,Caterer,,,MIDDLEBURY,ADDISON,,,,,1
451731.0101,166461.0065,1465,redacted,0.05,Food Establishment,Caterer,,,MIDDLEBURY,ADDISON,,,,,1
452005.8931,166759.0153,1466,redacted,0.05,Food Establishment,Home-based Business,,,MIDDLEBURY,ADDISON,,,,,1
447381.0288,167160.8681,1467,redacted,0.72,Food Establishment,Grocery,,,MIDDLEBURY,ADDISON,,,,,1
451808.251,163849.2621,1468,redacted,0.18,Food Establishment,Caterer,,,MIDDLEBURY,ADDISON,,,,,1
446375.0177,168713.4608,1469,redacted,0.252,Food Establishment,Restaurant,,,MIDDLEBURY,ADDISON,,,,,1
446931.1126,168064.5009,1471,redacted,0.26103,Food Establishment,School,,,MIDDLEBURY,ADDISON,,,,,1
445442.3506,168409.9659,1472,redacted,0.26,Food Establishment,Caterer,,,MIDDLEBURY,ADDISON,,,,,1
446296.6419,168936.3295,1473,redacted,0.18,Food Establishment,Grocery,"Beer, wine, liquor store",,MIDDLEBURY,ADDISON,,,,,1
446296.6419,168936.3295,1474,redacted,0.05,Food Establishment,Mobile Unit,,,MIDDLEBURY,ADDISON,,,,,1
445357.3332,166855.04,1475,redacted,0.42,Food Establishment,Restaurant,,,MIDDLEBURY,ADDISON,,,,,1
445658.4686,167385.9167,1476,redacted,0.05,Food Establishment,Mobile Unit,,,MIDDLEBURY,ADDISON,,,,,1
446444.3906,168368.4385,1477,redacted,0.26,Food Establishment,Restaurant,,,MIDDLEBURY,ADDISON,,,,,1
446444.3906,168368.4385,1478,redacted,0.525,Food Establishment,Restaurant,,,MIDDLEBURY,ADDISON,,,,,1
446402.4967,168146.5458,1479,redacted,2.3625,Food Establishment,Restaurant,,,MIDDLEBURY,ADDISON,,,,,1
446731.8042,168210.5542,1480,redacted,0.055,Food Establishment,Caterer,,,MIDDLEBURY,ADDISON,,,,,1
446665.1933,168900.0109,1481,redacted,0.7245,Food Establishment,Lodging,,,MIDDLEBURY,ADDISON,,,,,1
450072.3339,164562.145,1483,redacted,0.603636177,Food Manufacturer,Food Processor,,,MIDDLEBURY,ADDISON,,,,,1
446383.5765,168780.0611,1484,redacted,2.4675,Food Establishment,Restaurant,,,MIDDLEBURY,ADDISON,,,,,1
447411.6953,166982.8392,1485,redacted,0.72,Food Establishment,Bakery,,,MIDDLEBURY,ADDISON,,,,,1
447411.6953,166982.8392,1486,redacted,0.18,Food Establishment,Grocery,"Beer, wine, liquor store",,MIDDLEBURY,ADDISON,,,,,1
447417.6141,167727.2671,1487,redacted,0.05,Food Establishment,Caterer,,,MIDDLEBURY,ADDISON,,,,,1
447524.9476,167104.167,1488,redacted,0.777,Food Establishment,Restaurant,,,MIDDLEBURY,ADDISON,,,,,1
446336.6409,168924.893,1490,redacted,0.055,Food Establishment,Caterer,,,MIDDLEBURY,ADDISON,,,,,1
446275.7308,168336.4719,1491,redacted,0.525,Food Establishment,Restaurant,,,MIDDLEBURY,ADDISON,,,,,1
445497.4237,169253.9967,1492,redacted,,Food Manufacturer,Food Processor,Fats/Oils,,MIDDLEBURY,ADDISON,,,,,1
446302.8346,166736.1814,1493,redacted,0.55125,Nursing/Assisted Living,Residential Facility,,,MIDDLEBURY,ADDISON,,,,,1
447637.9319,167192.164,1494,redacted,0.42,Food Establishment,Lodging,,,MIDDLEBURY,ADDISON,,,,,1
450555.3539,163702.9399,1495,redacted,0.18,Food Establishment,Convenience Store,,,MIDDLEBURY,ADDISON,,,,,1
445828.3301,168540.1317,1496,redacted,0.042,Food Establishment,Lodging,,,MIDDLEBURY,ADDISON,,,,,1
446293.3187,169514.1612,1497,redacted,,Food Manufacturer,Feed/Animal Products,,,MIDDLEBURY,ADDISON,,,,,1
447380.0351,166027.4976,1498,redacted,0.3255,Nursing/Assisted Living,Residential Facility,,,MIDDLEBURY,ADDISON,,,,,1
451615.5139,163828.4449,1499,redacted,0.05,Food Establishment,Caterer,,,MIDDLEBURY,ADDISON,,,,,1
447360.0942,168561.0932,1500,redacted,0.05,Food Establishment,Home-based Business,,,MIDDLEBURY,ADDISON,,,,,1
446714.4237,168044.0203,1501,redacted,0.189,Food Establishment,Restaurant,Deli,,MIDDLEBURY,ADDISON,,,,,1
452352.8213,170378.8423,1502,redacted,,Food Manufacturer,Food Processor,,,MIDDLEBURY,ADDISON,,,,,1
446952.7669,168764.3577,1503,redacted,0.02625,Nursing/Assisted Living,Residential Facility,,,MIDDLEBURY,ADDISON,,,,,1
452489.0108,163666.5603,1504,redacted,1.512,Food Establishment,Lodging,,,MIDDLEBURY,ADDISON,,,,,1
447657.8596,166669.7634,1505,redacted,0.11461,Food Establishment,School,,,MIDDLEBURY,ADDISON,,,,,1
448132.9897,166910.4749,1506,redacted,0.05,Food Establishment,Private Club,,,MIDDLEBURY,ADDISON,,,,,1
446379.7018,168302.2931,1507,redacted,0.26,Food Establishment,Restaurant,,,MIDDLEBURY,ADDISON,,,,,1
447049.0827,167774.6539,1508,redacted,0.13,Food Establishment,Bakery,,,MIDDLEBURY,ADDISON,,,,,1
446886.2887,167475.9467,1509,redacted,0.063525,School,School,,,MIDDLEBURY,ADDISON,,,,,1
446412.1364,168346.4766,1510,redacted,1.5225,Food Establishment,Restaurant,,,MIDDLEBURY,ADDISON,,,,,1
451181.5641,163742.739,1511,redacted,0.18,Food Establishment,Convenience Store,,,MIDDLEBURY,ADDISON,,,,,1
446492.4118,168356.9381,1512,redacted,0.26,Food Establishment,Restaurant,,,MIDDLEBURY,ADDISON,,,,,1
446295.8467,169825.2665,1513,redacted,0.05,Food Establishment,Private Club,,,MIDDLEBURY,ADDISON,,,,,1
446210.2265,168170.3303,1514,redacted,1.05,Food Establishment,Restaurant,,,MIDDLEBURY,ADDISON,,,,,1
446210.2265,168170.3303,1515,redacted,0.26,Food Establishment,Restaurant,,,MIDDLEBURY,ADDISON,,,,,1
446194.0986,168159.3499,1516,redacted,0.2625,Food Establishment,Restaurant,,,MIDDLEBURY,ADDISON,,,,,1
446528.9793,168912.2229,1517,redacted,0.055,Food Establishment,Restaurant,,,MIDDLEBURY,ADDISON,,,,,1
447964.0396,166845.1325,1518,redacted,0.21,Food Establishment,Restaurant,,,MIDDLEBURY,ADDISON,,,,,1
446355.7361,168313.5991,1519,redacted,0.05,Food Establishment,Caterer,,,MIDDLEBURY,ADDISON,,,,,1
446272.6094,169925.4602,1520,redacted,0.05,Food Establishment,Caterer,,,MIDDLEBURY,ADDISON,,,,,1
446272.6094,169925.4602,1521,redacted,0.13,Food Establishment,Bakery,,,MIDDLEBURY,ADDISON,,,,,1
446265.0445,169981.0799,1522,redacted,0.05,Food Establishment,Caterer,,,MIDDLEBURY,ADDISON,,,,,1
446532.2349,168323.2811,1524,redacted,2.1,Food Establishment,Restaurant,,,MIDDLEBURY,ADDISON,,,,,1
440410.1946,186554.7754,1526,redacted,0,Food Manufacturer,Food Processor,,,VERGENNES,ADDISON,,,,,1
446823.1147,167598.6817,1527,redacted,0.13,Food Establishment,Concession Stand,Concession,,MIDDLEBURY,ADDISON,,,,,1
446823.1147,167598.6817,1528,redacted,0.10605,Food Establishment,School,,,MIDDLEBURY,ADDISON,,,,,1
446097.8748,170126.8928,1529,redacted,0,Food Establishment,Restaurant,Brewer,,MIDDLEBURY,ADDISON,,,,,1
446781.8839,168454.6062,1530,redacted,0.72,Food Establishment,Bakery,,,MIDDLEBURY,ADDISON,,,,,1
447551.3867,167403.9694,1531,redacted,0.26,Food Establishment,Restaurant,,,MIDDLEBURY,ADDISON,,,,,1
446290.8654,168225.2328,1532,redacted,1.05,Food Establishment,Restaurant,,,MIDDLEBURY,ADDISON,,,,,1
452494.6597,166688.8187,1533,redacted,0.055,Food Establishment,Home-based Business,,,MIDDLEBURY,ADDISON,,,,,1
446083.7459,170360.3528,1534,redacted,288.3461538,Food Manufacturer,Dairy,,,MIDDLEBURY,ADDISON,,,,,1
448193.7585,166476.6489,1535,redacted,1.974,Food Establishment,Restaurant,,,MIDDLEBURY,ADDISON,,,,,1
447412.932,167138.3913,1536,redacted,0.05,Food Establishment,Caterer,,,MIDDLEBURY,ADDISON,,,,,1
446301.8621,168591.8268,1537,redacted,0.26,Food Establishment,Restaurant,,,MIDDLEBURY,ADDISON,,,,,1
446984.1272,167675.1701,1538,redacted,0.2625,Food Establishment,Restaurant,,,MIDDLEBURY,ADDISON,,,,,1
446984.1272,167675.1701,1539,redacted,0.2625,Food Establishment,Restaurant,,,MIDDLEBURY,ADDISON,,,,,1
446268.7253,169447.6913,1540,redacted,,Food Establishment,Mobile Unit,Creamery,,WAITSFIELD,ADDISON,,,,,1
446268.7253,169447.6913,1541,redacted,,Food Manufacturer,Food Processor,,,MIDDLEBURY,ADDISON,,,,,1
445668.679,167652.5116,1542,redacted,0.05,Food Establishment,Caterer,,,MIDDLEBURY,ADDISON,,,,,1
445407.5246,168076.9042,1543,redacted,2.8875,Food Establishment,Restaurant,,,MIDDLEBURY,ADDISON,,,,,1
445685.8128,167785.7103,1544,redacted,1.4175,Food Establishment,Restaurant,,,MIDDLEBURY,ADDISON,,,,,1
448984.7639,193983.1985,1545,redacted,0.090965,Food Establishment,School,,,MONKTON,ADDISON,,,,,1
452420.6288,193035.0865,1546,redacted,0.05,Food Establishment,Caterer,,,MONKTON,ADDISON,,,,,1
450160.2938,195207.5897,1547,redacted,0.05,Food Establishment,Home-based Business,,,MONKTON,ADDISON,,,,,1
449643.789,189299.9803,1548,redacted,0.063,Food Establishment,Restaurant,,,MONKTON,ADDISON,,,,,1
450183.4915,195107.4056,1549,redacted,0.18,Food Establishment,Convenience Store,,,FERRISBURG,ADDISON,,,,,1
445959.4894,186473.482,1550,redacted,,Food Manufacturer,Dairy,Cheese,,MONKTON,ADDISON,,,,,1
449070.9518,192737.9866,1551,redacted,0.1875,Food Establishment,Caterer,,,MONKTON,ADDISON,,,,,1
449369.4318,197247.1501,1552,redacted,0.13,Food Establishment,Bakery,,,MONKTON,ADDISON,,,,,1
501231.4163,54475.60963,1553,redacted,,Food Manufacturer,Food Processor,,,MONKTON,ADDISON,,,,,1
448553.7656,193008.7091,1554,redacted,0.05,Food Establishment,Caterer,,,MONKTON,ADDISON,,,,,1
444817.7634,180015.8276,1555,redacted,0.13,Food Establishment,Bakery,,,NEW HAVEN,ADDISON,,,,,1
455259.8202,147324.9728,1556,redacted,0.13,Food Establishment,Bakery,,,BRANDON,,,,,,1
448105.4316,180733.5977,1557,redacted,0.05,Food Establishment,Caterer,,,NEW HAVEN,ADDISON,,,,,1
446080.7422,177838.5665,1558,redacted,0.84,Food Establishment,Lodging,,,NEW HAVEN,ADDISON,,,,,1
445908.8928,179340.0684,1560,redacted,0.063,Food Establishment,B&B,,,NEW HAVEN,ADDISON,,,,,1
447631.9888,180581.7799,1561,redacted,0.18,Food Establishment,Convenience Store,,,NEW HAVEN,ADDISON,,,,,1
447721.6168,180781.0802,1562,redacted,0.061585,Food Establishment,School,,,NEW HAVEN,ADDISON,,,,,1
445421.8678,180466.3808,1563,redacted,0.18,Food Establishment,Convenience Store,,,NEW HAVEN,ADDISON,,,,,1
445421.8678,180466.3808,1564,redacted,0.05,Food Establishment,Restaurant,,,NEW HAVEN,ADDISON,,,,,1
441822.4004,138662.0574,1566,redacted,0.18,Food Establishment,Grocery,,,ORWELL,ADDISON,,,,,1
435191.7701,145167.8157,1567,redacted,0.18,Food Establishment,Caterer,,,ORWELL,ADDISON,,,,,1
435691.4187,145240.7532,1568,redacted,0.057195,Food Establishment,School,,,ORWELL,ADDISON,,,,,1
435747.7452,145240.2096,1569,redacted,0.18,Food Establishment,Convenience Store,,,ORWELL,ADDISON,,,,,1
435908.0366,145171.996,1570,redacted,0.26,Food Establishment,Restaurant,,,ORWELL,ADDISON,,,,,1
435908.0366,145171.996,1571,redacted,0.2625,Food Establishment,Restaurant,,,ORWELL,ADDISON,,,,,1
479703.3818,203872.1149,1572,redacted,0.26,Food Establishment,Restaurant,,,ORWELL,ADDISON,,,,,1
438531.5143,139936.0257,1573,redacted,0.5775,Food Establishment,Camp,,,ORWELL,ADDISON,,,,,1
437249.7456,144936.9901,1574,redacted,0.042,Food Establishment,Restaurant,,,ORWELL,ADDISON,,,,,1
430947.6116,184102.6143,1575,redacted,0.0525,Food Establishment,B&B,,,PANTON,ADDISON,,,,,1
432281.4864,183888.7278,1576,redacted,0.05,Food Establishment,Caterer,,,PANTON,ADDISON,,,,,1
432717.9559,183539.7683,1577,redacted,0.18,Food Establishment,Grocery,,,PANTON,ADDISON,,,,,1
457876.7645,161663.4076,1578,redacted,0.63,Food Establishment,Camp,,,RIPTON,ADDISON,,,,,1
456783.7488,163914.919,1579,redacted,0.13,Food Establishment,Restaurant,Deli,,RIPTON,ADDISON,,,,,1
460493.2089,165647.316,1580,redacted,0.13,Food Establishment,Bakery,,,RIPTON,ADDISON,,,,,1
456791.9901,163948.199,1581,redacted,0.0226,Food Establishment,School,,,RIPTON,ADDISON,,,,,1
455145.7602,163759.1435,1582,redacted,0.525,Food Establishment,B&B,,,RIPTON,ADDISON,,,,,1
453927.2371,158156.3121,1583,redacted,1.12875,Food Establishment,Caterer,,,SALISBURY,ADDISON,,,,,1
447477.7392,160137.633,1584,redacted,0.08925,Nursing/Assisted Living,Residential Facility,,,SALISBURY,ADDISON,,,,,1
453058.9648,158029.065,1585,redacted,0.756,Food Establishment,Restaurant,,,SALISBURY,ADDISON,,,,,1
453058.9648,158029.065,1586,redacted,0.18,Food Establishment,Convenience Store,,,SALISBURY,ADDISON,,,,,1
450375.5354,157904.1503,1587,redacted,0.0565,Food Establishment,School,,,SALISBURY,ADDISON,,,,,1
454469.0899,156363.6666,1588,redacted,0.05,Food Establishment,Concession Stand,,,SALISBURY,ADDISON,,,,,1
451142.9875,161776.3085,1589,redacted,0.042,Nursing/Assisted Living,Residential Facility,,,SALISBURY,ADDISON,,,,,1
453264.4046,157549.8309,1590,redacted,1.0605,Food Establishment,Caterer,,,SALISBURY,ADDISON,,,,,1
446920.0912,157675.3377,1591,redacted,0.26,Food Establishment,Restaurant,,,SALISBURY,ADDISON,,,,,1
452911.6363,156507.869,1592,redacted,0.315,Food Establishment,Restaurant,,,SALISBURY,ADDISON,,,,,1
454469.0899,156363.6666,1593,redacted,0.05,Food Establishment,Caterer,,,SALISBURY,ADDISON,,,,,1
434418.9963,154931.416,1594,redacted,0.043505,Food Establishment,School,,,SHOREHAM,ADDISON,,,,,1
436135.8498,157981.5139,1596,redacted,0.13,Food Establishment,Home-based Business,,,SHOREHAM,ADDISON,,,,,1
437238.8483,153159.6366,1597,redacted,0.13,Food Establishment,Home-based Business,,,SHOREHAM,ADDISON,,,,,1
434324.736,151898.8477,1598,redacted,0.05,Food Establishment,Home-based Business,,,SHOREHAM,ADDISON,,,,,1
431613.7483,155637.5388,1599,redacted,0.05,Food Establishment,Caterer,,,SHOREHAM,ADDISON,,,,,1
431613.7483,155637.5388,1600,redacted,0.13,Food Establishment,Bakery,,,SHOREHAM,ADDISON,,,,,1
435110.6546,155813.5589,1601,redacted,0.252,Food Establishment,Restaurant,,,SHOREHAM,ADDISON,,,,,1
435110.6546,155813.5589,1602,redacted,0.1875,Food Establishment,Caterer,,,SHOREHAM,ADDISON,,,,,1
431365.8469,151084.2493,1603,redacted,0.13,Food Establishment,Bakery,,,SHOREHAM,ADDISON,,,,,1
434947.6252,159670.9415,1604,redacted,0.483,Food Establishment,Restaurant,,,SHOREHAM,ADDISON,,,,,1
429766.5463,151156.5125,1605,redacted,,Food Manufacturer,Sweets,,,SHOREHAM,ADDISON,,,,,1
434662.6687,155195.6954,1606,redacted,0.42,Food Establishment,B&B,,,SHOREHAM,ADDISON,,,,,1
460109.6427,185761.2603,1607,redacted,0.13,Food Establishment,Bakery,,,STARKSBORO,ADDISON,,,,,1
460567.2162,198014.6857,1608,redacted,,Food Manufacturer,Food Processor,,,STARKSBORO,ADDISON,,,,,1
455538.7811,192224.2761,1610,redacted,0.05,Food Establishment,Caterer,,,STARKSBORO,ADDISON,,,,,1
462360.5228,187781.4056,1611,redacted,0.05,Food Establishment,Caterer,,,STARKSBORO,ADDISON,,,,,1
454751.8697,193974.2126,1612,redacted,0.26,Food Establishment,Restaurant,,,STARKSBORO,ADDISON,,,,,1
455374.2759,193881.0536,1613,redacted,0.05,Food Establishment,Caterer,,,STARKSBORO,ADDISON,,,,,1
459837.9932,189729.7636,1614,redacted,0.13,Food Establishment,Home-based Business,,,STARKSBORO,ADDISON,,,,,1
454913.0627,190695.1168,1615,redacted,1.281,Food Establishment,Lodging,,,STARKSBORO,ADDISON,,,,,1
454674.462,196641.597,1616,redacted,0.01575,Nursing/Assisted Living,Residential Facility,,,STARKSBORO,ADDISON,,,,,1
458797.8813,185736.0139,1617,redacted,0.042,Food Establishment,Lodging,,,STARKSBORO,ADDISON,,,,,1
455439.1358,191669.3621,1618,redacted,0.10283,Food Establishment,School,,,STARKSBORO,ADDISON,,,,,1
455587.3397,191134.992,1619,redacted,0.05,Food Establishment,Caterer,,,STARKSBORO,ADDISON,,,,,1
439872.8755,185515.1283,1620,redacted,0.18,Food Establishment,Grocery,,,VERGENNES,ADDISON,,,,,1
439872.8755,185515.1283,1621,redacted,0.05,Food Establishment,Caterer,,,VERGENNES,ADDISON,,,,,1
439872.8755,185515.1283,1622,redacted,0.05,Food Establishment,Caterer,,,VERGENNES,ADDISON,,,,,1
440631.5883,186274.9698,1623,redacted,0.05,Food Establishment,Private Club,,,VERGENNES,ADDISON,,,,,1
438571.1073,185727.178,1624,redacted,0.028,Food Establishment,School,,,VERGENNES,ADDISON,,,,,1
439979.5718,184936.3242,1625,redacted,,Food Manufacturer,Sweets,,,VERGENNES,ADDISON,,,,,1
438804.1065,184980.4919,1626,redacted,0.13,Food Establishment,Bakery,,,PANTON,ADDISON,,,,,1
440829.8093,186084.2773,1627,redacted,0.26,Food Establishment,Mobile Unit,,,VERGENNES,ADDISON,,,,,1
440308.487,185922.3078,1628,redacted,0.1995,Food Establishment,Restaurant,,,VERGENNES,ADDISON,,,,,1
440316.4843,185922.2352,1629,redacted,0.72,Food Establishment,Bakery,,,VERGENNES,ADDISON,,,,,1
439880.7717,185503.944,1630,redacted,1.0395,Food Establishment,Restaurant,,,VERGENNES,ADDISON,,,,,1
439945.5657,185592.2489,1631,redacted,0.735,Food Establishment,Restaurant,,,VERGENNES,ADDISON,,,,,1
440385.2984,186454.9921,1632,redacted,0.05,Food Establishment,Caterer,,,VERGENNES,ADDISON,,,,,1
440267.2673,186667.1937,1633,redacted,0.6825,Food Establishment,Restaurant,,,VERGENNES,ADDISON,,,,,1
440792.0156,184551.1505,1635,redacted,0.04725,Nursing/Assisted Living,Residential Facility,,,VERGENNES,ADDISON,,,,,1
439688.2136,185439.0344,1636,redacted,0.1875,Food Establishment,Caterer,,,VERGENNES,ADDISON,,,,,1
439816.9928,185526.7516,1637,redacted,0.18,Food Establishment,Grocery,"Beer, wine, liquor store",,VERGENNES,ADDISON,,,,,1
440330.6331,186599.9455,1638,redacted,0.25725,Food Establishment,Bar,Bars/Pubs,,VERGENNES,ADDISON,,,,,1
444803.511,185949.7109,1639,redacted,0.05,Food Establishment,Caterer,,,VERGENNES,ADDISON,,,,,1
439760.6014,185482.8194,1640,redacted,0.2625,Food Establishment,Bakery,,,VERGENNES,ADDISON,,,,,1
440354.2192,186555.283,1641,redacted,0.378,Food Establishment,Restaurant,,,VERGENNES,ADDISON,,,,,1
439841.4943,185582.088,1642,redacted,0.13,Food Establishment,Restaurant,Bars/Pubs,,VERGENNES,ADDISON,,,,,1
432717.9559,183539.7683,1643,redacted,0.18,Food Establishment,Grocery,,,VERGENNES,ADDISON,,,,,1
441186.5462,184836.5248,1644,redacted,0.05,Food Establishment,Caterer,,,VERGENNES,ADDISON,,,,,1
439826.3123,185671.1238,1645,redacted,0.0945,Nursing/Assisted Living,Residential Facility,,,VERGENNES,ADDISON,,,,,1
439865.3858,185570.7574,1646,redacted,0.13,Food Establishment,Restaurant,Bars/Pubs,,VERGENNES,ADDISON,,,,,1
439944.754,185503.3594,1647,redacted,0.49875,Food Establishment,Bar,Bars/Pubs,,VERGENNES,ADDISON,,,,,1
440176.1843,185445.6896,1648,redacted,0.184755,Food Establishment,School,,,VERGENNES,ADDISON,,,,,1
431101.9283,188901.5656,1649,redacted,0.26,Food Establishment,Restaurant,,,VERGENNES,ADDISON,,,,,1
435733.3734,176875.6727,1650,redacted,0.05,Food Establishment,Caterer,,,ADDISON,ADDISON,,,,,1
440571.4931,185819.9166,1651,redacted,0.09555,Food Establishment,School,,,VERGENNES,ADDISON,,,,,1
427358.3644,174206.7456,1652,redacted,0.055,Food Establishment,Caterer,,,ADDISON,ADDISON,,,,,1
427324.7272,174062.6554,1653,redacted,0.189,Food Establishment,Restaurant,,,ADDISON,ADDISON,,,,,1
440204.9267,185967.6971,1654,redacted,0.1875,Food Establishment,Caterer,,,VERGENNES,ADDISON,,,,,1
440180.5307,185923.4706,1655,redacted,0.18,Food Establishment,Grocery,,,VERGENNES,ADDISON,,,,,1
440734.1314,185229.5082,1656,redacted,3.255,Food Establishment,Restaurant,,,VERGENNES,ADDISON,,,,,1
439833.5983,185593.2723,1657,redacted,,Food Manufacturer,Sweets,,,VERGENNES,ADDISON,,,,,1
437889.929,183044.4347,1658,redacted,0.72,Food Establishment,Grocery,,,VERGENNES,ADDISON,,,,,1
426450.0755,171072.0092,1659,redacted,0.42,Food Establishment,Restaurant,,,ADDISON,ADDISON,,,,,1
426450.0755,171072.0092,1660,redacted,0.05,Food Establishment,Caterer,,,VERGENNES,ADDISON,,,,,1
440051.6627,185824.6352,1661,redacted,0.126,Food Establishment,Lodging,,,VERGENNES,ADDISON,,,,,1
439998.1029,185213.9577,1662,redacted,0.05,Food Establishment,Church,,,VERGENNES,ADDISON,,,,,1
439114.8111,184844.263,1663,redacted,0.315,Food Establishment,Restaurant,,,VERGENNES,ADDISON,,,,,1
438668.1331,184981.7584,1664,redacted,0.05,Food Establishment,Caterer,,,VERGENNES,ADDISON,,,,,1
440243.7832,186722.9677,1665,redacted,0.72,Food Establishment,Grocery,,,VERGENNES,ADDISON,,,,,1
442911.2408,171531.5122,1666,redacted,0.02373,Food Establishment,School,,,MIDDLEBURY,ADDISON,,,,,1
445586.8963,169408.8227,1667,redacted,0.063,Food Establishment,Lodging,,,WEYBRIDGE,ADDISON,,,,,1
441343.4934,172800.8849,1668,redacted,0.055,Food Establishment,Caterer,,,WEYBRIDGE,ADDISON,,,,,1
443654.6378,151468.7483,1669,redacted,0.18,Food Establishment,Grocery,,,WHITING,ADDISON,,,,,1
443603.3874,151113.6185,1670,redacted,0.02712,School,School,,,WHITING,ADDISON,,,,,1
447616.2351,62719.09937,1671,redacted,0.18,Food Establishment,Grocery,,,ARLINGTON,BENNINGTON,,,,,1
447599.8589,62708.1152,1672,redacted,0.05,Food Establishment,Convenience Store,,,ARLINGTON,BENNINGTON,,,,,1
445565.1502,63957.2015,1673,redacted,0.504,Food Establishment,Lodging,,,ARLINGTON,BENNINGTON,,,,,1
445415.8519,60558.80853,1674,redacted,,Food Manufacturer,Home-based Business,,,ARLINGTON,BENNINGTON,,,,,1
443565.2202,65384.37906,1676,redacted,0.063,Food Establishment,B&B,,,ARLINGTON,BENNINGTON,,,,,1
447537.4295,65186.06262,1679,redacted,0.3465,Food Establishment,Restaurant,,,ARLINGTON,BENNINGTON,,,,,1
447537.4295,65186.06262,1680,redacted,0.13,Food Establishment,Bakery,,,ARLINGTON,BENNINGTON,,,,,1
446477.3395,62916.78847,1681,redacted,0.21,Food Establishment,Restaurant,,,ARLINGTON,BENNINGTON,,,,,1
442575.292,66770.2591,1682,redacted,0.18,Food Establishment,Convenience Store,,,ARLINGTON,BENNINGTON,,,,,1
446504.906,63316.52318,1683,redacted,0.252,Food Establishment,B&B,,,ARLINGTON,BENNINGTON,,,,,1
441357.9005,67213.89704,1685,redacted,0.189,Food Establishment,B&B,,,ARLINGTON,BENNINGTON,,,,,1
446622.5785,63782.21218,1686,redacted,0.18,Food Establishment,Grocery,,,ARLINGTON,BENNINGTON,,,,,1
446712.772,63859.27638,1687,redacted,0.18,Food Establishment,Convenience Store,,,ARLINGTON,BENNINGTON,,,,,1
446779.3966,64047.62274,1688,redacted,0.567,Food Establishment,Lodging,,,ARLINGTON,BENNINGTON,,,,,1
446730.966,64103.54893,1689,redacted,0.063,Food Establishment,B&B,,,ARLINGTON,BENNINGTON,,,,,1
446813.0968,64191.78701,1690,redacted,0.063,Food Establishment,B&B,,,ARLINGTON,BENNINGTON,,,,,1
446755.7513,63103.47919,1691,redacted,0.110175,Food Establishment,School,,,ARLINGTON,BENNINGTON,,,,,1
447769.7556,65750.87891,1692,redacted,0.18,Food Establishment,Grocery,Specialty foods,,ARLINGTON,BENNINGTON,,,,,1
446950.7159,63035.30465,1693,redacted,0.073,Food Establishment,School,,,ARLINGTON,BENNINGTON,,,,,1
447853.72,66083.52971,1694,redacted,0.672,Food Establishment,Restaurant,,,ARLINGTON,BENNINGTON,,,,,1
539624.4914,225529.2487,1696,redacted,1.05,Food Establishment,Restaurant,,,LYNDON,CALEDONIA,,,,,1
529870.1749,227466.1273,1697,redacted,0.13,Food Establishment,Home-based Business,,,LYNDON,CALEDONIA,,,,,1
539437.7557,226172.6245,1698,redacted,0.1,Food Establishment,Senior meals,,,LYNDONVILLE,CALEDONIA,,,,,1
539591.0027,225806.8516,1699,redacted,0.05,Food Establishment,Caterer,,,LYNDONVILLE,CALEDONIA,,,,,1
540802.4066,231615.0041,1700,redacted,0.05,Food Establishment,Caterer,,,LYNDONVILLE,CALEDONIA,,,,,1
543533.9245,243467.6738,1701,redacted,0.031155,Food Establishment,School,,,NEWARK,CALEDONIA,,,,,1
542866.7462,243663.2387,1702,redacted,0.26,Food Establishment,Restaurant,,,NEWARK,CALEDONIA,,,,,1
545328.1575,244213.4591,1703,redacted,,Food Manufacturer,Food Processor,,,NEWARK,CALEDONIA,,,,,1
526264.7581,203204.4423,1704,redacted,0.18,Food Establishment,Grocery,,,PEACHAM,CALEDONIA,,,,,1
526600.9226,202916.898,1705,redacted,0.02825,Food Establishment,School,,,PEACHAM,CALEDONIA,,,,,1
535101.879,186878.4398,1706,redacted,0.26,Food Establishment,Restaurant,,,RYEGATE,CALEDONIA,,,,,1
528838.2806,187492.4382,1707,redacted,0.18,Food Establishment,Grocery,,,RYEGATE,CALEDONIA,,,,,1
526752.2334,239709.2782,1710,redacted,0.06045,Food Establishment,School,,,SHEFFIELD,CALEDONIA,,,,,1
538536.8888,213199.3297,1711,redacted,0.26,Food Establishment,Restaurant,,,ST JOHNSBURY,CALEDONIA,,,,,1
538834.6148,214023.3884,1712,redacted,0.05,Food Establishment,Vending,,,ST JOHNSBURY,CALEDONIA,,,,,1
538283.0253,213031.1535,1713,redacted,0.16835,Food Establishment,Restaurant,,,ST JOHNSBURY,CALEDONIA,,,,,1
538501.9818,216410.5112,1714,redacted,0.26,Food Establishment,Restaurant,,,ST JOHNSBURY,CALEDONIA,,,,,1
538517.5073,216477.2756,1715,redacted,0.26,Food Establishment,Restaurant,,,ST JOHNSBURY,CALEDONIA,,,,,1
538517.5073,216477.2756,1716,redacted,0.26,Food Establishment,Restaurant,,,ST JOHNSBURY,CALEDONIA,,,,,1
538608.0949,215966.6556,1717,redacted,2.1,Food Establishment,Restaurant,,,ST JOHNSBURY,CALEDONIA,,,,,1
540230.9188,213576.2621,1718,redacted,,Food Manufacturer,Food Processor,,,ST JOHNSBURY,CALEDONIA,,,,,1
538556.8458,216555.293,1719,redacted,0.525,Food Establishment,Restaurant,,,ST JOHNSBURY,CALEDONIA,,,,,1
538369.5178,213220.5665,1720,redacted,0.525,Food Establishment,Restaurant,,,ST JOHNSBURY,CALEDONIA,,,,,1
540413.8007,213621.8417,1721,redacted,0.1,Food Establishment,Senior meals,,,ST JOHNSBURY,CALEDONIA,,,,,1
538083.4705,213107.769,1722,redacted,1.386,Food Establishment,Restaurant,,,ST JOHNSBURY,CALEDONIA,,,,,1
538122.3155,213274.6765,1723,redacted,0.525,Food Establishment,Restaurant,,,ST JOHNSBURY,CALEDONIA,,,,,1
538162.069,213286.0211,1724,redacted,0.05,Food Establishment,Caterer,,,ST JOHNSBURY,CALEDONIA,,,,,1
535902.9416,225785.4132,1725,redacted,0.18,Food Establishment,Grocery,,,ST JOHNSBURY,CALEDONIA,,,,,1
538169.8376,213319.4027,1726,redacted,0.42,Food Establishment,Restaurant,,,ST JOHNSBURY,CALEDONIA,,,,,1
538418.2559,214409.8428,1727,redacted,0.26,Food Establishment,Restaurant,,,ST JOHNSBURY,CALEDONIA,,,,,1
538418.2559,214409.8428,1728,redacted,0.735,Food Establishment,Restaurant,,,SAINT JOHNSBURY,CALEDONIA,,,,,1
538418.2559,214409.8428,1729,redacted,0.462,Food Establishment,Restaurant,,,ST JOHNSBURY,CALEDONIA,,,,,1
537929.5379,210817.7983,1730,redacted,1.16025,Correctional Facility,,,,ST JOHNSBURY,CALEDONIA,,,,,1
538869.4631,216190.452,1731,redacted,0.5775,Nursing/Assisted Living,Residential Facility,,,ST JOHNSBURY,CALEDONIA,,,,,1
539052.0805,216269.3291,1732,redacted,0.39375,Hospital,,,,ST JOHNSBURY,CALEDONIA,,,,,1
537556.3772,221638.8,1733,redacted,0.05,Food Establishment,Caterer,,,ST JOHNSBURY,CALEDONIA,,,,,1
537549.5787,221438.7417,1735,redacted,0.05,Food Establishment,Home-based Business,,,LYNDON,CALEDONIA,,,,,1
538453.4487,213843.3356,1737,redacted,0.063,Food Establishment,B&B,,,ST JOHNSBURY,CALEDONIA,,,,,1
538491.0738,212865.6979,1738,redacted,0.2625,Food Establishment,Restaurant,,,ST JOHNSBURY,CALEDONIA,,,,,1
538491.0738,212865.6979,1739,redacted,0.18,Food Establishment,Grocery,,,ST JOHNSBURY,CALEDONIA,,,,,1
534674.7356,205621.5531,1740,redacted,0.05,Food Establishment,Caterer,,,ST JOHNSBURY,CALEDONIA,,,,,1
538590.256,217633.3657,1741,redacted,0.21,Food Establishment,Restaurant,,,ST JOHNSBURY,CALEDONIA,,,,,1
538707.9141,217922.9794,1742,redacted,0.26,Food Establishment,Restaurant,,,ST JOHNSBURY,CALEDONIA,,,,,1
538707.9141,217922.9794,1743,redacted,0.126,Food Establishment,Restaurant,,,ST JOHNSBURY,CALEDONIA,,,,,1
538323.7534,214231.4935,1744,redacted,0.26,Food Establishment,Restaurant,,,ST JOHNSBURY,CALEDONIA,,,,,1
538371.5287,214231.7746,1745,redacted,0.252,Food Establishment,Bar,Bars/Pubs,,ST JOHNSBURY,CALEDONIA,,,,,1
539323.899,213437.3825,1746,redacted,0.05,Food Establishment,Caterer,,,ST JOHNSBURY,CALEDONIA,,,,,1
538713.0304,218400.8315,1747,redacted,0.05,Food Establishment,Caterer,,,ST JOHNSBURY,CALEDONIA,,,,,1
538608.7605,213166.4188,1748,redacted,0.26,Food Establishment,Restaurant,,,ST JOHNSBURY,CALEDONIA,,,,,1
537868.8963,213028.7349,1750,redacted,0.30597,Food Establishment,School,,,ST JOHNSBURY,CALEDONIA,,,,,1
537868.8963,213028.7349,1751,redacted,0.30597,School,School,,,ST JOHNSBURY,CALEDONIA,,,,,1
538444.5988,212643.1831,1752,redacted,0.231,Food Establishment,Restaurant,,,ST JOHNSBURY,CALEDONIA,,,,,1
538981.4007,213446.4375,1753,redacted,0.26,Food Establishment,Restaurant,,,ST JOHNSBURY,CALEDONIA,,,,,1
538981.4007,213446.4375,1754,redacted,1.05,Food Establishment,Restaurant,,,ST JOHNSBURY,CALEDONIA,,,,,1
538513.9163,213043.6254,1755,redacted,0.966,Food Establishment,Restaurant,,,ST JOHNSBURY,CALEDONIA,,,,,1
539013.2548,213446.6281,1756,redacted,0.18,Food Establishment,Grocery,,,ST JOHNSBURY,CALEDONIA,,,,,1
539012.9888,213491.0747,1757,redacted,0.26,Food Establishment,Restaurant,,,ST JOHNSBURY,CALEDONIA,,,,,1
539012.9888,213491.0747,1758,redacted,0.714,Food Establishment,Restaurant,,,ST JOHNSBURY,CALEDONIA,,,,,1
538481.4044,213154.5538,1759,redacted,0.39375,Food Establishment,Restaurant,Bars/Pubs,,ST JOHNSBURY,CALEDONIA,,,,,1
538584.6059,213210.7239,1761,redacted,0.26,Food Establishment,Restaurant,,,SAINT JOHNSBURY,CALEDONIA,,,,,1
538592.5697,213210.7711,1762,redacted,0.2625,Food Establishment,Restaurant,,,ST JOHNSBURY,CALEDONIA,,,,,1
539187.9846,213525.4606,1763,redacted,0.72,Food Establishment,Bakery,,,ST JOHNSBURY,CALEDONIA,,,,,1
539187.9846,213525.4606,1764,redacted,0.72,Food Establishment,Grocery,,,ST JOHNSBURY,CALEDONIA,,,,,1
538592.4381,213232.9944,1765,redacted,0.126,Food Establishment,Restaurant,,,ST JOHNSBURY,CALEDONIA,,,,,1
538592.4381,213232.9944,1766,redacted,0.26,Food Establishment,Restaurant,,,ST JOHNSBURY,CALEDONIA,,,,,1
538465.9644,214421.2363,1767,redacted,0.13,Food Establishment,Bakery,,,ST JOHNSBURY,CALEDONIA,,,,,1
538118.2866,213963.5994,1768,redacted,0.13,Food Establishment,Bakery,,,ST JOHNSBURY,CALEDONIA,,,,,1
538600.073,213288.5998,1769,redacted,0.13,Food Establishment,Bakery,,,ST JOHNSBURY,CALEDONIA,,,,,1
538600.073,213288.5998,1770,redacted,0.05,Food Establishment,Caterer,,,ST JOHNSBURY,CALEDONIA,,,,,1
538120.3011,213619.1378,1771,redacted,0.05,Food Establishment,Caterer,,,ST JOHNSBURY,CALEDONIA,,,,,1
538440.7333,213298.7703,1772,redacted,0.2205,Nursing/Assisted Living,Residential Facility,,,ST JOHNSBURY,CALEDONIA,,,,,1
542781.2522,214492.5849,1773,redacted,0.26,Food Establishment,Restaurant,,,ST JOHNSBURY,CALEDONIA,,,,,1
538543.9328,213354.9399,1774,redacted,0.26,Food Establishment,Bakery,,,ST JOHNSBURY,CALEDONIA,,,,,1
538623.4374,213377.6345,1775,redacted,0.055,Food Establishment,Caterer,,,ST JOHNSBURY,CALEDONIA,,,,,1
538630.4791,213533.2449,1776,redacted,0.8925,Food Establishment,Restaurant,,,ST JOHNSBURY,CALEDONIA,,,,,1
538567.1006,213477.3094,1777,redacted,0.126,Food Establishment,Bakery,,,ST JOHNSBURY,CALEDONIA,,,,,1
539482.6986,213516.1269,1778,redacted,0.2625,Food Establishment,Restaurant,,,ST JOHNSBURY,CALEDONIA,,,,,1
539546.3387,213527.6247,1779,redacted,0.18,Food Establishment,Grocery,,,ST JOHNSBURY,CALEDONIA,,,,,1
535227.9358,208013.5624,1780,redacted,0.18,Food Establishment,Grocery,"Beer, wine, liquor store",,ST JOHNSBURY,CALEDONIA,,,,,1
538645.8131,213633.3443,1781,redacted,0.13,Food Establishment,Bakery,,,ST JOHNSBURY,CALEDONIA,,,,,1
538653.1833,213733.3964,1782,redacted,0.72,Food Establishment,Grocery,,,ST JOHNSBURY,CALEDONIA,,,,,1
537793.999,213583.9017,1783,redacted,,Food Manufacturer,Food Processor,,,ST JOHNSBURY,CALEDONIA,,,,,1
538304.8282,213386.8667,1784,redacted,0.042,Nursing/Assisted Living,Residential Facility,,,ST JOHNSBURY,CALEDONIA,,,,,1
539760.8767,213606.7143,1785,redacted,0.18,Food Establishment,Grocery,,,ST JOHNSBURY,CALEDONIA,,,,,1
538471.6518,216154.7538,1786,redacted,0.72,Food Establishment,Grocery,,,ST JOHNSBURY,CALEDONIA,,,,,1
538574.2789,216299.818,1787,redacted,0.18,Food Establishment,Grocery,,,ST JOHNSBURY,CALEDONIA,,,,,1
538409.2058,213243.0243,1788,redacted,0.26,Food Establishment,Restaurant,,,ST JOHNSBURY,CALEDONIA,,,,,1
538401.373,213220.7541,1789,redacted,0.05,Food Establishment,Private Club,,,ST JOHNSBURY,CALEDONIA,,,,,1
538691.9438,213911.4193,1790,redacted,0.26,Food Establishment,Restaurant,,,ST JOHNSBURY,CALEDONIA,,,,,1
538502.3102,216354.9526,1792,redacted,0.588,Food Establishment,Restaurant,,,ST JOHNSBURY,CALEDONIA,,,,,1
539029.0488,213468.9467,1793,redacted,0.13,Food Establishment,Concession Stand,Concession,,ST JOHNSBURY,CALEDONIA,,,,,1
538707.8481,217934.0912,1794,redacted,0.055,Food Establishment,Caterer,,,ST JOHNSBURY,CALEDONIA,,,,,1
537924.4041,217173.8566,1795,redacted,1.05,Food Establishment,Hospital,,,ST JOHNSBURY,CALEDONIA,,,,,1
537763.4067,240686.5549,1796,redacted,,Food Manufacturer,Sweets,,,SUTTON,CALEDONIA,,,,,1
537466.5383,237173.2853,1797,redacted,0.05022,Food Establishment,School,,,SUTTON,CALEDONIA,,,,,1
522341.1547,216990.6223,1799,redacted,0.05022,Food Establishment,School,,,WALDEN,CALEDONIA,,,,,1
523888.0325,222729.8615,1800,redacted,0.05,Food Establishment,Mobile Unit,,,WALDEN,CALEDONIA,,,,,1
545693.0447,211445.3844,1803,redacted,0.13,Food Establishment,Bakery,,,WATERFORD,CALEDONIA,,,,,1
545693.0447,211445.3844,1804,redacted,0.055,Food Establishment,Caterer,,,WATERFORD,CALEDONIA,,,,,1
545604.797,211533.6642,1805,redacted,0.09831,Food Establishment,School,,,WATERFORD,CALEDONIA,,,,,1
547260.2315,206244.9465,1806,redacted,0.525,Food Establishment,Lodging,,,WATERFORD,CALEDONIA,,,,,1
549156.1812,207514.6117,1807,redacted,0.021,Nursing/Assisted Living,Residential Facility,,,WATERFORD,CALEDONIA,,,,,1
541346.4011,238452.631,1808,redacted,0.1,Food Establishment,Senior meals,,,WEST BURKE,CALEDONIA,,,,,1
544055.3844,251839.1284,1809,redacted,0.02625,Nursing/Assisted Living,Residential Facility,,,WEST BURKE,CALEDONIA,,,,,1
532874.4489,232069.9987,1811,redacted,0.055,Food Establishment,Bakery,,,WHEELOCK,CALEDONIA,,,,,1
532782.645,231380.5736,1812,redacted,0.05,Food Establishment,Caterer,,,WHEELOCK,CALEDONIA,,,,,1
441660.6041,207501.2867,1813,redacted,0.13,Food Establishment,Bakery,,,SHELBURNE,CHITTENDEN,,,,,1
469961.7907,208243.1984,1814,redacted,0.040115,Food Establishment,School,,,BOLTON,CHITTENDEN,,,,,1
472175.9602,213500.3859,1815,redacted,2.625,Food Establishment,Lodging,,,BOLTON,CHITTENDEN,,,,,1
467704.7504,215976.7451,1816,redacted,0.525,Food Establishment,Restaurant,,,BOLTON,CHITTENDEN,,,,,1
471840.0104,213157.3609,1817,redacted,0.735,Food Establishment,Restaurant,,,RICHMOND,CHITTENDEN,,,,,1
472104.1947,213478.4689,1818,redacted,0.26,Food Establishment,Restaurant,,,BOLTON,CHITTENDEN,,,,,1
472183.7814,213467.017,1819,redacted,0.26,Food Establishment,Restaurant,,,BOLTON,CHITTENDEN,,,,,1
472183.7814,213467.017,1820,redacted,0.504,Food Establishment,Restaurant,,,BOLTON,CHITTENDEN,,,,,1
472183.7814,213467.017,1821,redacted,0.9555,Food Establishment,Restaurant,,,BOLTON,CHITTENDEN,,,,,1
472183.7814,213467.017,1823,redacted,2.835,Food Establishment,Restaurant,,,BOLTON,CHITTENDEN,,,,,1
471816.3592,213213.0224,1824,redacted,0.05,Food Establishment,Caterer,,,BOLTON,CHITTENDEN,,,,,1
442511.3735,219895.3301,1825,redacted,0.26,Food Establishment,Restaurant,,,BURLINGTON,CHITTENDEN,,,,,1
442511.3735,219895.3301,1826,redacted,0.5565,Food Establishment,Restaurant,,,BURLINGTON,CHITTENDEN,,,,,1
443177.0417,218678.2071,1827,redacted,0.26,Food Establishment,Restaurant,Cafeteria,,BURLINGTON,CHITTENDEN,,,,,1
442636.5111,219649.7474,1828,redacted,2.1,Food Establishment,Restaurant,,,BURLINGTON,CHITTENDEN,,,,,1
442636.5111,219649.7474,1830,redacted,1.5,Food Establishment,Mobile Unit,,,BURLINGTON,CHITTENDEN,,,,,1
442636.5111,219649.7474,1835,redacted,1.5645,Food Establishment,Restaurant,,,BURLINGTON,CHITTENDEN,,,,,1
443147.4499,219845.2899,1836,redacted,0.483,Food Establishment,Restaurant,,,BURLINGTON,CHITTENDEN,,,,,1
443147.4499,219845.2899,1837,redacted,1.008,Food Establishment,Restaurant,,,BURLINGTON,CHITTENDEN,,,,,1
479656.8104,204283.3886,1838,redacted,0.18,Food Establishment,Mobile Unit,,,BURLINGTON,CHITTENDEN,,,,,1
441336.4469,221950.5551,1839,redacted,0.05,Food Establishment,Caterer,,,BURLINGTON,CHITTENDEN,,,,,1
445401.6375,221092.8147,1840,redacted,0.625,Food Establishment,Caterer,,,BURLINGTON,CHITTENDEN,,,,,1
442884.8538,220747.7138,1841,redacted,,Food Establishment,Convenience Store,,,BURLINGTON,CHITTENDEN,,,,,1
443291.5272,219944.0461,1842,redacted,0.18,Food Establishment,Grocery,Specialty foods,,BURLINGTON,CHITTENDEN,,,,,1
444038.3401,218892.9957,1843,redacted,0.13,Food Establishment,Bakery,,,BURLINGTON,CHITTENDEN,,,,,1
443291.5272,219944.0461,1844,redacted,1.68,Food Establishment,Restaurant,,,BURLINGTON,CHITTENDEN,,,,,1
443635.0042,218263.0591,1845,redacted,0.13,Food Establishment,Restaurant,Deli,,BURLINGTON,CHITTENDEN,,,,,1
439151.7548,224782.1761,1846,redacted,0.05,Food Establishment,Caterer,,,BURLINGTON,CHITTENDEN,,,,,1
445842.6416,218644.3674,1847,redacted,0.2625,Food Establishment,Restaurant,,,BURLINGTON,CHITTENDEN,,,,,1
443902.3927,220661.0696,1848,redacted,0.18,Food Establishment,Restaurant,,,BURLINGTON,CHITTENDEN,,,,,1
444749.5042,220175.9774,1849,redacted,1.05,Food Establishment,Restaurant,,,BURLINGTON,CHITTENDEN,,,,,1
444749.5042,220175.9774,1850,redacted,2.9505,Food Establishment,Restaurant,,,BURLINGTON,CHITTENDEN,,,,,1
444749.5042,220175.9774,1851,redacted,1.764,Food Establishment,Hospital,,,BURLINGTON,CHITTENDEN,,,,,1
444749.5042,220175.9774,1852,redacted,1.05,Food Establishment,Hospital,,,BURLINGTON,CHITTENDEN,,,,,1
442720.2792,220126.8529,1853,redacted,0.26,Food Establishment,Restaurant,,,BURLINGTON,CHITTENDEN,,,,,1
440719.3848,223189.6671,1856,redacted,0.05,Food Establishment,Caterer,,,BURLINGTON,CHITTENDEN,,,,,1
440719.3848,223189.6671,1858,redacted,0.42,Food Establishment,Bakery,,,BURLINGTON,CHITTENDEN,,,,,1
440719.3848,223189.6671,1859,redacted,0.13,Food Establishment,Bakery,,,BURLINGTON,CHITTENDEN,,,,,1
440719.3848,223189.6671,1860,redacted,0.21,Food Establishment,Restaurant,,,BURLINGTON,CHITTENDEN,,,,,1
440719.3848,223189.6671,1861,redacted,0.84,Food Establishment,Restaurant,,,BURLINGTON,CHITTENDEN,,,,,1
440799.4089,223244.5015,1862,redacted,0.05,Food Establishment,Restaurant,,,BURLINGTON,CHITTENDEN,,,,,1
440799.4089,223244.5015,1863,redacted,0.2625,Food Establishment,Restaurant,,,BURLINGTON,CHITTENDEN,,,,,1
440799.4089,223244.5015,1864,redacted,0.05,Food Establishment,Caterer,,,BURLINGTON,CHITTENDEN,,,,,1
444333.7003,219001.5883,1865,redacted,0.26,Food Establishment,Restaurant,,,BURLINGTON,CHITTENDEN,,,,,1
441503.3665,221937.9384,1866,redacted,0.3255,Food Establishment,Camp,,,BURLINGTON,CHITTENDEN,,,,,1
444328.7216,220279.5782,1868,redacted,0.05,Food Establishment,Caterer,,,BURLINGTON,CHITTENDEN,,,,,1
443799.2864,202204.1731,1870,redacted,0.05,Food Establishment,Caterer,,,CHARLOTTE,CHITTENDEN,,,,,1
445076.7898,202326.6702,1871,redacted,0.18,Food Establishment,Grocery,,,CHARLOTTE,CHITTENDEN,,,,,1
440050.8605,201470.6936,1872,redacted,0.1,Food Establishment,Private Club,,,CHARLOTTE,CHITTENDEN,,,,,1
439923.0031,201449.6414,1873,redacted,0.0315,Food Establishment,Restaurant,,,CHARLOTTE,CHITTENDEN,,,,,1
441396.8115,197624.7521,1874,redacted,0.063,Food Establishment,B&B,,,CHARLOTTE,CHITTENDEN,,,,,1
439711.6721,200162.5477,1876,redacted,3.675,Food Establishment,Restaurant,,,CHARLOTTE,CHITTENDEN,,,,,1
442049.5782,201919.4053,1877,redacted,0.219945,Food Establishment,School,,,CHARLOTTE,CHITTENDEN,,,,,1
441266.9916,197392.5567,1880,redacted,0.05,Food Establishment,Caterer,,,CHARLOTTE,CHITTENDEN,,,,,1
441422.7835,196957.7834,1881,redacted,0.13,Food Establishment,Bakery,,,CHARLOTTE,CHITTENDEN,,,,,1
445140.5145,202315.0232,1882,redacted,0.055,Food Establishment,Caterer,,,CHARLOTTE,CHITTENDEN,,,,,1
440250.6233,201502.2036,1883,redacted,0.05,Food Establishment,Caterer,,,CHARLOTTE,CHITTENDEN,,,,,1
439283.7029,201344.418,1884,redacted,,Food Manufacturer,Sweets,,,CHARLOTTE,CHITTENDEN,,,,,1
440144.0597,201192.0307,1885,redacted,0.252,Food Establishment,Restaurant,,,CHARLOTTE,CHITTENDEN,,,,,1
445725.4002,222712.5419,1886,redacted,0.26,Food Establishment,Restaurant,,,COLCHESTER,CHITTENDEN,,,,,1
447036.7972,221634.9192,1887,redacted,1.36165,Food Establishment,Bakery,,,COLCHESTER,CHITTENDEN,,,,,1
444681.3805,228055.4282,1888,redacted,0.05,Food Establishment,Mobile Unit,,,COLCHESTER,CHITTENDEN,,,,,1
441647.1835,228204.2446,1889,redacted,0.84,Food Establishment,Restaurant,,,COLCHESTER,CHITTENDEN,,,,,1
449376.9511,225927.9348,1890,redacted,0.05,Food Establishment,Caterer,,,COLCHESTER,CHITTENDEN,,,,,1
447270.628,227900.5202,1892,redacted,0.42,Food Establishment,Restaurant,,,COLCHESTER,CHITTENDEN,,,,,1
440592.167,226669.1333,1893,redacted,0.72,Food Establishment,Grocery,,,COLCHESTER,CHITTENDEN,,,,,1
440385.0207,226615.468,1894,redacted,0.13,Food Establishment,Restaurant,Bars/Pubs,,COLCHESTER,CHITTENDEN,,,,,1
440385.0207,226615.468,1895,redacted,0.126,Food Establishment,Restaurant,,,COLCHESTER,CHITTENDEN,,,,,1
442485.9765,234075.4511,1897,redacted,0.945,Food Establishment,Camp,,,COLCHESTER,CHITTENDEN,,,,,1
448443.8058,227535.4902,1898,redacted,0.05,Food Establishment,Mobile Unit,,,COLCHESTER,CHITTENDEN,,,,,1
438606.3726,227643.3182,1899,redacted,0.05,Food Establishment,Caterer,,,COLCHESTER,CHITTENDEN,,,,,1
443268.5631,227334.1838,1900,redacted,0.05,Food Establishment,Caterer,,,COLCHESTER,CHITTENDEN,,,,,1
443268.5631,227334.1838,1901,redacted,0.1785,Food Establishment,Convenience Store,,,COLCHESTER,CHITTENDEN,,,,,1
440493.5375,226314.4262,1902,redacted,2.1,Food Establishment,Restaurant,,,COLCHESTER,CHITTENDEN,,,,,1
448425.9132,223279.5178,1903,redacted,0.05,Food Establishment,Caterer,,,COLCHESTER,CHITTENDEN,,,,,1
448425.9132,223279.5178,1904,redacted,0.05,Food Establishment,Caterer,,,COLCHESTER,CHITTENDEN,,,,,1
446821.1934,233171.6106,1905,redacted,0.191720648,Food Manufacturer,Food Processor,,,COLCHESTER,CHITTENDEN,,,,,1
445830.5401,222922.8042,1907,redacted,0.126,Food Establishment,Convenience Store,,,COLCHESTER,CHITTENDEN,,,,,1
440417.831,226726.2951,1908,redacted,0.4725,Food Establishment,Restaurant,,,COLCHESTER,CHITTENDEN,,,,,1
440417.831,226726.2951,1909,redacted,0.18,Food Establishment,Grocery,,,COLCHESTER,CHITTENDEN,,,,,1
440417.831,226726.2951,1910,redacted,0.504,Food Establishment,Restaurant,,,COLCHESTER,CHITTENDEN,,,,,1
438827.9285,227541.21,1913,redacted,0.05,Food Establishment,Caterer,,,COLCHESTER,CHITTENDEN,,,,,1
446608.3646,225638.9555,1914,redacted,0.26,Food Establishment,Restaurant,,,COLCHESTER,CHITTENDEN,,,,,1
446261.9732,223163.6998,1916,redacted,1.218,Food Establishment,Restaurant,,,COLCHESTER,CHITTENDEN,,,,,1
446378.958,222884.9189,1917,redacted,0.72,Food Establishment,Restaurant,,,COLCHESTER,CHITTENDEN,,,,,1
440598.7929,226524.606,1919,redacted,0.26,Food Establishment,Bakery,,,COLCHESTER,CHITTENDEN,,,,,1
445428.9033,223392.8938,1920,redacted,1.3125,Food Establishment,Restaurant,,,COLCHESTER,CHITTENDEN,,,,,1
443540.2008,227498.5065,1921,redacted,0.252,Food Establishment,Restaurant,,,COLCHESTER,CHITTENDEN,,,,,1
443540.2008,227498.5065,1922,redacted,0.05,Food Establishment,Caterer,,,COLCHESTER,CHITTENDEN,,,,,1
444230.451,225514.4762,1923,redacted,0.13,Food Establishment,Bakery,,,COLCHESTER,CHITTENDEN,,,,,1
444230.451,225514.4762,1924,redacted,0.18,Food Establishment,Grocery,Farmers' Market,,COLCHESTER,CHITTENDEN,,,,,1
446671.2034,221671.2451,1925,redacted,0.26,Food Establishment,Restaurant,,,COLCHESTER,CHITTENDEN,,,,,1
443587.7832,227486.98,1926,redacted,0.42,Food Establishment,Restaurant,,,COLCHESTER,CHITTENDEN,,,,,1
440370.774,227660.2059,1927,redacted,0.13,Food Establishment,Bakery,,,COLCHESTER,CHITTENDEN,,,,,1
445838.0292,222867.1788,1928,redacted,0.945,Food Establishment,Restaurant,,,COLCHESTER,CHITTENDEN,,,,,1
447197.939,227756.6468,1929,redacted,0.18,Food Establishment,Grocery,,,COLCHESTER,CHITTENDEN,,,,,1
447197.939,227756.6468,1930,redacted,0.05,Food Establishment,,,,COLCHESTER,CHITTENDEN,,,,,1
445929.7045,228144.9208,1931,redacted,0.13,Food Establishment,Bakery,,,COLCHESTER,CHITTENDEN,,,,,1
447288.1446,228100.4056,1932,redacted,0.05,Food Establishment,Private Club,,,COLCHESTER,CHITTENDEN,,,,,1
445927.5365,223110.9107,1933,redacted,1.428,Food Establishment,Restaurant,,,COLCHESTER,CHITTENDEN,,,,,1
446303.8438,223418.9434,1935,redacted,,Food Manufacturer,Food Processor,Snacks,,COLCHESTER,CHITTENDEN,,,,,1
442227.8421,227376.7021,1936,redacted,0.13,Food Establishment,Restaurant,Concession,,COLCHESTER,CHITTENDEN,,,,,1
445984.7695,223299.349,1937,redacted,0.252,Food Establishment,Restaurant,,,COLCHESTER,CHITTENDEN,,,,,1
447761.8466,227718.7453,1938,redacted,0.26,Food Establishment,Home-based Business,,,COLCHESTER,CHITTENDEN,,,,,1
444553.2513,233512.8953,1939,redacted,0.05,Food Establishment,Caterer,,,COLCHESTER,CHITTENDEN,,,,,1
445991.4283,223143.7173,1940,redacted,0.1875,Food Establishment,Lodging,,,COLCHESTER,CHITTENDEN,,,,,1
445853.2855,222789.2635,1941,redacted,0.26,Food Establishment,Restaurant,,,COLCHESTER,CHITTENDEN,,,,,1
448038.1068,222515.842,1942,redacted,0.05,Food Establishment,Caterer,,,BURLINGTON,CHITTENDEN,,,,,1
445718.3759,222823.7266,1943,redacted,0.7875,Food Establishment,Restaurant,,,COLCHESTER,CHITTENDEN,,,,,1
449523.6518,227415.8762,1944,redacted,0.05,Food Establishment,Caterer,,,COLCHESTER,CHITTENDEN,,,,,1
440407.853,227370.9313,1945,redacted,0.756,Food Establishment,Restaurant,,,COLCHESTER,CHITTENDEN,,,,,1
448679.7504,223199.7207,1946,redacted,0.38325,Nursing/Assisted Living,Residential Facility,,,COLCHESTER,CHITTENDEN,,,,,1
440574.1361,226435.929,1947,redacted,0.13,Food Establishment,Restaurant,Deli,,COLCHESTER,CHITTENDEN,,,,,1
440574.1361,226435.929,1948,redacted,0.18,Food Establishment,Grocery,,,COLCHESTER,CHITTENDEN,,,,,1
440574.1361,226435.929,1949,redacted,0.26,Food Establishment,Restaurant,,,COLCHESTER,CHITTENDEN,,,,,1
440574.1361,226435.929,1950,redacted,0.26,Food Establishment,Restaurant,,,COLCHESTER,CHITTENDEN,,,,,1
440574.1361,226435.929,1951,redacted,0.26,Food Establishment,Restaurant,,,COLCHESTER,CHITTENDEN,,,,,1
440574.1361,226435.929,1952,redacted,0.084,Food Establishment,Restaurant,,,COLCHESTER,CHITTENDEN,,,,,1
446083.2312,223665.2473,1953,redacted,0,Food Manufacturer,Food Processor,,,COLCHESTER,CHITTENDEN,,,,,1
439951.808,227041.7488,1954,redacted,0.1695,Food Establishment,School,,,COLCHESTER,CHITTENDEN,,,,,1
445437.6757,233883.221,1955,redacted,,Food Manufacturer,Food Processor,,,COLCHESTER,CHITTENDEN,,,,,1
477710.1079,231913.8306,1956,redacted,0.26,Food Establishment,Restaurant,,,COLCHESTER,CHITTENDEN,,,,,1
439919.8139,227019.8191,1957,redacted,0.18,Food Establishment,Grocery,,,COLCHESTER,CHITTENDEN,,,,,1
445741.3049,222712.4091,1960,redacted,0.26,Food Establishment,Restaurant,,,COLCHESTER,CHITTENDEN,,,,,1
445663.5852,223879.8825,1961,redacted,0.26,Food Establishment,Restaurant,,,COLCHESTER,CHITTENDEN,,,,,1
447043.1758,232158.5332,1962,redacted,0.05,Food Establishment,Caterer,,,COLCHESTER,CHITTENDEN,,,,,1
441184.4077,226241.4543,1963,redacted,0.05,Food Establishment,Caterer,,,COLCHESTER,CHITTENDEN,,,,,1
445858.562,223422.6379,1964,redacted,0.72,Food Establishment,Bakery,,,COLCHESTER,CHITTENDEN,,,,,1
445797.6198,222789.7275,1965,redacted,0.672,Food Establishment,Restaurant,,,COLCHESTER,CHITTENDEN,,,,,1
446395.8003,226851.9846,1966,redacted,0.18,Food Establishment,Grocery,,,COLCHESTER,CHITTENDEN,,,,,1
445879.3703,224011.433,1967,redacted,0.4725,Food Establishment,Lodging,,,COLCHESTER,CHITTENDEN,,,,,1
448529.1961,223267.5865,1968,redacted,0.05,Food Establishment,Caterer,,,COLCHESTER,CHITTENDEN,,,,,1
445984.7695,223299.349,1969,redacted,0.18,Food Establishment,Grocery,,,COLCHESTER,CHITTENDEN,,,,,1
442043.0766,228045.1172,1970,redacted,0.05,Food Establishment,Caterer,,,COLCHESTER,CHITTENDEN,,,,,1
447621.7095,222163.5826,1971,redacted,0.18,Food Establishment,Caterer,,,COLCHESTER,CHITTENDEN,,,,,1
440510.248,226403.1757,1972,redacted,0.26,Food Establishment,Restaurant,,,COLCHESTER,CHITTENDEN,,,,,1
442043.6721,228111.7887,1973,redacted,0.504,Food Establishment,Restaurant,,,COLCHESTER,CHITTENDEN,,,,,1
449640.1949,226048.1259,1974,redacted,0.05,Food Establishment,Caterer,,,COLCHESTER,CHITTENDEN,,,,,1
447653.6109,222174.4382,1975,redacted,0.168,Food Establishment,Bakery,,,COLCHESTER,CHITTENDEN,,,,,1
445948.9895,222821.8048,1977,redacted,0.26,Food Establishment,Lodging,,,COLCHESTER,CHITTENDEN,,,,,1
445917.8279,222899.8521,1978,redacted,0.13,Food Establishment,Bakery,,,COLCHESTER,CHITTENDEN,,,,,1
445917.8279,222899.8521,1979,redacted,1.869,Food Establishment,Restaurant,,,COLCHESTER,CHITTENDEN,,,,,1
447765.3988,222229.1017,1980,redacted,0.05,Food Establishment,Caterer,,,COLCHESTER,CHITTENDEN,,,,,1
443213.2278,227368.006,1982,redacted,0.651,Food Establishment,Restaurant,,,COLCHESTER,CHITTENDEN,,,,,1
445976.6271,224232.8759,1983,redacted,0.05,Food Establishment,Caterer,,,COLCHESTER,CHITTENDEN,,,,,1
445976.6271,224232.8759,1984,redacted,0.252,Food Establishment,Restaurant,,,COLCHESTER,CHITTENDEN,,,,,1
441683.3078,229570.798,1985,redacted,1.3125,Food Establishment,Camp,,,COLCHESTER,CHITTENDEN,,,,,1
447660.3114,222018.8088,1986,redacted,0.7875,Food Establishment,Hospital,,,COLCHESTER,CHITTENDEN,,,,,1
443756.1558,226740.9654,1987,redacted,0.27346,Food Establishment,School,,,COLCHESTER,CHITTENDEN,,,,,1
443590.9981,226942.4277,1988,redacted,0.18615,School,School,,,COLCHESTER,CHITTENDEN,,,,,1
447548.3775,227853.8188,1989,redacted,0.137295,Food Establishment,School,,,COLCHESTER,CHITTENDEN,,,,,1
443272.5284,226878.5264,1990,redacted,0.1225,Food Establishment,School,,,COLCHESTER,CHITTENDEN,,,,,1
440298.2101,226682.9428,1991,redacted,0.05,Food Establishment,Concession Stand,,,COLCHESTER,CHITTENDEN,,,,,1
455808.9336,223802.9631,1993,redacted,0.26668,Food Establishment,School,,,ESSEX JUNCTION,CHITTENDEN,,,,,1
449595.1443,223314.7941,1994,redacted,0.26,Food Establishment,Restaurant,,,ESSEX JUNCTION,CHITTENDEN,,,,,1
449594.3686,223214.7876,1995,redacted,0.26,Food Establishment,Restaurant,,,ESSEX,CHITTENDEN,,,,,1
456122.776,220822.7347,1996,redacted,0.05,Food Establishment,Home-based Business,,,MILTON,CHITTENDEN,,,,,1
462866.346,223236.5254,1998,redacted,0.1875,Food Establishment,Caterer,,,ESSEX,CHITTENDEN,,,,,1
448742.4877,223088.1004,1999,redacted,0.05,Food Establishment,Caterer,,,ESSEX,CHITTENDEN,,,,,1
450633.9486,221884.4251,2000,redacted,0.05,Food Establishment,Caterer,,,ESSEX,CHITTENDEN,,,,,1
452368.8018,220926.9306,2001,redacted,0.12994,Food Establishment,School,,,ESSEX JUNCTION,CHITTENDEN,,,,,1
450474.6288,221852.2994,2002,redacted,0.26,Food Establishment,Restaurant,,,ESSEX JUNCTION,CHITTENDEN,,,,,1
455290.9019,223628.7091,2003,redacted,0.672,Food Establishment,Restaurant,,,ESSEX,CHITTENDEN,,,,,1
443297.7398,219743.9648,2004,redacted,0.26,Food Establishment,Restaurant,,,ESSEX,CHITTENDEN,,,,,1
457709.9189,222679.0827,2007,redacted,0.05,Food Establishment,Caterer,,,ESSEX,CHITTENDEN,,,,,1
450293.2314,222053.7079,2008,redacted,0.336,Food Establishment,Restaurant,,,ESSEX,CHITTENDEN,,,,,1
451536.3175,221299.7904,2009,redacted,0.05,Food Establishment,Caterer,,,ESSEX JUNCTION,CHITTENDEN,,,,,1
451304.9027,221201.5074,2011,redacted,0.2625,Food Establishment,Restaurant,,,ESSEX JUNCTION,CHITTENDEN,,,,,1
439715.4632,201440.4377,2012,redacted,0.150855,Food Establishment,School,,,ESSEX JUNCTION,CHITTENDEN,,,,,1
449945.4321,221300.7289,2013,redacted,0.13,Food Establishment,Bakery,,,ESSEX,CHITTENDEN,,,,,1
456929.4197,222506.4107,2014,redacted,0.05,Food Establishment,Caterer,,,ESSEX,CHITTENDEN,,,,,1
451605.7392,222077.1428,2015,redacted,0.504,Food Establishment,Restaurant,,,ESSEX,CHITTENDEN,,,,,1
451487.1897,222178.0382,2016,redacted,0.26,Food Establishment,Restaurant,,,ESSEX JUNCTION,CHITTENDEN,,,,,1
451621.8106,222099.248,2017,redacted,0.243425,Food Establishment,School,,,ESSEX JUNCTION,CHITTENDEN,,,,,1
450581.4154,221251.4149,2018,redacted,0.26,Food Establishment,Restaurant,,,ESSEX,CHITTENDEN,,,,,1
453681.5294,223184.3731,2020,redacted,0.05,Food Establishment,Concession Stand,,,ESSEX,CHITTENDEN,,,,,1
453681.5294,223184.3731,2021,redacted,0.09975,Food Establishment,Restaurant,Deli,,ESSEX,CHITTENDEN,,,,,1
453681.5294,223184.3731,2023,redacted,0.72,Food Establishment,Grocery,,,ESSEX,CHITTENDEN,,,,,1
444958.8844,220474.242,2024,redacted,0.18,Food Establishment,Convenience Store,,,ESSEX JUNCTION,CHITTENDEN,,,,,1
449458.9309,223182.502,2025,redacted,0.13,Food Establishment,Restaurant,Deli,,ESSEX,CHITTENDEN,,,,,1
448731.03,222643.6901,2026,redacted,0.003325,Food Establishment,School,,,COLCHESTER,CHITTENDEN,,,,,1
450567.7186,220495.8736,2027,redacted,,Food Manufacturer,Food Processor,,,ESSEX,CHITTENDEN,,,,,1
460502.3507,225472.9146,2028,redacted,0.13,Food Establishment,Bakery,,,ESSEX,CHITTENDEN,,,,,1
453678.793,221684.2213,2029,redacted,0.05,Food Establishment,Caterer,,,ESSEX,CHITTENDEN,,,,,1
449506.8138,223204.3548,2030,redacted,0.126,Food Establishment,Bakery,Deli,,ESSEX JUNCTION,CHITTENDEN,,,,,1
454952.9966,220764.0578,2031,redacted,0.05,Food Establishment,Caterer,,,ESSEX,CHITTENDEN,,,,,1
461228.9171,261651.1069,2032,redacted,0,Food Manufacturer,Food Processor,,,FAIRFIELD,FRANKLIN,,,,,1
456403.6621,222376.5678,2033,redacted,0.13,Food Establishment,Bakery,,,ESSEX,CHITTENDEN,,,,,1
455831.1476,222391.5449,2034,redacted,0.217525,Food Establishment,School,,,ESSEX JUNCTION,CHITTENDEN,,,,,1
454815.5246,228443.6736,2035,redacted,0.252,Food Establishment,Restaurant,,,ESSEX,CHITTENDEN,,,,,1
450134.9651,221121.4736,2036,redacted,0.13899,Food Establishment,School,,,ESSEX JUNCTION,CHITTENDEN,,,,,1
450552.8223,220629.336,2037,redacted,0.13,Food Establishment,Bakery,,,ESSEX,CHITTENDEN,,,,,1
453566.7132,222696.2472,2038,redacted,0.13,Food Establishment,Concession Stand,Deli,,ESSEX,CHITTENDEN,,,,,1
453499.595,223319.0211,2039,redacted,1.176,Food Establishment,Restaurant,,,ESSEX JUNCTION,CHITTENDEN,,,,,1
453499.595,223319.0211,2040,redacted,0.13,Food Establishment,Bakery,,,ESSEX,CHITTENDEN,,,,,1
451369.2005,221289.9256,2041,redacted,0.26,Food Establishment,Restaurant,,,ESSEX,CHITTENDEN,,,,,1
456040.6212,222790.1687,2042,redacted,0.15914,Food Establishment,School,,,ESSEX JUNCTION,CHITTENDEN,,,,,1
453567.2263,220540.444,2043,redacted,0.05,Food Establishment,Caterer,,,ESSEX JUNCTION,CHITTENDEN,,,,,1
453538.9553,223263.1776,2044,redacted,0.7455,Food Establishment,Restaurant,,,ESSEX JUNCTION,CHITTENDEN,,,,,1
453202.4287,222909.9953,2045,redacted,2.1105,Food Establishment,Restaurant,,,ESSEX JUNCTION,CHITTENDEN,,,,,1
458074.0074,223643.4933,2046,redacted,,Food Manufacturer,Food Processor,,,ESSEX,CHITTENDEN,,,,,1
451785.0182,218364.2729,2047,redacted,0.05,Food Establishment,Caterer,,,WILLISTON,CHITTENDEN,,,,,1
449228.9388,223262.0822,2050,redacted,0.13,Food Establishment,Bakery,,,ESSEX,CHITTENDEN,,,,,1
453995.0349,222537.6283,2051,redacted,0.26,Food Establishment,Lodging,,,ESSEX,CHITTENDEN,,,,,1
452169.8382,216583.4608,2053,redacted,0.26,Food Establishment,Restaurant,,,ESSEX,CHITTENDEN,,,,,1
453363.4624,223186.6478,2054,redacted,0.26,Food Establishment,Restaurant,,,ESSEX,CHITTENDEN,,,,,1
452097.9414,220873.358,2055,redacted,0.26,Food Establishment,Restaurant,,,ESSEX JUNCTION,CHITTENDEN,,,,,1
454809.3502,220698.3803,2056,redacted,0.05,Food Establishment,Home-based Business,,,ESSEX,CHITTENDEN,,,,,1
447751.3835,220484.5492,2057,redacted,,Food Manufacturer,Food Processor,,,SOUTH BURLINGTON,CHITTENDEN,,,,,1
455012.9206,223675.0771,2060,redacted,0.2625,Food Establishment,Restaurant,,,ESSEX,CHITTENDEN,,,,,1
454988.9904,223664.1305,2061,redacted,0.72,Food Establishment,Grocery,,,ESSEX,CHITTENDEN,,,,,1
460850.9599,225281.8952,2062,redacted,0.063,Food Establishment,Restaurant,,,ESSEX,CHITTENDEN,,,,,1
450705.1913,221839.4348,2063,redacted,0.13125,Food Establishment,Bakery,,,ESSEX JUNCTION,CHITTENDEN,,,,,1
450689.3689,221850.6672,2064,redacted,0.26,Food Establishment,Restaurant,,,ESSEX,CHITTENDEN,,,,,1
451206.002,221802.3198,2065,redacted,0.075555,Food Establishment,School,,,ESSEX JUNCTION,CHITTENDEN,,,,,1
449594.3686,223214.7876,2066,redacted,0.13,Food Establishment,Restaurant,Bars/Pubs,,ESSEX JUNCTION,CHITTENDEN,,,,,1
449594.3686,223214.7876,2067,redacted,0.05,Food Establishment,Caterer,,,ESSEX JUNCTION,CHITTENDEN,,,,,1
449633.4381,223125.5848,2069,redacted,0.525,Food Establishment,Restaurant,,,ESSEX JUNCTION,CHITTENDEN,,,,,1
449572.4105,223459.433,2070,redacted,0.462,Food Establishment,Restaurant,,,ESSEX JUNCTION,CHITTENDEN,,,,,1
451465.478,221400.3305,2071,redacted,0.05,Food Establishment,Caterer,,,ESSEX JUNCTION,CHITTENDEN,,,,,1
451705.86,220565.1104,2072,redacted,0.26,Food Establishment,Restaurant,Cafeteria,,ESSEX JUNCTION,CHITTENDEN,,,,,1
450649.6865,221862.0808,2073,redacted,0.13,Food Establishment,Bakery,,,ESSEX JUNCTION,CHITTENDEN,,,,,1
450506.1884,221818.7217,2074,redacted,0.26,Food Establishment,Restaurant,,,ESSEX JUNCTION,CHITTENDEN,,,,,1
450254.4486,221142.7834,2075,redacted,0.13,Food Establishment,Bakery,,,ESSEX JUNCTION,CHITTENDEN,,,,,1
451465.9756,221467.0013,2076,redacted,0.252,Food Establishment,Restaurant,,,ESSEX JUNCTION,CHITTENDEN,,,,,1
450387.6509,221919.6373,2078,redacted,0.2625,Food Establishment,Bakery,,,ESSEX JUNCTION,CHITTENDEN,,,,,1
450986.2353,221137.2268,2079,redacted,0.13,Food Establishment,Bakery,,,ESSEX JUNCTION,CHITTENDEN,,,,,1
450269.3374,221009.3202,2080,redacted,0.05,Food Establishment,Caterer,,,ESSEX JUNCTION,CHITTENDEN,,,,,1
450332.2328,221953.3977,2081,redacted,0.987,Food Establishment,Restaurant,,,ESSEX JUNCTION,CHITTENDEN,,,,,1
457709.9189,222679.0827,2082,redacted,0.26,Food Establishment,Restaurant,,,ESSEX JUNCTION,CHITTENDEN,,,,,1
450079.6925,222210.9186,2084,redacted,0.189,Food Establishment,Restaurant,Deli,,ESSEX JUNCTION,CHITTENDEN,,,,,1
451473.5148,221411.3829,2085,redacted,0.2625,Food Establishment,Restaurant,,,ESSEX JUNCTION,CHITTENDEN,,,,,1
451536.3175,221299.7904,2086,redacted,0.18,Food Establishment,Grocery,,,ESSEX JUNCTION,CHITTENDEN,,,,,1
450040.355,222266.7832,2087,redacted,0.189,Food Establishment,Restaurant,,,ESSEX JUNCTION,CHITTENDEN,,,,,1
457502.6659,225036.2452,2088,redacted,0.18,Food Establishment,Grocery,,,ESSEX JUNCTION,CHITTENDEN,,,,,1
455520.0312,219926.7327,2089,redacted,0.18,Food Establishment,Grocery,Farmers' Market,,ESSEX JUNCTION,CHITTENDEN,,,,,1
451296.9486,221201.567,2090,redacted,0.1875,Food Establishment,Restaurant,,,ESSEX JUNCTION,CHITTENDEN,,,,,1
458655.5308,222561.8765,2091,redacted,0.063,Food Establishment,Lodging,,,ESSEX JUNCTION,CHITTENDEN,,,,,1
453427.5536,223252.8626,2092,redacted,0.252,Food Establishment,Restaurant,,,ESSEX JUNCTION,CHITTENDEN,,,,,1
451408.9705,221289.6283,2093,redacted,0.05,Food Establishment,Caterer,,,ESSEX JUNCTION,CHITTENDEN,,,,,1
449410.6151,223105.0904,2094,redacted,0.05,Food Establishment,Caterer,,,ESSEX JUNCTION,CHITTENDEN,,,,,1
449724.2184,222524.8075,2095,redacted,0.05,Food Establishment,Caterer,,,ESSEX JUNCTION,CHITTENDEN,,,,,1
453681.5294,223184.3731,2096,redacted,0.72,Food Establishment,Caterer,,,ESSEX JUNCTION,CHITTENDEN,,,,,1
453681.5294,223184.3731,2097,redacted,0.21,Food Establishment,Restaurant,,,ESSEX,CHITTENDEN,,,,,1
453681.5294,223184.3731,2098,redacted,0.05,Food Establishment,Caterer,,,ESSEX JUNCTION,CHITTENDEN,,,,,1
453823.7911,223061.1245,2099,redacted,0.2625,Food Establishment,Restaurant,,,ESSEX,CHITTENDEN,,,,,1
455916.6358,220924.1393,2100,redacted,0.26,Food Establishment,Restaurant,,,ESSEX JUNCTION,CHITTENDEN,,,,,1
451239.9542,226324.8408,2101,redacted,0.05,Food Establishment,Caterer,,,ESSEX JUNCTION,CHITTENDEN,,,,,1
451979.8607,222118.8183,2102,redacted,0.13,Food Establishment,Bakery,,,ESSEX JUNCTION,CHITTENDEN,,,,,1
449489.0053,223982.3688,2103,redacted,,Food Manufacturer,Food Processor,,,ESSEX JUNCTION,CHITTENDEN,,,,,1
451328.0998,221112.4344,2104,redacted,0.13,Food Establishment,Bakery,,,ESSEX JUNCTION,CHITTENDEN,,,,,1
451328.0998,221112.4344,2105,redacted,0.252,Food Establishment,Restaurant,,,ESSEX JUNCTION,CHITTENDEN,,,,,1
451569.1266,221432.895,2106,redacted,0.672,Food Establishment,Restaurant,,,ESSEX JUNCTION,CHITTENDEN,,,,,1
451569.1266,221432.895,2107,redacted,0.4725,Food Establishment,Restaurant,,,ESSEX JUNCTION,CHITTENDEN,,,,,1
452037.9112,221362.746,2108,redacted,0.18,Food Establishment,Grocery,Online market,,ESSEX JUNCTION,CHITTENDEN,,,,,1
451287.746,221034.9496,2109,redacted,0.9975,Food Establishment,Restaurant,,,ESSEX JUNCTION,CHITTENDEN,,,,,1
451239.9367,221024.1955,2110,redacted,0.252,Food Establishment,Restaurant,,,ESSEX JUNCTION,CHITTENDEN,,,,,1
453479.8812,220563.2928,2111,redacted,0.8925,Food Establishment,Restaurant,,,ESSEX JUNCTION,CHITTENDEN,,,,,1
453499.595,223319.0211,2112,redacted,0.588,Food Establishment,Restaurant,,,ESSEX,CHITTENDEN,,,,,1
451427.1197,221589.5281,2113,redacted,0.05,Food Establishment,Caterer,,,ESSEX JUNCTION,CHITTENDEN,,,,,1
451450.151,221478.2318,2114,redacted,1.05,Food Establishment,Restaurant,,,ESSEX JUNCTION,CHITTENDEN,,,,,1
451392.8964,221267.5236,2116,redacted,4.2,Food Establishment,Restaurant,,,ESSEX JUNCTION,CHITTENDEN,,,,,1
451071.4745,220836.5496,2117,redacted,0.63,Food Establishment,Home-based Business,,,ESSEX,CHITTENDEN,,,,,1
453198.0636,221198.7193,2118,redacted,0.13,Food Establishment,Bakery,,,ESSEX JUNCTION,CHITTENDEN,,,,,1
450040.1289,220166.5315,2119,redacted,0.05,Food Establishment,Caterer,,,ESSEX JUNCTION,CHITTENDEN,,,,,1
449699.2025,223402.8879,2120,redacted,0.13,Food Establishment,Restaurant,Deli,,ESSEX JUNCTION,CHITTENDEN,,,,,1
450894.1415,221582.4189,2121,redacted,0.055,Food Establishment,Caterer,,,ESSEX JUNCTION,CHITTENDEN,,,,,1
450838.2978,221560.616,2122,redacted,0.26,Food Establishment,Restaurant,,,ESSEX JUNCTION,CHITTENDEN,,,,,1
451465.3121,221378.1069,2123,redacted,0.13,Food Establishment,Bakery,,,ESSEX JUNCTION,CHITTENDEN,,,,,1
450806.6512,221583.0802,2124,redacted,1.04475,Food Establishment,Caterer,,,ESSEX JUNCTION,CHITTENDEN,,,,,1
449489.097,222971.13,2126,redacted,0.18,Food Establishment,Restaurant,,,ESSEX JUNCTION,CHITTENDEN,,,,,1
450297.1756,223609.4242,2127,redacted,0.13,Food Establishment,Home-based Business,,,ESSEX JUNCTION,CHITTENDEN,,,,,1
453244.9068,223287.5113,2128,redacted,0.18,Food Establishment,Caterer,,,ESSEX JUNCTION,CHITTENDEN,,,,,1
450840.0621,221793.9639,2129,redacted,1.05,Food Establishment,,,,ESSEX JUNCTION,CHITTENDEN,,,,,1
454765.7415,223576.7817,2130,redacted,0.05,Food Establishment,Caterer,,,ESSEX,CHITTENDEN,,,,,1
450752.743,221816.8496,2131,redacted,0.72,Food Establishment,Grocery,,,ESSEX JUNCTION,CHITTENDEN,,,,,1
449831.8038,223068.4881,2132,redacted,0.13,Food Establishment,Home-based Business,,,ESSEX JUNCTION,CHITTENDEN,,,,,1
455665.8065,221470.3476,2133,redacted,0.13,Food Establishment,Home-based Business,,,ESSEX JUNCTION,CHITTENDEN,,,,,1
451329.1809,221256.8878,2134,redacted,0.525,Food Establishment,Restaurant,,,ESSEX JUNCTION,CHITTENDEN,,,,,1
454988.9904,223664.1305,2135,redacted,0.1785,Food Establishment,Restaurant,,,ESSEX JUNCTION,CHITTENDEN,,,,,1
450673.5465,221861.8997,2136,redacted,0.462,Food Establishment,Restaurant,,,ESSEX JUNCTION,CHITTENDEN,,,,,1
450435.9634,221997.056,2137,redacted,0.05,Food Establishment,Caterer,,,ESSEX JUNCTION,CHITTENDEN,,,,,1
451120.5369,204012.2079,2138,redacted,0.882,Food Establishment,Restaurant,,,HINESBURG,CHITTENDEN,,,,,1
451323.6716,203443.9749,2139,redacted,1.281,Food Establishment,Restaurant,,,HINESBURG,CHITTENDEN,,,,,1
451369.3782,203154.7203,2141,redacted,0.26,Food Establishment,Restaurant,,,HINESBURG,CHITTENDEN,,,,,1
451488.4437,203076.0514,2142,redacted,0.30397,Food Establishment,School,,,HINESBURG,CHITTENDEN,,,,,1
451632.5916,203152.7683,2143,redacted,0.7875,Food Establishment,Restaurant,,,HINESBURG,CHITTENDEN,,,,,1
451227.6122,204467.0051,2144,redacted,0.26,Food Establishment,Restaurant,Cafeteria,,HINESBURG,CHITTENDEN,,,,,1
454052.7581,201346.2834,2146,redacted,0.63,Food Establishment,Restaurant,,,HINESBURG,CHITTENDEN,,,,,1
454453.6401,199332.2145,2147,redacted,0.055,Food Establishment,Caterer,,,HINESBURG,CHITTENDEN,,,,,1
450703.1344,204715.4062,2148,redacted,0.525,Food Establishment,Restaurant,,,HINESBURG,CHITTENDEN,,,,,1
450703.1344,204715.4062,2149,redacted,0.13,Food Establishment,Convenience Store,Deli,,HINESBURG,CHITTENDEN,,,,,1
450703.1344,204715.4062,2150,redacted,0.18,Food Establishment,Grocery,,,HINESBURG,CHITTENDEN,,,,,1
453893.8594,204836.579,2151,redacted,0.05,Food Establishment,Caterer,,,HINESBURG,CHITTENDEN,,,,,1
451192.5618,204045.0062,2152,redacted,0.055,Food Establishment,Caterer,,,HINESBURG,CHITTENDEN,,,,,1
451192.5618,204045.0062,2153,redacted,0.18,Food Establishment,Convenience Store,,,HINESBURG,CHITTENDEN,,,,,1
451247.6417,203944.5862,2154,redacted,0.168,Food Establishment,Restaurant,,,HINESBURG,CHITTENDEN,,,,,1
451271.7329,203966.6308,2156,redacted,0.21,Food Establishment,Restaurant,,,HINESBURG,CHITTENDEN,,,,,1
453161.3488,206108.5654,2157,redacted,0.05,Food Establishment,Caterer,,,HINESBURG,CHITTENDEN,,,,,1
451351.6964,205066.1353,2158,redacted,0.2247,Food Establishment,School,,,HINESBURG,CHITTENDEN,,,,,1
454736.4724,203297.2299,2159,redacted,,Food Manufacturer,Food Processor,,,HINESBURG,CHITTENDEN,,,,,1
451799.2412,204118.2901,2161,redacted,0.01575,Nursing/Assisted Living,Residential Facility,,,HINESBURG,CHITTENDEN,,,,,1
454334.2609,202811.0973,2162,redacted,0.13,Food Establishment,Bakery,,,HINESBURG,CHITTENDEN,,,,,1
452957.0759,205421.0826,2163,redacted,0.05,Food Establishment,Caterer,,,HINESBURG,CHITTENDEN,,,,,1
452957.0759,205421.0826,2164,redacted,0.05,Food Establishment,Mobile Unit,,,HINESBURG,CHITTENDEN,,,,,1
452566.1481,198790.0162,2165,redacted,0.042,Food Establishment,Lodging,,,HINESBURG,CHITTENDEN,,,,,1
451211.0984,203322.5807,2166,redacted,0.1875,Food Establishment,Caterer,,,HINESBURG,CHITTENDEN,,,,,1
451513.773,203264.7691,2167,redacted,0.13,Food Establishment,Bakery,,,HINESBURG,CHITTENDEN,,,,,1
452867.8614,199676.7969,2168,redacted,0.13,Food Establishment,Home-based Business,,,HINESBURG,CHITTENDEN,,,,,1
451861.4488,204984.5763,2169,redacted,0.26,Food Establishment,Restaurant,,,HINESBURG,CHITTENDEN,,,,,1
450702.0331,205626.6107,2170,redacted,0.13,Food Establishment,Home-based Business,,,HINESBURG,CHITTENDEN,,,,,1
450117.8775,207442.3304,2171,redacted,0.2625,Food Establishment,Restaurant,,,HINESBURG,CHITTENDEN,,,,,1
447773.2411,206316.0958,2172,redacted,0.7875,Food Establishment,Restaurant,,,HINESBURG,CHITTENDEN,,,,,1
463002.9537,199611.6803,2173,redacted,0.087575,School,School,,,HUNTINGTON,CHITTENDEN,,,,,1
463486.1154,200386.7916,2174,redacted,,Food Manufacturer,Sweets,,,HUNTINGTON,CHITTENDEN,,,,,1
461536.3019,203987.0845,2175,redacted,,Food Manufacturer,Sweets,,,HUNTINGTON,CHITTENDEN,,,,,1
461139.7796,203022.6961,2176,redacted,0.18,Food Establishment,Caterer,,,HUNTINGTON,CHITTENDEN,,,,,1
461139.1194,202911.5813,2177,redacted,0.05,Food Establishment,Caterer,,,HUNTINGTON,CHITTENDEN,,,,,1
460966.3115,202023.6615,2178,redacted,0.05,Food Establishment,Caterer,,,HUNTINGTON,CHITTENDEN,,,,,1
461268.7156,203244.1686,2179,redacted,0.13,Food Establishment,Bakery,,,HUNTINGTON,CHITTENDEN,,,,,1
463475.7528,195664.3632,2180,redacted,0.05,Food Establishment,Caterer,,,HUNTINGTON,CHITTENDEN,,,,,1
457800.2202,205899.1664,2181,redacted,0.21,Food Establishment,Lodging,,,HUNTINGTON,CHITTENDEN,,,,,1
463040.7859,199244.7784,2182,redacted,0.13,Food Establishment,Home-based Business,,,HUNTINGTON,CHITTENDEN,,,,,1
458760.0575,202592.7922,2183,redacted,0.05,Food Establishment,Caterer,,,HUNTINGTON,CHITTENDEN,,,,,1
498694.9469,53209.21464,2184,redacted,0.06215,Food Establishment,School,,,UNDERHILL,CHITTENDEN,,,,,1
439030.4668,227105.9016,2186,redacted,0.15111,Food Establishment,School,,,JERICHO,CHITTENDEN,,,,,1
463242.0268,220767.49,2187,redacted,0.15505,Food Establishment,School,,,JERICHO,CHITTENDEN,,,,,1
463233.6884,223512.2415,2188,redacted,0.21,Food Establishment,Restaurant,,,JERICHO,CHITTENDEN,,,,,1
462348.6549,218972.4336,2189,redacted,0.05,Food Establishment,Home-based Business,,,JERICHO,CHITTENDEN,,,,,1
464335.04,224250.6191,2193,redacted,0.18,Food Establishment,Convenience Store,,,JERICHO,CHITTENDEN,,,,,1
464407.5058,224416.9044,2196,redacted,0.05,Food Establishment,Caterer,,,JERICHO,CHITTENDEN,,,,,1
464545.5683,224949.5343,2197,redacted,0.21,Food Establishment,B&B,,,JERICHO,CHITTENDEN,,,,,1
460247.5044,222796.415,2198,redacted,0.18,Food Establishment,Grocery,"Beer, wine, liquor store",,JERICHO,CHITTENDEN,,,,,1
459923.2558,221798.3051,2200,redacted,0.05,Food Establishment,Caterer,,,JERICHO,CHITTENDEN,,,,,1
462036.7004,215962.8656,2202,redacted,0.13,Food Establishment,Bakery,,,JERICHO,CHITTENDEN,,,,,1
460422.6534,222828.6828,2203,redacted,0.18,Food Establishment,Convenience Store,,,JERICHO,CHITTENDEN,,,,,1
463327.0335,223145.012,2204,redacted,,Food Manufacturer,Sweets,,,JERICHO,CHITTENDEN,,,,,1
460749.5599,222971.1594,2205,redacted,0.26,Food Establishment,Restaurant,,,JERICHO,CHITTENDEN,,,,,1
448367.0683,223880.0622,2206,redacted,,Food Manufacturer,Sweets,,,JERICHO,CHITTENDEN,,,,,1
461035.9607,222991.6606,2207,redacted,0.129385,Food Establishment,School,,,JERICHO,CHITTENDEN,,,,,1
459713.6122,222621.9063,2208,redacted,0.21,Food Establishment,Restaurant,,,JERICHO,CHITTENDEN,,,,,1
451162.1113,237082.4315,2209,redacted,0.126,Food Establishment,Restaurant,Deli,,MILTON,CHITTENDEN,,,,,1
446181.5853,245034.3328,2210,redacted,0.05,Food Establishment,Caterer,,,MILTON,CHITTENDEN,,,,,1
438610.7199,237322.694,2211,redacted,0.05,Food Establishment,Caterer,,,MILTON,CHITTENDEN,,,,,1
486202.0806,277673.3923,2212,redacted,0.13,Food Establishment,Restaurant,Bars/Pubs,,MILTON,CHITTENDEN,,,,,1
451080.7485,236816.3411,2213,redacted,0.05,Food Establishment,Private Club,,,MILTON,CHITTENDEN,,,,,1
451103.546,236682.8164,2214,redacted,0.13,Food Establishment,Bakery,,,MILTON,CHITTENDEN,,,,,1
451122.9041,236093.6975,2216,redacted,0.05,Food Establishment,Caterer,,,MILTON,CHITTENDEN,,,,,1
450999.2951,236539.1399,2217,redacted,0.21,Food Establishment,Restaurant,,,MILTON,CHITTENDEN,,,,,1
451938.1852,216474.0431,2218,redacted,0.18,Food Establishment,Restaurant,Specialty foods,,WILLISTON,CHITTENDEN,,,,,1
451423.3614,216822.3451,2219,redacted,0.26,Food Establishment,Restaurant,,,WILLISTON,CHITTENDEN,,,,,1
451547.7369,216421.3746,2220,redacted,0.2,Food Establishment,Restaurant,,,WILLISTON,CHITTENDEN,,,,,1
451547.7369,216421.3746,2221,redacted,0.2625,Food Establishment,Restaurant,,,WILLISTON,CHITTENDEN,,,,,1
451547.7369,216421.3746,2222,redacted,0.189,Food Establishment,Restaurant,,,WILLISTON,CHITTENDEN,,,,,1
451299.3163,216200.9808,2225,redacted,0.26,Food Establishment,Restaurant,,,WILLISTON,CHITTENDEN,,,,,1
455301.9005,212483.0334,2227,redacted,0.18,Food Establishment,Grocery,,,WILLISTON,CHITTENDEN,,,,,1
454382.8071,216589.8085,2228,redacted,0.13,Food Establishment,Bakery,,,WILLISTON,CHITTENDEN,,,,,1
453324.647,217775.2098,2229,redacted,0.315,Food Establishment,Restaurant,,,WILLISTON,CHITTENDEN,,,,,1
451275.02,216145.6009,2230,redacted,0.26,Food Establishment,Restaurant,,,WILLISTON,CHITTENDEN,,,,,1
451431.4866,216844.5091,2231,redacted,0.2625,Food Establishment,Bakery,,,WILLISTON,CHITTENDEN,,,,,1
453546.7974,216562.3812,2232,redacted,0.13,Food Establishment,Bakery,,,WILLISTON,CHITTENDEN,,,,,1
453546.7974,216562.3812,2233,redacted,0.13,Food Establishment,Home-based Business,,,WILLISTON,CHITTENDEN,,,,,1
451578.9159,216332.2441,2234,redacted,0.252,Food Establishment,Restaurant,,,WILLISTON,CHITTENDEN,,,,,1
449351.046,216471.4245,2235,redacted,,Food Manufacturer,Food Processor,,,WILLISTON,CHITTENDEN,,,,,1
455155.2878,215484.3325,2236,redacted,0.13,Food Establishment,Bakery,,,WILLISTON,CHITTENDEN,,,,,1
451277.9109,215467.7275,2237,redacted,0.672,Food Establishment,B&B,,,WILLISTON,CHITTENDEN,,,,,1
451447.4884,216855.5022,2238,redacted,0.252,Food Establishment,Restaurant,,,WILLISTON,CHITTENDEN,,,,,1
451443.8432,216366.5867,2241,redacted,0.05,Food Establishment,Concession Stand,,,WILLISTON,CHITTENDEN,,,,,1
454361.0485,215756.542,2243,redacted,0.52917,Food Establishment,School,,,WILLISTON,CHITTENDEN,,,,,1
451977.7388,216440.4144,2246,redacted,0.168,Food Establishment,Restaurant,,,WILLISTON,CHITTENDEN,,,,,1
451362.2586,217167.2838,2247,redacted,0.26,Food Establishment,Restaurant,,,WILLISTON,CHITTENDEN,,,,,1
454748.887,215431.5815,2249,redacted,0.18,Food Establishment,Grocery,,,WILLISTON,CHITTENDEN,,,,,1
451385.1402,217033.7648,2250,redacted,0.26,Food Establishment,Restaurant,,,WILLISTON,CHITTENDEN,,,,,1
451343.7666,216822.9393,2251,redacted,0.18,Food Establishment,Convenience Store,,,WILLISTON,CHITTENDEN,,,,,1
454487.0231,215555.6403,2252,redacted,0.105,Food Establishment,B&B,,,WILLISTON,CHITTENDEN,,,,,1
451483.0639,216288.5081,2254,redacted,1.0185,Food Establishment,Restaurant,,,WILLISTON,CHITTENDEN,,,,,1
451483.0639,216288.5081,2255,redacted,0.05,Food Establishment,Restaurant,,,WILLISTON,CHITTENDEN,,,,,1
451017.7836,215814.1603,2256,redacted,0.26,Food Establishment,Lodging,,,WILLISTON,CHITTENDEN,,,,,1
454998.4459,215829.8931,2258,redacted,0.714,Food Establishment,Restaurant,,,WILLISTON,CHITTENDEN,,,,,1
451047.7626,216625.1355,2259,redacted,0.21,Food Establishment,Restaurant,,,WILLISTON,CHITTENDEN,,,,,1
455620.2098,215947.8618,2260,redacted,0.42,Food Establishment,Restaurant,,,WILLISTON,CHITTENDEN,,,,,1
451094.638,215446.8761,2261,redacted,0.26,Food Establishment,Lodging,,,WILLISTON,CHITTENDEN,,,,,1
451519.7024,216932.7505,2262,redacted,0.05,Food Establishment,Convenience Store,,,WILLISTON,CHITTENDEN,,,,,1
451198.4499,219735.4675,2263,redacted,0.63,Food Establishment,Restaurant,,,WILLISTON,CHITTENDEN,,,,,1
450405.9851,218063.4874,2264,redacted,0.3675,Food Establishment,Caterer,,,WILLISTON,CHITTENDEN,,,,,1
450405.9851,218063.4874,2265,redacted,0.05,Food Establishment,Caterer,,,WILLISTON,CHITTENDEN,,,,,1
449586.6152,217080.778,2266,redacted,0.13,Food Establishment,Bakery,,,WILLISTON,CHITTENDEN,,,,,1
451190.1605,219691.0801,2267,redacted,0.055,Food Establishment,Caterer,,,WILLISTON,CHITTENDEN,,,,,1
450648.4294,216450.3518,2268,redacted,0.42,Food Establishment,Restaurant,,,WILLISTON,CHITTENDEN,,,,,1
449973.6932,217733.4234,2269,redacted,0.05,Food Manufacturer,Food Processor,,,WILLISTON,CHITTENDEN,,,,,1
451455.1165,216810.9959,2270,redacted,0.13,Food Establishment,Bakery,,,WILLISTON,CHITTENDEN,,,,,1
451165.7922,219624.5886,2271,redacted,0.13,Food Establishment,Restaurant,Deli,,WILLISTON,CHITTENDEN,,,,,1
451165.7922,219624.5886,2272,redacted,0.189,Food Establishment,Restaurant,,,WILLISTON,CHITTENDEN,,,,,1
451165.7922,219624.5886,2273,redacted,0.18,Food Establishment,Convenience Store,,,WILLISTON,CHITTENDEN,,,,,1
450385.1577,217419.128,2274,redacted,0.13,Food Establishment,Restaurant,Deli,,WILLISTON,CHITTENDEN,,,,,1
451503.5734,214765.9685,2275,redacted,0.13,Food Establishment,Bakery,,,WILLISTON,CHITTENDEN,,,,,1
451430.1606,216666.7217,2277,redacted,0.26,Food Establishment,Restaurant,,,WILLISTON,CHITTENDEN,,,,,1
452868.8524,217478.4612,2278,redacted,0.13,Food Establishment,Home-based Business,,,WILLISTON,CHITTENDEN,,,,,1
456324.46,216498.712,2279,redacted,0.063,Food Establishment,Lodging,,,WILLISTON,CHITTENDEN,,,,,1
450119.7537,218099.0116,2280,redacted,,Food Manufacturer,Food Processor,Rendering,,WILLISTON,CHITTENDEN,,,,,1
451433.8072,217155.6374,2281,redacted,0.525,Food Establishment,Lodging,,,WILLISTON,CHITTENDEN,,,,,1
450056.3267,216054.8204,2282,redacted,,Food Manufacturer,Food Processor,,,WILLISTON,CHITTENDEN,,,,,1
451235.884,216234.7924,2283,redacted,2.205,Food Establishment,Restaurant,,,WILLISTON,CHITTENDEN,,,,,1
451556.1928,216487.9856,2285,redacted,0.72,Food Establishment,Bakery,,,WILLISTON,CHITTENDEN,,,,,1
451133.4853,216380.0202,2286,redacted,0.72,Food Establishment,Bakery,,,WILLISTON,CHITTENDEN,,,,,1
450973.1976,216236.7644,2289,redacted,0.966,Food Establishment,Restaurant,,,WILLISTON,CHITTENDEN,,,,,1
450477.0466,215896.0352,2290,redacted,0.294,Food Establishment,Restaurant,,,WILLISTON,CHITTENDEN,,,,,1
454427.1164,217234.0096,2291,redacted,0.13,Food Establishment,Home-based Business,,,WILLISTON,CHITTENDEN,,,,,1
445412.8565,221481.6609,2292,redacted,0.126,Food Establishment,Restaurant,,,WINOOSKI,CHITTENDEN,,,,,1
445771.5206,221567.5605,2293,redacted,0.18,Food Establishment,Grocery,"Beer, wine, liquor store",,WINOOSKI,CHITTENDEN,,,,,1
445898.5029,221533.165,2294,redacted,0.26,Food Establishment,Cafeteria,,,WINOOSKI,CHITTENDEN,,,,,1
445158.5211,221506.0262,2295,redacted,0.483,Food Establishment,Bar,,,WINOOSKI,CHITTENDEN,,,,,1
445981.1795,221910.3052,2296,redacted,0.13,Food Establishment,Bakery,,,WINOOSKI,CHITTENDEN,,,,,1
445348.5721,221404.4128,2297,redacted,0.5985,Food Establishment,Restaurant,,,WINOOSKI,CHITTENDEN,,,,,1
445811.2892,221567.229,2298,redacted,0.21,Food Establishment,Caterer,,,WINOOSKI,CHITTENDEN,,,,,1
441768.4332,207078.0516,2299,redacted,0.13,Food Establishment,Bakery,,,"SHELBURNE,",CHITTENDEN,,,,,1
445537.5628,222125.1453,2300,redacted,0.13,Food Establishment,Convenience Store,Deli,,WINOOSKI,CHITTENDEN,,,,,1
445799.4577,222056.2811,2301,redacted,0.05,Food Establishment,Caterer,,,WINOOSKI,CHITTENDEN,,,,,1
445898.7803,221566.5004,2302,redacted,0.26,Food Establishment,Restaurant,,,WINOOSKI,CHITTENDEN,,,,,1
445142.7072,221517.2721,2304,redacted,0.26,Food Establishment,Restaurant,,,WINOOSKI,CHITTENDEN,,,,,1
445460.5795,221481.2605,2305,redacted,0.42,Food Establishment,Restaurant,,,WINOOSKI,CHITTENDEN,,,,,1
444844.3277,221975.4131,2306,redacted,0.05,Food Establishment,Caterer,,,WINOOSKI,CHITTENDEN,,,,,1
445236.1876,221283.1198,2307,redacted,0.05,Food Establishment,Caterer,,,WINOOSKI,CHITTENDEN,,,,,1
445498.6724,221280.9146,2308,redacted,0.18,Food Establishment,Grocery,Online market,,WINOOSKI,CHITTENDEN,,,,,1
445448.6808,221959.2016,2309,redacted,0.26,Food Establishment,Restaurant,,,WINOOSKI,CHITTENDEN,,,,,1
445480.4006,221947.8229,2310,redacted,0.2625,Food Establishment,Restaurant,,,WINOOSKI,CHITTENDEN,,,,,1
445379.7345,221326.3629,2311,redacted,0.26,Food Establishment,Restaurant,,,WINOOSKI,CHITTENDEN,,,,,1
452372.8139,222560.4241,2312,redacted,0.399,Food Establishment,Restaurant,,,WINOOSKI,CHITTENDEN,,,,,1
444688.0175,221365.5475,2313,redacted,0.13,Food Establishment,Bakery,,,WINOOSKI,CHITTENDEN,,,,,1
445515.6047,221403.0111,2314,redacted,0.15,Food Establishment,Restaurant,,,WINOOSKI,CHITTENDEN,,,,,1
445489.7514,222114.4334,2315,redacted,0.18,Food Establishment,Grocery,,,WINOOSKI,CHITTENDEN,,,,,1
444710.8236,222176.5742,2316,redacted,0.18,Food Establishment,Grocery,,,WINOOSKI,CHITTENDEN,,,,,1
444710.8236,222176.5742,2317,redacted,0.18,Food Establishment,Grocery,,,WINOOSKI,CHITTENDEN,,,,,1
444710.8236,222176.5742,2318,redacted,0.05,Food Establishment,Caterer,,,WINOOSKI,CHITTENDEN,,,,,1
445380.0145,221359.6983,2320,redacted,0.26,Food Establishment,Restaurant,,,WINOOSKI,CHITTENDEN,,,,,1
446265.2028,221630.1374,2321,redacted,0.055,Food Establishment,Caterer,,,WINOOSKI,CHITTENDEN,,,,,1
445380.1078,221370.8101,2322,redacted,0.336,Food Establishment,Bar,Bars/Pubs,,WINOOSKI,CHITTENDEN,,,,,1
445024.0579,221596.0624,2323,redacted,0.1,Food Establishment,Senior meals,,,WINOOSKI,CHITTENDEN,,,,,1
445024.0579,221596.0624,2324,redacted,0.05,Food Establishment,Caterer,,,WINOOSKI,CHITTENDEN,,,,,1
445024.0579,221596.0624,2325,redacted,0.72,Food Establishment,Grocery,,,WINOOSKI,CHITTENDEN,,,,,1
493160.7478,229790.0597,2326,redacted,0,Food Manufacturer,Food Processor,,,MORRISTOWN,LAMOILLE,,,,,1
442472.9416,196526.2151,2327,redacted,0,Food Manufacturer,Home-based Business,,,CHARLOTTE,CHITTENDEN,,,,,1
445602.4889,222280.1781,2328,redacted,,Food Manufacturer,Food Processor,,,WINOOSKI,CHITTENDEN,,,,,1
499406.1109,70927.95747,2329,redacted,0,Food Manufacturer,Food Processor,,,SAXTONS RIVER,,,,,,1
515190.4034,211636.3858,2331,redacted,,Food Manufacturer,Food Processor,,,WINOOSKI,CHITTENDEN,,,,,1
445602.4889,222280.1781,2332,redacted,0.13,Food Establishment,Bakery,,,WINOOSKI,CHITTENDEN,,,,,1
444647.6727,222232.6747,2333,redacted,0.05,Food Manufacturer,Food Processor,,,WINOOSKI,CHITTENDEN,,,,,1
445072.1556,221640.1063,2334,redacted,0.13,Food Establishment,Bakery,,,WINOOSKI,CHITTENDEN,,,,,1
445587.0483,222335.8703,2335,redacted,0.26,Food Establishment,Restaurant,,,WINOOSKI,CHITTENDEN,,,,,1
445380.2011,221381.9219,2337,redacted,0.525,Food Establishment,Restaurant,,,WINOOSKI,CHITTENDEN,,,,,1
479258.962,204562.4289,2338,redacted,0.525,Food Establishment,Restaurant,,,WINOOSKI,CHITTENDEN,,,,,1
445398.3485,221648.4715,2339,redacted,0.26,Food Establishment,Restaurant,,,WINOOSKI,CHITTENDEN,,,,,1
445380.2945,221393.0337,2340,redacted,0.26,Food Establishment,Restaurant,,,WINOOSKI,CHITTENDEN,,,,,1
523446.2311,256753.9922,2341,redacted,0.462,Food Establishment,Restaurant,,,WINOOSKI,CHITTENDEN,,,,,1
445380.5745,221426.3691,2342,redacted,0.6405,Food Establishment,Restaurant,,,WINOOSKI,CHITTENDEN,,,,,1
444739.0467,221754.0549,2343,redacted,0.231,Nursing/Assisted Living,Residential Facility,,,WINOOSKI,CHITTENDEN,,,,,1
445693.3124,222679.4721,2344,redacted,0.399,Food Establishment,Restaurant,,,WINOOSKI,CHITTENDEN,,,,,1
445950.7519,222077.2467,2345,redacted,0.05,Food Establishment,Caterer,,,WINOOSKI,CHITTENDEN,,,,,1
444897.552,221686.034,2346,redacted,0.13,Food Establishment,,Deli,,WINOOSKI,CHITTENDEN,,,,,1
444881.6448,221686.1689,2347,redacted,0.05,Food Establishment,Caterer,,,WINOOSKI,CHITTENDEN,,,,,1
445626.5881,221357.6318,2349,redacted,0.13,Food Establishment,Bakery,,,WINOOSKI,CHITTENDEN,,,,,1
445356.0591,221348.7869,2350,redacted,0.18,Food Establishment,Grocery,Specialty foods,,WINOOSKI,CHITTENDEN,,,,,1
445843.3891,222555.9815,2353,redacted,0.041475,Food Establishment,School,,,WINOOSKI,CHITTENDEN,,,,,1
445254.6217,221583.0045,2355,redacted,0.05,Food Establishment,Caterer,,,WINOOSKI,CHITTENDEN,,,,,1
562658.1083,277987.9891,2357,redacted,0.735,Food Establishment,Lodging,,,AVERILL,ESSEX,,,,,1
562460.6699,278019.3972,2358,redacted,0.18,Food Establishment,Grocery,,,AVERILL,ESSEX,,,,,1
568721.6392,250721.4514,2359,redacted,0.26,Food Establishment,Restaurant,,,BLOOMFIELD,ESSEX,,,,,1
548913.3716,257441.8118,2360,redacted,0.18,Food Establishment,Bakery,,,BRIGHTON,ESSEX,,,,,1
548931.0513,257197.4589,2361,redacted,0.055,Food Establishment,Caterer,,,BRIGHTON,ESSEX,,,,,1
548946.8713,257197.5793,2362,redacted,0.504,Food Establishment,Restaurant,,,BRIGHTON,ESSEX,,,,,1
548931.305,257164.1216,2363,redacted,0.26,Food Establishment,Bar,,,BRIGHTON,ESSEX,,,,,1
548937.6081,257375.3178,2364,redacted,0.26,Food Establishment,Restaurant,,,BRIGHTON,ESSEX,,,,,1
549000.7167,257398.0246,2365,redacted,0.26,Food Establishment,Restaurant,,,BRIGHTON,ESSEX,,,,,1
548907.9976,257108.379,2366,redacted,0.252,Food Establishment,Restaurant,,,BRIGHTON,ESSEX,,,,,1
548460.3427,257727.3209,2367,redacted,0.05,Food Establishment,Caterer,,,BRIGHTON,ESSEX,,,,,1
548962.0143,257286.5991,2368,redacted,0.26,Food Establishment,Restaurant,,,BRIGHTON,ESSEX,,,,,1
548978.3418,257220.045,2369,redacted,0.252,Food Establishment,Restaurant,,,BRIGHTON,ESSEX,,,,,1
548892.1774,257108.2587,2370,redacted,0.26,Food Establishment,Restaurant,,,BRIGHTON,ESSEX,,,,,1
547935.4279,258112.3424,2371,redacted,0.04972,Food Establishment,School,,,BRIGHTON,ESSEX,,,,,1
575923.6663,277809.5592,2373,redacted,2.1,Food Establishment,Restaurant,,,CANAAN,ESSEX,,,,,1
575714.4443,278162.7352,2374,redacted,0.13,Food Establishment,Home-based Business,,,CANAAN,ESSEX,,,,,1
575852.5703,277819.8291,2375,redacted,0.26,Food Establishment,Restaurant,,,CANAAN,ESSEX,,,,,1
569983.3546,279453.3028,2377,redacted,0.525,Food Establishment,Restaurant,,,CANAAN,ESSEX,,,,,1
578272.9287,279160.5299,2378,redacted,0.18,Food Establishment,Grocery,,,CANAAN,ESSEX,,,,,1
576026.3022,277799.6654,2379,redacted,0.13125,Food Establishment,Bar,Bars/Pubs,,CANAAN,ESSEX,,,,,1
575781.8525,270472.4548,2380,redacted,0.05,Food Establishment,Caterer,,,CANAAN,ESSEX,,,,,1
575877.6767,277697.8694,2381,redacted,0.07272,Food Establishment,School,,,CANAAN,ESSEX,,,,,1
549433.4964,215095.2675,2382,redacted,0.525,Food Establishment,Restaurant,,,CONCORD,ESSEX,,,,,1
549377.0073,215194.8501,2383,redacted,0.168,Food Establishment,Restaurant,,,CONCORD,ESSEX,,,,,1
549476.7089,215695.6616,2384,redacted,0.13,Food Establishment,Bakery,,,CONCORD,ESSEX,,,,,1
548410.248,214576.4187,2385,redacted,0.055,Food Establishment,Caterer,,,CONCORD,ESSEX,,,,,1
548516.4866,214210.5031,2386,redacted,0.07488,Food Establishment,School,,,CONCORD,ESSEX,,,,,1
545790.4318,216857.7186,2387,redacted,0.26,Food Establishment,Restaurant,,,CONCORD,ESSEX,,,,,1
548252.3587,237922.6036,2388,redacted,0.005115,School,School,,,EAST HAVEN,ESSEX,,,,,1
562559.186,213029.9849,2389,redacted,0.05301,Food Establishment,School,,,GILMAN,ESSEX,,,,,1
574617.2316,229782.2968,2390,redacted,0.26,Food Establishment,Restaurant,,,GUILDHALL,ESSEX,,,,,1
574320.7594,230001.1611,2391,redacted,0.010735,Food Establishment,School,,,GUILDHALL,ESSEX,,,,,1
571486.2368,229124.6866,2392,redacted,0.26,Food Establishment,Restaurant,,,GUILDHALL,ESSEX,,,,,1
549062.4681,257598.5308,2395,redacted,0.055,Food Establishment,Caterer,,,BRIGHTON,ESSEX,,,,,1
548842.269,257430.1582,2396,redacted,0.05,Food Establishment,Private Club,,,BRIGHTON,ESSEX,,,,,1
548962.0143,257286.5991,2397,redacted,0.5145,Food Establishment,Restaurant,,,ISLAND POND,ESSEX,,,,,1
564643.5384,214083.8049,2398,redacted,0.13,Food Establishment,Bakery,,,LUNENBURG,ESSEX,,,,,1
564990.5809,218410.1446,2399,redacted,0.18,Food Establishment,Grocery,,,LUNENBURG,ESSEX,,,,,1
560755.9045,219347.1594,2400,redacted,0.13,Food Establishment,Home-based Business,,,LUNENBURG,ESSEX,,,,,1
567451.3849,241172.6938,2401,redacted,0.05,Food Establishment,Caterer,,,MAIDSTONE,ESSEX,,,,,1
550322.5052,219569.2549,2402,redacted,0.084,Nursing/Assisted Living,Residential Facility,,,NORTH CONCORD,ESSEX,,,,,1
558476.2719,278281.7533,2403,redacted,0.05,Food Establishment,Caterer,,,NORTON,ESSEX,,,,,1
555173.2232,278207.9153,2404,redacted,0.18,Food Establishment,Grocery,,,NORTON,ESSEX,,,,,1
557503.2276,278639.6715,2405,redacted,0.903,Food Establishment,Restaurant,,,NORTON,ESSEX,,,,,1
476027.7589,253577.7455,2406,redacted,0.13,Food Establishment,Lodging,,,BAKERSFIELD,FRANKLIN,,,,,1
477928.7815,258649.3738,2407,redacted,0.546,Food Establishment,Restaurant,,,BAKERSFIELD,FRANKLIN,,,,,1
476122.9771,253644.0667,2408,redacted,0.18,Food Establishment,Caterer,,,BAKERSFIELD,FRANKLIN,,,,,1
467611.388,274828.9754,2409,redacted,0.05,Food Establishment,Caterer,,,BAKERSFIELD,FRANKLIN,,,,,1
476036.6246,253833.3003,2410,redacted,0.076725,Food Establishment,School,,,BAKERSFIELD,FRANKLIN,,,,,1
476130.6852,253588.4756,2411,redacted,0.13,Food Establishment,Restaurant,Deli,,BAKERSFIELD,FRANKLIN,,,,,1
476171.326,253877.2503,2412,redacted,0.26,Food Establishment,Restaurant,,,BAKERSFIELD,FRANKLIN,,,,,1
475770.8411,267280.5858,2413,redacted,0.18,Food Establishment,Grocery,"Beer, wine, liquor store",,BERKSHIRE,FRANKLIN,,,,,1
475356.996,270560.4366,2414,redacted,0.378,Food Establishment,Restaurant,,,BERKSHIRE,FRANKLIN,,,,,1
482712.1608,275848.2634,2415,redacted,0.13,Food Establishment,Bakery,,,BERKSHIRE,FRANKLIN,,,,,1
483447.6398,270523.2976,2416,redacted,0.05,Food Establishment,Caterer,,,BERKSHIRE,FRANKLIN,,,,,1
483408.0003,270456.7238,2417,redacted,0.18,Food Establishment,Convenience Store,,,BERKSHIRE,FRANKLIN,,,,,1
483376.3688,270434.5804,2418,redacted,1.05,Food Establishment,Restaurant,,,BERKSHIRE,FRANKLIN,,,,,1
478993.7963,274737.0023,2419,redacted,0.11413,Food Establishment,School,,,BERKSHIRE,FRANKLIN,,,,,1
471605.1673,253929.1117,2420,redacted,0.18,Food Establishment,Caterer,,,FAIRFIELD,FRANKLIN,,,,,1
476175.0533,267668.017,2421,redacted,1.05,Food Establishment,Restaurant,,,ENOSBURG,FRANKLIN,,,,,1
475826.0389,267258.1519,2422,redacted,0.21,Food Establishment,Restaurant,,,ENOSBURG FALLS,FRANKLIN,,,,,1
476189.8976,267412.3685,2423,redacted,0.0175,Food Establishment,Caterer,,,ENOSBURG,FRANKLIN,,,,,1
480206.7637,269043.3875,2424,redacted,2.625,Food Establishment,Restaurant,,,ENOSBURG,FRANKLIN,,,,,1
475897.6588,267402.348,2425,redacted,0.315,Food Establishment,Restaurant,,,ENOSBURG,FRANKLIN,,,,,1
476571.6453,268144.4035,2426,redacted,0.26,Food Establishment,Restaurant,,,ENOSBURG,FRANKLIN,,,,,1
476041.2214,267779.6435,2427,redacted,0.26,Food Establishment,Restaurant,,,ENOSBURG,FRANKLIN,,,,,1
475013.3858,267461.2981,2428,redacted,0.21,Food Establishment,Restaurant,,,ENOSBURG,FRANKLIN,,,,,1
476443.9972,267789.2631,2430,redacted,,Food Manufacturer,Dairy,Cheese,,ENOSBURG,FRANKLIN,,,,,1
487414.8305,264880.1593,2431,redacted,0.18,Food Establishment,Grocery,,,ENOSBURG FALLS,FRANKLIN,,,,,1
476310.8616,268089.7984,2432,redacted,0.26,Food Establishment,Restaurant,,,ENOSBURG FALLS,FRANKLIN,,,,,1
475826.0389,267258.1519,2433,redacted,0.2415,Food Establishment,Restaurant,,,ENOSBURG FALLS,FRANKLIN,,,,,1
475755.0043,267269.533,2434,redacted,0.18,Food Establishment,Grocery,"Beer, wine, liquor store",,ENOSBURG FALLS,FRANKLIN,,,,,1
475841.9594,267291.4302,2435,redacted,0.18,Food Establishment,Grocery,,,ENOSBURG FALLS,FRANKLIN,,,,,1
460943.7117,211580.0632,2436,redacted,0.05,Food Establishment,Convenience Store,,,ENOSBURG,FRANKLIN,,,,,1
479638.2042,269011.8312,2437,redacted,0.13,Food Establishment,Bakery,,,ENOSBURG,FRANKLIN,,,,,1
480159.3926,269043.534,2438,redacted,2.625,Food Establishment,Restaurant,,,ENOSBURG,FRANKLIN,,,,,1
476491.7779,263588.4803,2439,redacted,0.18,Food Establishment,Grocery,,,ENOSBURG FALLS,FRANKLIN,,,,,1
476491.7779,263588.4803,2440,redacted,0.05,Food Establishment,Caterer,,,ENOSBURG,FRANKLIN,,,,,1
476465.4025,267166.8705,2441,redacted,0.294,Nursing/Assisted Living,Residential Facility,,,ENOSBURG FALLS,FRANKLIN,,,,,1
475945.4593,267513.296,2442,redacted,,Food Manufacturer,Grocery,,,ENOSBURG,FRANKLIN,,,,,1
475898.1603,267535.6992,2443,redacted,0.504,Food Establishment,Restaurant,,,ENOSBURG,FRANKLIN,,,,,1
475937.896,267602.2265,2444,redacted,0.5145,Food Establishment,Restaurant,,,ENOSBURG FALLS,FRANKLIN,,,,,1
476351.681,266311.6082,2445,redacted,0.13,Food Establishment,Home-based Business,,,ENOSBURG,FRANKLIN,,,,,1
476658.1809,268055.1856,2446,redacted,0.13,Food Establishment,Bakery,,,ENOSBURG,FRANKLIN,,,,,1
475778.2346,267147.2048,2447,redacted,0.5145,Food Establishment,Restaurant,,,ENOSBURG,FRANKLIN,,,,,1
476228.477,267167.7448,2448,redacted,0.144075,Food Establishment,School,,,ENOSBURG,FRANKLIN,,,,,1
475992.3423,267379.7671,2449,redacted,0.072625,Food Establishment,School,,,ENOSBURG,FRANKLIN,,,,,1
459658.0431,240502.1087,2450,redacted,0.72,Food Establishment,Convenience Store,,,FAIRFAX,FRANKLIN,,,,,1
459659.3608,240713.2392,2452,redacted,0.126,Food Establishment,Bakery,,,FAIRFAX,FRANKLIN,,,,,1
459627.432,240680.1009,2453,redacted,0.603636177,Food Manufacturer,Food Processor,,,Milton,FRANKLIN,,,,,1
459627.432,240680.1009,2454,redacted,0.13,Food Manufacturer,Food Processor,,,HARDWICK,FRANKLIN,,,,,1
459627.432,240680.1009,2455,redacted,0.603636177,Food Manufacturer,Food Processor,,,WILLISTON,FRANKLIN,,,,,1
457340.1515,242583.9405,2456,redacted,0.063,Food Establishment,B&B,,,FAIRFAX,FRANKLIN,,,,,1
451849.5619,244144.9882,2457,redacted,0.18,Food Establishment,Grocery,,,FAIRFAX,FRANKLIN,,,,,1
458801.6346,241763.2334,2458,redacted,0.055,Food Establishment,Convenience Store,,,FAIRFAX,FRANKLIN,,,,,1
455323.1199,251265.5408,2461,redacted,0.05,Food Establishment,Caterer,,,FAIRFAX,FRANKLIN,,,,,1
459277.3137,240493.3836,2467,redacted,0.0567,Food Establishment,School,,,FAIRFAX,FRANKLIN,,,,,1
460301.3087,239353.5345,2468,redacted,0.055,Food Establishment,Convenience Store,,,FAIRFAX,FRANKLIN,,,,,1
451823.2136,243800.6876,2470,redacted,0.18,Food Establishment,Bakery,,,MILTON,FRANKLIN,,,,,1
459669.19,239746.3854,2471,redacted,0.13,Food Establishment,Bakery,,,FAIRFAX,FRANKLIN,,,,,1
464754.0395,255818.8048,2472,redacted,0.13,Food Establishment,Bakery,,,FAIRFIELD,FRANKLIN,,,,,1
464563.4276,255686.4992,2473,redacted,0.110205,Food Establishment,School,,,FAIRFIELD,FRANKLIN,,,,,1
461219.9403,253605.4704,2474,redacted,,Food Manufacturer,Maple Products,,,FAIRFIELD,FRANKLIN,,,,,1
471533.992,253940.5387,2475,redacted,0.13,Food Establishment,Bakery,,,FAIRFIELD,FRANKLIN,,,,,1
464809.6635,255862.9512,2476,redacted,0.126,Food Establishment,Bakery,,,FAIRFIELD,FRANKLIN,,,,,1
462403.0697,250197.9634,2477,redacted,0.063,Food Establishment,B&B,,,FLETCHER,FRANKLIN,,,,,1
466394.9435,241230.3311,2478,redacted,0.08136,Food Establishment,School,,,CAMBRIDGE,FRANKLIN,,,,,1
466876.4115,276088.5136,2479,redacted,0.081925,Food Establishment,School,,,FRANKLIN,FRANKLIN,,,,,1
470901.7999,276780.1526,2481,redacted,0.231,Food Establishment,Restaurant,,,FRANKLIN,FRANKLIN,,,,,1
473861.6617,277434.1383,2482,redacted,0.18,Food Establishment,Grocery,,,FRANKLIN,FRANKLIN,,,,,1
464868.449,278099.593,2483,redacted,0.13,Food Establishment,Bakery,,,FRANKLIN,FRANKLIN,,,,,1
467159.3574,275898.1319,2484,redacted,0.126,Food Establishment,Restaurant,,,FRANKLIN,FRANKLIN,,,,,1
463805.7576,268637.1998,2485,redacted,,Food Manufacturer,Meat/Poultry/Seafood,,,FRANKLIN,FRANKLIN,,,,,1
447593.4397,247123.065,2486,redacted,0.13,Food Establishment,Bakery,,,GEORGIA,FRANKLIN,,,,,1
451834.1244,244200.6674,2487,redacted,0.05,Food Establishment,Caterer,,,GEORGIA,FRANKLIN,,,,,1
453691.5441,250087.9845,2488,redacted,0.05,Food Establishment,Caterer,,,GEORGIA,FRANKLIN,,,,,1
451093.1409,243695.0477,2489,redacted,0.05,Food Establishment,Mobile Unit,,,GEORGIA,FRANKLIN,,,,,1
451351.543,248527.19,2490,redacted,0.284115,Food Establishment,School,,,GEORGIA,FRANKLIN,,,,,1
448977.8027,243844.77,2491,redacted,0.13,Food Establishment,Bakery,,,GEORGIA,FRANKLIN,,,,,1
451718.9239,243634.7744,2492,redacted,0.525,Food Establishment,Restaurant,,,GEORGIA,FRANKLIN,,,,,1
451576.0779,243613.6184,2493,redacted,0.05,Food Establishment,Caterer,,,GEORGIA,FRANKLIN,,,,,1
452578.9507,269910.689,2494,redacted,0.15715,Food Establishment,School,,,SWANTON,FRANKLIN,,,,,1
457057.1866,271379.3722,2495,redacted,0.13,Food Establishment,Restaurant,Deli,,HIGHGATE,FRANKLIN,,,,,1
457057.1866,271379.3722,2496,redacted,0.19436,Food Establishment,School,,,HIGHGATE CENTER,FRANKLIN,,,,,1
457184.2834,271500.7657,2497,redacted,0.05,Food Establishment,Caterer,,,HIGHGATE,FRANKLIN,,,,,1
456660.9091,271137.5529,2498,redacted,0.63,Food Establishment,Restaurant,,,HIGHGATE,FRANKLIN,,,,,1
452293.7397,275069.3806,2499,redacted,0.055,Food Establishment,Convenience Store,,,HIGHGATE,FRANKLIN,,,,,1
457023.4535,271057.3167,2500,redacted,0.05,Food Establishment,Home-based Business,,,HIGHGATE,FRANKLIN,,,,,1
452211.8733,275725.6801,2501,redacted,1.26,Food Establishment,Lodging,,,HIGHGATE,FRANKLIN,,,,,1
460601.026,277779.9783,2502,redacted,0.08925,Food Establishment,Camp,,,HIGHGATE,FRANKLIN,,,,,1
457765.1611,271019.0413,2503,redacted,0.05,Food Establishment,Mobile Unit,,,HIGHGATE,FRANKLIN,,,,,1
453497.3524,270270.6913,2504,redacted,,Food Manufacturer,Sweets,,,HIGHGATE,FRANKLIN,,,,,1
457118.9864,271178.9209,2505,redacted,0.18,Food Establishment,Convenience Store,,,HIGHGATE,FRANKLIN,,,,,1
457118.9864,271178.9209,2506,redacted,0.05,Food Establishment,Caterer,,,HIGHGATE,FRANKLIN,,,,,1
457818.9358,269596.206,2507,redacted,0.13,Food Establishment,Bakery,,,HIGHGATE,FRANKLIN,,,,,1
456920.9212,271069.119,2508,redacted,0.18,Food Establishment,Convenience Store,,,HIGHGATE,FRANKLIN,,,,,1
490795.8378,264652.1653,2509,redacted,,Food Manufacturer,Sweets,,,MONTGOMERY,FRANKLIN,,,,,1
491300.9317,264251.4081,2510,redacted,0.84,Food Establishment,Lodging,,,MONTGOMERY,FRANKLIN,,,,,1
494722.3838,264603.283,2511,redacted,0.525,Food Establishment,Restaurant,,,MONTGOMERY,FRANKLIN,,,,,1
489384.9291,266643.5,2512,redacted,0.18,Food Establishment,Convenience Store,,,MONTGOMERY,FRANKLIN,,,,,1
488911.3111,266799.8784,2513,redacted,0.26,Food Establishment,Restaurant,,,MONTGOMERY,FRANKLIN,,,,,1
488911.3111,266799.8784,2514,redacted,0.294,Food Establishment,B&B,,,MONTGOMERY,FRANKLIN,,,,,1
491214.1723,264362.652,2515,redacted,0.105,Food Establishment,Caterer,,,MONTGOMERY,FRANKLIN,,,,,1
475802.8082,267380.4799,2516,redacted,0.42,Food Establishment,Lodging,,,MONTGOMERY,FRANKLIN,,,,,1
490820.287,265174.4215,2517,redacted,0.06138,Food Establishment,School,,,MONTGOMERY,FRANKLIN,,,,,1
496887.3378,264979.6941,2518,redacted,0.26,Food Establishment,Restaurant,,,MONTGOMERY,FRANKLIN,,,,,1
488840.0944,266722.2136,2519,redacted,0.18,Food Establishment,Grocery,,,MONTGOMERY,FRANKLIN,,,,,1
486821.3725,264425.7346,2520,redacted,,Food Manufacturer,Food Processor,,,MONTGOMERY,FRANKLIN,,,,,1
460816.9932,211703.0555,2521,redacted,0.693,Food Establishment,Restaurant,,,MONTGOMERY,FRANKLIN,,,,,1
490165.2764,260463.6736,2522,redacted,,Food Manufacturer,Food Processor,,,MONTGOMERY,FRANKLIN,,,,,1
491229.9285,264329.2927,2523,redacted,0.2625,Food Establishment,B&B,,,MONTGOMERY,FRANKLIN,,,,,1
491466.7654,264184.51,2524,redacted,0.05,Food Establishment,Bakery,,,MONTGOMERY,FRANKLIN,,,,,1
486587.4659,277216.9458,2526,redacted,0.0406,Food Establishment,School,,,RICHFORD,FRANKLIN,,,,,1
485914.4416,275951.5332,2527,redacted,0.139555,Food Establishment,School,,,RICHFORD,FRANKLIN,,,,,1
485116.5446,275375.4754,2528,redacted,0.37275,Nursing/Assisted Living,Residential Facility,,,RICHFORD,FRANKLIN,,,,,1
486524.8071,277417.1085,2529,redacted,0.18,Food Establishment,Grocery,,,RICHFORD,FRANKLIN,,,,,1
486358.6798,277161.866,2530,redacted,0.26,Food Establishment,Bakery,,,RICHFORD,FRANKLIN,,,,,1
489420.6188,273900.0207,2531,redacted,0.26,Food Establishment,Restaurant,,,RICHFORD,FRANKLIN,,,,,1
486194.004,277584.5071,2532,redacted,0.126,Food Establishment,B&B,,,RICHFORD,FRANKLIN,,,,,1
486587.9558,277450.3141,2533,redacted,4.053,Food Establishment,Lodging,,,RICHFORD,FRANKLIN,,,,,1
486303.6981,277261.9991,2534,redacted,0.08925,Nursing/Assisted Living,Residential Facility,,,RICHFORD,FRANKLIN,,,,,1
486192.2031,276751.0493,2535,redacted,0.26,Food Establishment,Restaurant,,,RICHFORD,FRANKLIN,,,,,1
486192.2031,276751.0493,2536,redacted,0.05,Food Establishment,Caterer,,,RICHFORD,FRANKLIN,,,,,1
488868.6963,278612.7795,2537,redacted,0.525,Food Establishment,Restaurant,,,RICHFORD,FRANKLIN,,,,,1
486367.0866,277406.3302,2538,redacted,0.18,Food Establishment,Grocery,,,RICHFORD,FRANKLIN,,,,,1
486168.3296,276651.0856,2539,redacted,0.084,Food Establishment,Restaurant,,,RICHFORD,FRANKLIN,,,,,1
486034.0527,276551.3623,2540,redacted,0.21,Food Establishment,Restaurant,,,RICHFORD,FRANKLIN,,,,,1
486343.3607,277373.0424,2541,redacted,0.05,Food Establishment,Grocery,,,RICHFORD,FRANKLIN,,,,,1
486509.0609,277428.2545,2542,redacted,0.13,Food Establishment,Restaurant,Bars/Pubs,,RICHFORD,FRANKLIN,,,,,1
486509.0609,277428.2545,2543,redacted,0.26,Food Establishment,Restaurant,,,RICHFORD,FRANKLIN,,,,,1
486390.3861,277239.5882,2544,redacted,0.18,Food Establishment,Convenience Store,,,RICHFORD,FRANKLIN,,,,,1
489380.0107,273199.9855,2545,redacted,0.18,Food Establishment,Grocery,,,RICHFORD,FRANKLIN,,,,,1
487070.0757,278016.0743,2546,redacted,0,Food Manufacturer,Feed/Animal Products,,,RICHFORD,FRANKLIN,,,,,1
460197.83,264913.5111,2547,redacted,0.13,Food Establishment,Home-based Business,,,SHELDON,FRANKLIN,,,,,1
462391.3757,267122.8665,2548,redacted,0.18,Food Establishment,Caterer,,,SHELDON,FRANKLIN,,,,,1
464499.557,267021.9406,2549,redacted,0.26,Food Establishment,Restaurant,,,SHELDON,FRANKLIN,,,,,1
464499.557,267021.9406,2550,redacted,0.18,Food Establishment,,,,SHELDON,FRANKLIN,,,,,1
466297.1661,264923.0158,2551,redacted,0.18,Food Establishment,Convenience Store,,,SHELDON,FRANKLIN,,,,,1
464818.4013,264675.3596,2552,redacted,0.13,Food Establishment,Home-based Business,,,SHELDON,FRANKLIN,,,,,1
467180.7683,267763.3291,2553,redacted,0.05,Food Establishment,Caterer,,,SHELDON,FRANKLIN,,,,,1
467220.1956,267752.0144,2554,redacted,1.8375,Food Establishment,Restaurant,,,SHELDON,FRANKLIN,,,,,1
462572.8271,267088.4655,2555,redacted,0.105,Food Establishment,Convenience Store,,,SHELDON SPRINGS,FRANKLIN,,,,,1
462918.8473,266830.8564,2556,redacted,0.153115,Food Establishment,School,,,SHELDON,FRANKLIN,,,,,1
453693.2177,256922.4256,2557,redacted,0.26,Food Establishment,Restaurant,,,ST ALBANS CITY,FRANKLIN,,,,,1
453653.5061,256900.4856,2558,redacted,0.26,Food Establishment,Restaurant,,,ST ALBANS,FRANKLIN,,,,,1
454093.39,256463.9242,2559,redacted,0.084,Nursing/Assisted Living,Residential Facility,,,ST ALBANS,FRANKLIN,,,,,1
454381.4284,260262.5211,2560,redacted,0.05,Food Establishment,Caterer,,,ST ALBANS CITY,FRANKLIN,,,,,1
453551.555,257023.4642,2561,redacted,0.72,Food Establishment,Bakery,,,ST ALBANS,FRANKLIN,,,,,1
454055.278,253341.4581,2562,redacted,0.336,Nursing/Assisted Living,Residential Facility,,,ST ALBANS,FRANKLIN,,,,,1
451801.2478,257803.1458,2563,redacted,0.13,Food Establishment,Bakery,,,ST ALBANS,FRANKLIN,,,,,1
454726.8833,256548.3374,2564,redacted,0.3675,Food Establishment,Hospital,,,ST ALBANS,FRANKLIN,,,,,1
454012.8876,257375.7641,2565,redacted,0.2625,Food Establishment,Caterer,,,SAINT ALBANS,FRANKLIN,,,,,1
453432.4198,256957.6478,2566,redacted,0.05,Food Establishment,Caterer,,,ST ALBANS,FRANKLIN,,,,,1
453408.2865,256902.2577,2567,redacted,0.18,Food Establishment,Convenience Store,,,ST ALBANS,FRANKLIN,,,,,1
454139.2462,259564.1243,2568,redacted,0.189,Food Establishment,Bakery,,,ST ALBANS,FRANKLIN,,,,,1
453416.5993,256957.7624,2569,redacted,0.525,Food Establishment,Restaurant,,,ST ALBANS,FRANKLIN,,,,,1
453608.5042,256145.127,2570,redacted,0.26,Food Establishment,Restaurant,,,ST ALBANS,FRANKLIN,,,,,1
508114.2725,115615.3941,2571,redacted,0.2835,Food Establishment,Restaurant,,,HARTLAND,WINDSOR,,,,,1
502534.0618,125321.13,2573,redacted,0.063,Food Establishment,B&B,,,HARTLAND,WINDSOR,,,,,1
502727.7888,125221.2151,2574,redacted,0.042,Food Establishment,Restaurant,,,HARTLAND,WINDSOR,,,,,1
504378.4225,118667.1624,2575,redacted,0.13,Food Establishment,Bakery,,,HARTLAND,WINDSOR,,,,,1
507409.4573,124458.1585,2576,redacted,0.05,Food Establishment,Home-based Business,,,HARTLAND,WINDSOR,,,,,1
508195.1191,115593.2723,2577,redacted,0.084,Food Establishment,Restaurant,,,HARTLAND,WINDSOR,,,,,1
508090.0133,115626.4748,2579,redacted,0.18,Food Establishment,Convenience Store,,,HARTLAND,WINDSOR,,,,,1
506761.8367,118346.9495,2580,redacted,0.05,Food Establishment,Caterer,,,HARTLAND,WINDSOR,,,,,1
508559.1473,115327.0872,2582,redacted,0.17289,Food Establishment,School,,,HARTLAND,WINDSOR,,,,,1
483530.1089,99532.48641,2583,redacted,0.18,Food Establishment,Restaurant,Specialty foods,,LUDLOW,WINDSOR,,,,,1
484008.1105,99542.44777,2585,redacted,0.2625,Food Establishment,Bakery,,,LUDLOW,WINDSOR,,,,,1
482460.4318,102534.8124,2586,redacted,2.73,Food Establishment,Restaurant,,,LUDLOW,WINDSOR,,,,,1
482460.4318,102534.8124,2587,redacted,4.095,Food Establishment,Restaurant,,,LUDLOW,WINDSOR,,,,,1
482460.4318,102534.8124,2588,redacted,2.94,Food Establishment,Restaurant,,,LUDLOW,WINDSOR,,,,,1
482460.4318,102534.8124,2589,redacted,0.05,Food Establishment,Caterer,,,LUDLOW,WINDSOR,,,,,1
483951.5072,99587.02085,2590,redacted,0.26,Food Establishment,Restaurant,,,LUDLOW,WINDSOR,,,,,1
483408.5079,99499.45478,2591,redacted,0.525,Food Establishment,Restaurant,,,LUDLOW,WINDSOR,,,,,1
483886.724,99598.28477,2592,redacted,0.18,Food Establishment,Convenience Store,,,LUDLOW,WINDSOR,,,,,1
483675.6902,99432.14563,2593,redacted,0.21,Food Establishment,Restaurant,,,LUDLOW,WINDSOR,,,,,1
483287.2629,99610.85083,2594,redacted,0.13,Food Establishment,Home-based Business,,,LUDLOW,WINDSOR,,,,,1
483886.6445,99564.95581,2595,redacted,0.4725,Food Establishment,Bar,Bars/Pubs,,LUDLOW,WINDSOR,,,,,1
484939.6319,99484.75851,2596,redacted,0.231,Food Establishment,Restaurant,,,LUDLOW,WINDSOR,,,,,1
483813.7866,99587.3494,2597,redacted,0.18,Food Establishment,Convenience Store,,,LUDLOW,WINDSOR,,,,,1
483773.3339,99609.66588,2598,redacted,0.13,Food Establishment,Restaurant,Bars/Pubs,,LUDLOW,WINDSOR,,,,,1
483805.5789,99542.9302,2600,redacted,0.777,Food Establishment,Restaurant,,,LUDLOW,WINDSOR,,,,,1
484049.9284,100097.8349,2601,redacted,0.05,Food Establishment,Caterer,,,LUDLOW,WINDSOR,,,,,1
483732.6943,99554.21502,2602,redacted,0.504,Food Establishment,Restaurant,,,LUDLOW,WINDSOR,,,,,1
483667.8574,99543.26173,2603,redacted,0.26,Food Establishment,Restaurant,,,LUDLOW,WINDSOR,,,,,1
483667.938,99576.59069,2604,redacted,0.18,Food Establishment,Grocery,,,LUDLOW,WINDSOR,,,,,1
483667.938,99576.59069,2605,redacted,0.168,Food Establishment,Convenience Store,,,LUDLOW,WINDSOR,,,,,1
483546.3114,99532.44693,2606,redacted,0.26,Food Establishment,Restaurant,,,LUDLOW,WINDSOR,,,,,1
483546.3114,99532.44693,2607,redacted,0.1365,Food Establishment,Restaurant,,,LUDLOW,WINDSOR,,,,,1
483228.3212,98711.11002,2608,redacted,0.126,Food Establishment,Restaurant,,,LUDLOW,WINDSOR,,,,,1
483627.3242,99532.25012,2609,redacted,0.18,Food Establishment,Grocery,,,LUDLOW,WINDSOR,,,,,1
484915.5015,99562.58029,2610,redacted,0.21,Food Establishment,Restaurant,,,LUDLOW,WINDSOR,,,,,1
483506.1034,99654.75189,2611,redacted,0.72,Food Establishment,Bakery,,,LUDLOW,WINDSOR,,,,,1
483521.9534,99510.28686,2612,redacted,0.21,Food Establishment,Restaurant,,,LUDLOW,WINDSOR,,,,,1
484858.7182,99529.37819,2613,redacted,1.26,Food Establishment,Restaurant,,,LUDLOW,WINDSOR,,,,,1
484826.4378,99584.99915,2614,redacted,0.26,Food Establishment,Restaurant,,,LUDLOW,WINDSOR,,,,,1
492627.6861,84474.12968,2615,redacted,0.189,Food Establishment,Restaurant,,,LUDLOW,WINDSOR,,,,,1
482543.1312,100068.2317,2616,redacted,0.2625,Food Establishment,Bar,Bars/Pubs,,LUDLOW,WINDSOR,,,,,1
485174.4729,99439.80028,2617,redacted,0.26,Food Establishment,Restaurant,,,LUDLOW,WINDSOR,,,,,1
485174.4729,99439.80028,2618,redacted,0.26,Food Establishment,Restaurant,,,LUDLOW,WINDSOR,,,,,1
485174.4729,99439.80028,2619,redacted,1.008,Food Establishment,Restaurant,,,LUDLOW,WINDSOR,,,,,1
483700.1553,99498.74486,2620,redacted,0.26,Food Establishment,Restaurant,,,LUDLOW,WINDSOR,,,,,1
483700.1553,99498.74486,2621,redacted,0.4935,Food Establishment,Restaurant,,,LUDLOW,WINDSOR,,,,,1
484721.3231,99674.11373,2622,redacted,0.0308,School,School,,,LUDLOW,WINDSOR,,,,,1
483255.6292,99922.00145,2623,redacted,0.13,Food Establishment,Bakery,,,LUDLOW,WINDSOR,,,,,1
483255.6292,99922.00145,2624,redacted,0.945,Food Establishment,Restaurant,,,LUDLOW,WINDSOR,,,,,1
483605.6148,107264.7136,2625,redacted,0.105,Food Establishment,B&B,,,PLYMOUTH,WINDSOR,,,,,1
484713.398,99751.89964,2626,redacted,0.07571,School,School,,,LUDLOW,WINDSOR,,,,,1
483740.6351,99487.53761,2627,redacted,0.18,Food Establishment,Restaurant,,,LUDLOW,WINDSOR,,,,,1
486234.3734,98759.86657,2628,redacted,0.18,Food Establishment,Convenience Store,,,LUDLOW,WINDSOR,,,,,1
483304.5911,100066.3067,2629,redacted,0.26,Food Establishment,Restaurant,,,LUDLOW,WINDSOR,,,,,1
483304.5911,100066.3067,2630,redacted,0.399,Food Establishment,Restaurant,,,LUDLOW,WINDSOR,,,,,1
483320.5729,99977.38943,2631,redacted,1.26,Food Establishment,Restaurant,,,LUDLOW,WINDSOR,,,,,1
483243.9489,101744.0284,2632,redacted,0.4725,Food Establishment,Restaurant,,,LUDLOW,WINDSOR,,,,,1
483439.8148,102354.5821,2634,redacted,0.26,Food Establishment,Restaurant,,,LUDLOW,WINDSOR,,,,,1
484300.2207,99741.7375,2635,redacted,,Food Manufacturer,Food Processor,,,LUDLOW,WINDSOR,,,,,1
482470.5137,100179.5171,2636,redacted,3.675,Food Establishment,Restaurant,,,LUDLOW,WINDSOR,,,,,1
482470.5137,100179.5171,2637,redacted,1.428,Food Establishment,Restaurant,,,LUDLOW,WINDSOR,,,,,1
482470.5137,100179.5171,2638,redacted,2.835,Food Establishment,Restaurant,,,LUDLOW,WINDSOR,,,,,1
482470.5137,100179.5171,2639,redacted,0.26,Food Establishment,Restaurant,,,LUDLOW,WINDSOR,,,,,1
482470.5137,100179.5171,2640,redacted,3.15,Food Establishment,Restaurant,,,LUDLOW,WINDSOR,,,,,1
482470.5137,100179.5171,2641,redacted,3.675,Food Establishment,Restaurant,,,LUDLOW,WINDSOR,,,,,1
483992.6187,99842.44682,2642,redacted,0.2415,Nursing/Assisted Living,Residential Facility,,,LUDLOW,WINDSOR,,,,,1
484275.659,99630.69747,2643,redacted,0.252,Food Establishment,Restaurant,,,LUDLOW,WINDSOR,,,,,1
483681.3015,101754.0669,2644,redacted,1.155,Food Establishment,Restaurant,,,LUDLOW,WINDSOR,,,,,1
485328.2785,99383.91602,2645,redacted,0.26,Food Establishment,Restaurant,,,LUDLOW,WINDSOR,,,,,1
484233.6209,105907.8152,2646,redacted,0.252,Food Establishment,Restaurant,,,LUDLOW,WINDSOR,,,,,1
484029.8046,101864.331,2647,redacted,0.84,Food Establishment,Restaurant,,,LUDLOW,WINDSOR,,,,,1
483538.2372,99543.57632,2648,redacted,0.13,Food Establishment,Restaurant,Deli,,LUDLOW,WINDSOR,,,,,1
483603.0473,99543.41871,2649,redacted,0.18,Food Establishment,Grocery,Farmers' Market,,LUDLOW,WINDSOR,,,,,1
482314.6153,102512.9733,2650,redacted,0.05,Food Establishment,Concession Stand,,,LUDLOW,WINDSOR,,,,,1
486769.0313,98714.35989,2651,redacted,0.05,Food Establishment,Camp,,,LUDLOW,WINDSOR,,,,,1
500008.0619,132220.0615,2652,redacted,0.525,Food Establishment,Restaurant,,,POMFRET,WINDSOR,,,,,1
515408.5787,134782.0743,2653,redacted,0.18,Food Establishment,Grocery,"Beer, wine, liquor store",,NORWICH,WINDSOR,,,,,1
515201.676,133626.1274,2655,redacted,0.18,Food Establishment,Convenience Store,,,NORWICH,WINDSOR,,,,,1
515201.676,133626.1274,2656,redacted,0.798,Food Establishment,Restaurant,,,NORWICH,WINDSOR,,,,,1
522313.7364,140012.3642,2657,redacted,0.13,Food Establishment,Bakery,,,NORWICH,WINDSOR,,,,,1
515585.7705,134826.9266,2658,redacted,0.17967,School,School,,,NORWICH,WINDSOR,,,,,1
520846.9486,140396.4857,2660,redacted,0.05,Food Establishment,Caterer,,,NORWICH,WINDSOR,,,,,1
515480.877,134882.2344,2661,redacted,0.18,Food Establishment,Grocery,Farmers' Market,,NORWICH,WINDSOR,,,,,1
515016.3395,133603.4878,2662,redacted,0.18,Food Establishment,Grocery,Farmers' Market,,NORWICH,WINDSOR,,,,,1
515392.0259,134970.9118,2663,redacted,0.18,Food Establishment,Convenience Store,,,NORWICH,WINDSOR,,,,,1
518592.7502,137356.6738,2664,redacted,0.063,Food Establishment,Lodging,,,NORWICH,WINDSOR,,,,,1
515383.8905,135004.2241,2665,redacted,1.9215,Food Establishment,Restaurant,,,NORWICH,WINDSOR,,,,,1
515358.6929,135448.5796,2666,redacted,0.735,Food Establishment,Restaurant,,,NORWICH,WINDSOR,,,,,1
521799.7498,139588.4664,2667,redacted,0.05,Food Establishment,Caterer,,,NORWICH,WINDSOR,,,,,1
502698.7087,97046.61289,2671,redacted,0.13,Food Establishment,Bakery,,,WEATHERSFIELD,WINDSOR,,,,,1
479375.5122,110575.9781,2672,redacted,0.315,Food Establishment,Camp,,,PLYMOUTH,WINDSOR,,,,,1
481927.4853,115157.0606,2673,redacted,,Food Manufacturer,Dairy,Cheese,,PLYMOUTH,WINDSOR,,,,,1
483509.9848,117763.8467,2674,redacted,0.126,Food Establishment,Restaurant,,,PLYMOUTH,WINDSOR,,,,,1
482072.8226,115101.1215,2675,redacted,0.525,Food Establishment,Restaurant,,,PLYMOUTH,WINDSOR,,,,,1
484158.7961,108507.695,2676,redacted,0.05,Food Establishment,Concession Stand,,,PLYMOUTH,WINDSOR,,,,,1
484663.6095,113461.547,2677,redacted,0.3675,Food Establishment,Camp,,,PLYMOUTH,WINDSOR,,,,,1
480286.4727,115072.792,2678,redacted,0.0113,School,School,,,PLYMOUTH,WINDSOR,,,,,1
480737.3495,114460.4344,2679,redacted,0.4725,Food Establishment,Lodging,,,PLYMOUTH,WINDSOR,,,,,1
480737.2858,114438.2146,2680,redacted,0.1785,Food Establishment,B&B,,,PLYMOUTH,WINDSOR,,,,,1
480479.5849,114772.2581,2681,redacted,0.18,Food Establishment,Grocery,,,PLYMOUTH,WINDSOR,,,,,1
480383.4966,115083.6182,2682,redacted,0.26,Food Establishment,Restaurant,,,PLYMOUTH,WINDSOR,,,,,1
482644.4825,111111.1441,2683,redacted,0.7875,Food Establishment,Restaurant,,,PLYMOUTH,WINDSOR,,,,,1
479202.1975,114687.2077,2684,redacted,0.26,Food Establishment,Restaurant,,,PLYMOUTH,WINDSOR,,,,,1
479438.0438,117797.2967,2685,redacted,0.9975,Food Establishment,Camp,,,PLYMOUTH,WINDSOR,,,,,1
479336.6357,118975.2774,2687,redacted,0.9975,Food Establishment,Camp,,,PLYMOUTH,WINDSOR,,,,,1
497668.677,128143.0288,2688,redacted,0.03277,Food Establishment,School,,,POMFRET,WINDSOR,,,,,1
497354.166,128387.5691,2689,redacted,,Food Manufacturer,Food Processor,,,POMFRET,WINDSOR,,,,,1
496870.6499,129409.913,2690,redacted,0.05,Food Establishment,Caterer,,,POMFRET,WINDSOR,,,,,1
502645.4432,129376.3737,2691,redacted,,Food Manufacturer,Dairy,Cheese,,POMFRET,WINDSOR,,,,,1
496838.3885,129409.9282,2692,redacted,3.528,Food Establishment,Restaurant,,,POMFRET,WINDSOR,,,,,1
488444.6771,97822.51407,2693,redacted,0,Food Manufacturer,Food Processor,,,PROCTORSVILLE,WINDSOR,,,,,1
489019.868,97732.6781,2694,redacted,0.13125,Food Establishment,Restaurant,,,CAVENDISH,WINDSOR,,,,,1
488032.0967,98212.07001,2695,redacted,0.798,Food Establishment,Restaurant,,,CAVENDISH,WINDSOR,,,,,1
487311.9445,98746.64778,2696,redacted,0.0525,Nursing/Assisted Living,Residential Facility,,,PROCTORSVILLE,WINDSOR,,,,,1
489043.8362,97521.55593,2697,redacted,0.2625,Food Establishment,Lodging,,,CAVENDISH,WINDSOR,,,,,1
488874.427,97988.43788,2698,redacted,0.13,Food Establishment,Bakery,,,PROCTORSVILLE,WINDSOR,,,,,1
508776.9495,127992.8332,2699,redacted,0.105,Food Establishment,Restaurant,,,QUECHEE,WINDSOR,,,,,1
507470.5584,127569.0622,2700,redacted,0.714,Food Establishment,Restaurant,,,HARTFORD,WINDSOR,,,,,1
506511.0158,127056.9937,2701,redacted,0.21,Food Establishment,Restaurant,,,QUECHEE,WINDSOR,,,,,1
506704.0069,127701.5728,2703,redacted,0.14125,Food Establishment,School,,,HARTFORD,WINDSOR,,,,,1
508672.308,127814.9342,2704,redacted,0.05,Food Establishment,Caterer,,,QUECHEE,WINDSOR,,,,,1
503945.8929,126110.6305,2705,redacted,0.378,Food Establishment,Lodging,,,HARTFORD,WINDSOR,,,,,1
503921.6915,126099.5062,2707,redacted,0.819,Food Establishment,Restaurant,,,HARTFORD,WINDSOR,,,,,1
507455.7464,126380.2602,2708,redacted,0.126,Food Establishment,Restaurant,,,HARTFORD,WINDSOR,,,,,1
503647.6671,125488.2952,2709,redacted,0.168,Food Establishment,Convenience Store,,,QUECHEE,WINDSOR,,,,,1
502420.9016,125809.9329,2710,redacted,0.26,Food Establishment,Restaurant,,,QUECHEE,WINDSOR,,,,,1
503703.8627,126021.6114,2713,redacted,0.05,Food Establishment,Restaurant,,,HARTFORD,WINDSOR,,,,,1
494379.6797,111579.9512,2715,redacted,0.063,Food Establishment,Restaurant,,,READING,WINDSOR,,,,,1
495575.4882,110001.46,2716,redacted,0.504,Food Establishment,Restaurant,,,READING,WINDSOR,,,,,1
497337.9309,107745.2402,2717,redacted,0.26,Food Establishment,Restaurant,,,READING,WINDSOR,,,,,1
496892.1973,106212.2812,2718,redacted,0.13,Food Establishment,Bakery,,,READING,WINDSOR,,,,,1
497029.6355,105878.9262,2719,redacted,0.02825,Food Establishment,School,,,READING,WINDSOR,,,,,1
495554.0343,114256.5562,2720,redacted,0.18,Food Establishment,Grocery,,,READING,WINDSOR,,,,,1
475245.4421,152764.8694,2721,redacted,0.05,Food Establishment,Caterer,,,ROCHESTER,WINDSOR,,,,,1
475245.8147,152864.8647,2722,redacted,0.05,Food Establishment,Caterer,,,ROCHESTER,WINDSOR,,,,,1
475245.8147,152864.8647,2724,redacted,0.378,Food Establishment,Restaurant,,,ROCHESTER,WINDSOR,,,,,1
476579.6562,157326.5576,2725,redacted,0.1155,Food Establishment,B&B,,,ROCHESTER,WINDSOR,,,,,1
476668.4735,157459.5744,2726,redacted,0.26,Food Establishment,Restaurant,,,ROCHESTER,WINDSOR,,,,,1
475357.7156,152697.7876,2727,redacted,0.483,Food Establishment,B&B,,,ROCHESTER,WINDSOR,,,,,1
475139.9609,152498.6054,2728,redacted,0.054,Food Establishment,School,,,ROCHESTER,WINDSOR,,,,,1
475245.5663,152798.2012,2729,redacted,0.26,Food Establishment,Restaurant,,,ROCHESTER,WINDSOR,,,,,1
475245.5663,152798.2012,2730,redacted,0.1365,Food Establishment,Bakery,,,ROCHESTER,WINDSOR,,,,,1
476520.7647,147471.5561,2731,redacted,0.26,Food Establishment,Restaurant,,,ROCHESTER,WINDSOR,,,,,1
476520.7647,147471.5561,2732,redacted,0.21,Food Establishment,Restaurant,,,ROCHESTER,WINDSOR,,,,,1
470589.9139,150517.2449,2733,redacted,,Food Manufacturer,Food Processor,,,ROCHESTER,WINDSOR,,,,,1
475219.176,152187.2089,2734,redacted,0.063,Food Establishment,Restaurant,,,ROCHESTER,WINDSOR,,,,,1
477116.3592,145236.2495,2735,redacted,0.21,Food Establishment,Restaurant,,,ROCHESTER,WINDSOR,,,,,1
475197.4263,152820.6022,2736,redacted,0.4725,Food Establishment,Restaurant,,,ROCHESTER,WINDSOR,,,,,1
475197.0945,152731.7175,2737,redacted,0.063,Food Establishment,B&B,,,ROCHESTER,WINDSOR,,,,,1
475165.4024,152854.0541,2738,redacted,0.72,Food Establishment,,,,ROCHESTER,WINDSOR,,,,,1
475312.7011,147064.8339,2739,redacted,0.063,Food Establishment,B&B,,,ROCHESTER,WINDSOR,,,,,1
498415.289,146908.1351,2740,redacted,0.26,Food Establishment,Restaurant,,,ROYALTON,WINDSOR,,,,,1
498415.2864,146897.0246,2741,redacted,0.42,Food Establishment,Restaurant,,,ROYALTON,WINDSOR,,,,,1
498198.0079,146585.9865,2742,redacted,0.7875,Food Establishment,Restaurant,,,ROYALTON,WINDSOR,,,,,1
495735.5325,145298.2942,2743,redacted,0.063,Food Establishment,Lodging,,,ROYALTON,WINDSOR,,,,,1
498278.5172,146830.3957,2744,redacted,0.132775,Food Establishment,Restaurant,,,ROYALTON,WINDSOR,,,,,1
498270.4469,146730.4035,2745,redacted,0.26,Food Establishment,Restaurant,,,ROYALTON,WINDSOR,,,,,1
498254.3493,146697.0762,2746,redacted,1.1025,Food Establishment,Restaurant,,,ROYALTON,WINDSOR,,,,,1
491465.2267,147024.5231,2747,redacted,0.05,Food Establishment,Convenience Store,,,ROYALTON,WINDSOR,,,,,1
498600.2336,146563.6688,2748,redacted,0.1278,Food Establishment,School,,,ROYALTON,WINDSOR,,,,,1
493975.4336,147521.7501,2749,redacted,0.18,Food Establishment,Grocery,,,ROYALTON,WINDSOR,,,,,1
493975.4336,147521.7501,2750,redacted,0.05,Food Establishment,Restaurant,,,ROYALTON,WINDSOR,,,,,1
498334.7551,146541.509,2751,redacted,1.05,Food Establishment,Restaurant,,,ROYALTON,WINDSOR,,,,,1
494707.1959,147276.697,2752,redacted,0.315,Food Establishment,Restaurant,,,ROYALTON,WINDSOR,,,,,1
494699.2937,147454.4712,2753,redacted,0.63,Food Establishment,Restaurant,,,ROYALTON,WINDSOR,,,,,1
495096.3698,151442.8476,2754,redacted,0.05,Food Establishment,Home-based Business,,,ROYALTON,WINDSOR,,,,,1
508214.0107,146213.0536,2756,redacted,0.63,Food Establishment,Camp,,,SHARON,WINDSOR,,,,,1
503902.1752,145664.7172,2757,redacted,0.05,Food Establishment,Mobile Unit,,,SHARON,WINDSOR,,,,,1
503646.3597,142653.6441,2759,redacted,0.05,Food Establishment,Caterer,,,SHARON,WINDSOR,,,,,1
504313.6941,143831.7472,2760,redacted,0.05,Food Establishment,Caterer,,,SHARON,WINDSOR,,,,,1
503541.6649,142753.5813,2763,redacted,0.18,Food Establishment,Grocery,Farmers' Market,,SHARON,WINDSOR,,,,,1
503541.6649,142753.5813,2764,redacted,0.074015,School,School,,,SHARON,WINDSOR,,,,,1
503945.9213,139720.6733,2765,redacted,0.21,Food Establishment,Restaurant,,,SHARON,WINDSOR,,,,,1
503791.1281,142864.8227,2766,redacted,0.3465,Food Establishment,B&B,,,SHARON,WINDSOR,,,,,1
493186.6181,107325.9864,2767,redacted,0.05,Food Establishment,Caterer,,,SOUTH READING,WINDSOR,,,,,1
498254.3522,146708.1867,2768,redacted,0.42,Food Establishment,Restaurant,,,SOUTH ROYALTON,WINDSOR,,,,,1
498230.207,146663.7512,2769,redacted,0.2625,Food Establishment,Restaurant,,,SOUTH ROYALTON,WINDSOR,,,,,1
498214.115,146652.645,2770,redacted,0.13,Food Establishment,Convenience Store,Deli,,ROYALTON,WINDSOR,,,,,1
498511.8544,147063.6596,2771,redacted,0.18,Food Establishment,Convenience Store,,,ROYALTON,WINDSOR,,,,,1
502068.4335,143464.0279,2772,redacted,0.05,Food Establishment,Caterer,,,SOUTH ROYALTON,WINDSOR,,,,,1
498334.7551,146541.509,2774,redacted,0.05,Food Establishment,Caterer,,,SOUTH ROYALTON,WINDSOR,,,,,1
498262.3531,146541.5275,2775,redacted,0.7875,Food Establishment,Restaurant,,,ROYALTON,WINDSOR,,,,,1
497399.2294,140531.0698,2776,redacted,0.18,Food Establishment,Grocery,Farmers' Market,,SOUTH ROYALTON,WINDSOR,,,,,1
498302.5991,146630.4009,2777,redacted,0.18,Food Establishment,Grocery,Farmers' Market,,SOUTH ROYALTON,WINDSOR,,,,,1
500576.058,89313.86089,2780,redacted,1.428,Food Establishment,Restaurant,,,SPRINGFIELD,WINDSOR,,,,,1
501671.6451,88236.42487,2781,redacted,1.1025,Food Establishment,Restaurant,,,SPRINGFIELD,WINDSOR,,,,,1
501265.6654,89525.03454,2782,redacted,0.241255,Food Establishment,School,,,SPRINGFIELD,WINDSOR,,,,,1
501574.051,89169.59609,2783,redacted,0.0315,Nursing/Assisted Living,Residential Facility,,,SPRINGFIELD,WINDSOR,,,,,1
501452.2818,89469.52459,2784,redacted,0.18,Food Establishment,Grocery,,,SPRINGFIELD,WINDSOR,,,,,1
499488.8324,89080.55687,2785,redacted,0.5355,Nursing/Assisted Living,Residential Facility,,,SPRINGFIELD,WINDSOR,,,,,1
497397.2772,93758.14018,2786,redacted,0.05,Food Establishment,Caterer,,,SPRINGFIELD,WINDSOR,,,,,1
501014.2946,88591.79719,2787,redacted,0.05,Food Establishment,Caterer,,,SPRINGFIELD,WINDSOR,,,,,1
502101.8285,87914.37056,2788,redacted,0.336,Food Establishment,Restaurant,,,SPRINGFIELD,WINDSOR,,,,,1
500365.1173,89124.98529,2789,redacted,0.100375,Food Establishment,School,,,SPRINGFIELD,WINDSOR,,,,,1
501436.2011,88780.73424,2790,redacted,0.26,Food Establishment,Restaurant,,,SPRINGFIELD,WINDSOR,,,,,1
502118.0588,87914.37561,2791,redacted,0.055,Food Establishment,Caterer,,,SPRINGFIELD,WINDSOR,,,,,1
502118.0588,87914.37561,2792,redacted,0.13,Food Establishment,Bakery,,,SPRINGFIELD,WINDSOR,,,,,1
505163.5631,84872.0284,2793,redacted,0.26,Food Establishment,Restaurant,,,SPRINGFIELD,WINDSOR,,,,,1
501557.8416,89091.82608,2794,redacted,0.26,Food Establishment,Home-based Business,,,SPRINGFIELD,WINDSOR,,,,,1
501858.5439,87292.17087,2795,redacted,0.18,Food Establishment,Convenience Store,,,SPRINGFIELD,WINDSOR,,,,,1
500851.9223,89269.45207,2796,redacted,1.70625,Food Establishment,Bar,Bars/Pubs,,SPRINGFIELD,WINDSOR,,,,,1
502207.416,87636.66802,2797,redacted,0.18,Food Establishment,Restaurant,,,SPRINGFIELD,WINDSOR,,,,,1
502207.416,87636.66802,2798,redacted,0.26,Food Establishment,Restaurant,,,SPRINGFIELD,WINDSOR,,,,,1
507665.1765,91151.23837,2799,redacted,0.18,Food Establishment,Grocery,Farmers' Market,,SPRINGFIELD,WINDSOR,,,,,1
500608.5189,89236.09744,2800,redacted,0.252,Food Establishment,Restaurant,,,SPRINGFIELD,WINDSOR,,,,,1
500608.5189,89236.09744,2801,redacted,0.26,Food Establishment,Restaurant,,,SPRINGFIELD,WINDSOR,,,,,1
500608.5189,89236.09744,2802,redacted,0.72,Food Establishment,Bakery,,,SPRINGFIELD,WINDSOR,,,,,1
501476.8758,88303.03635,2803,redacted,0.08925,Nursing/Assisted Living,Residential Facility,,,SPRINGFIELD,WINDSOR,,,,,1
501744.2779,89791.76825,2804,redacted,0.0945,Food Establishment,Restaurant,,,SPRINGFIELD,WINDSOR,,,,,1
500787.0075,89324.99157,2805,redacted,0.18,Food Establishment,Grocery,,,SPRINGFIELD,WINDSOR,,,,,1
500787.0075,89324.99157,2806,redacted,0.1875,Food Establishment,Caterer,,,SPRINGFIELD,WINDSOR,,,,,1
500543.5969,89402.73397,2807,redacted,0.26,Food Establishment,Restaurant,,,SPRINGFIELD,WINDSOR,,,,,1
500543.5969,89402.73397,2808,redacted,1.197,Food Establishment,Restaurant,,,SPRINGFIELD,WINDSOR,,,,,1
500430.0574,88647.28224,2809,redacted,0.2625,Food Establishment,Hospital,,,SPRINGFIELD,WINDSOR,,,,,1
500024.3374,90169.26617,2810,redacted,0.84,Food Establishment,Restaurant,,,SPRINGFIELD,WINDSOR,,,,,1
498605.1177,92413.52962,2811,redacted,1.89,Food Establishment,Restaurant,,,SPRINGFIELD,WINDSOR,,,,,1
498175.3142,92469.17943,2812,redacted,0.26,Food Establishment,Restaurant,,,SPRINGFIELD,WINDSOR,,,,,1
498175.3142,92469.17943,2813,redacted,0.6825,Food Establishment,Restaurant,,,SPRINGFIELD,WINDSOR,,,,,1
501809.3829,89036.34123,2814,redacted,1.6275,Food Establishment,Lodging,,,SPRINGFIELD,WINDSOR,,,,,1
501793.7341,86847.77618,2815,redacted,0.082075,Food Establishment,School,,,SPRINGFIELD,WINDSOR,,,,,1
499675.5353,90880.28129,2816,redacted,0.18,Food Establishment,Grocery,,,SPRINGFIELD,WINDSOR,,,,,1
499553.8779,91135.80669,2817,redacted,0.72,Food Establishment,Grocery,,,SPRINGFIELD,WINDSOR,,,,,1
499456.5422,91135.8138,2818,redacted,0.084,Food Establishment,Restaurant,,,SPRINGFIELD,WINDSOR,,,,,1
499480.8846,91246.90692,2820,redacted,0.8505,Food Establishment,Restaurant,,,SPRINGFIELD,WINDSOR,,,,,1
499416.0048,91358.00724,2821,redacted,0.462,Food Establishment,Restaurant,,,SPRINGFIELD,WINDSOR,,,,,1
501476.7887,88702.97674,2822,redacted,0.5775,Food Establishment,Restaurant,,,SPRINGFIELD,WINDSOR,,,,,1
502652.6858,90403.08462,2823,redacted,0.603636177,Food Manufacturer,Food Processor,,,SPRINGFIELD,WINDSOR,,,,,1
501444.3366,88680.75083,2824,redacted,0.2205,Food Establishment,Restaurant,,,SPRINGFIELD,WINDSOR,,,,,1
496923.0013,84937.4181,2825,redacted,0.13,Food Establishment,Bakery,,,SPRINGFIELD,WINDSOR,,,,,1
500981.8709,88358.49386,2826,redacted,0.10439,Food Establishment,School,,,SPRINGFIELD,WINDSOR,,,,,1
498905.149,92224.61258,2827,redacted,0.72,Food Establishment,Grocery,,,SPRINGFIELD,WINDSOR,,,,,1
502533.1101,84759.44303,2828,redacted,,Food Manufacturer,Food Processor,,,SPRINGFIELD,WINDSOR,,,,,1
499334.9009,91424.67176,2829,redacted,0.18,Food Establishment,Grocery,,,SPRINGFIELD,WINDSOR,,,,,1
501817.7201,88203.1341,2830,redacted,0.2205,Food Establishment,Restaurant,,,SPRINGFIELD,WINDSOR,,,,,1
501817.7201,88203.1341,2831,redacted,0.26,Food Establishment,Restaurant,,,SPRINGFIELD,WINDSOR,,,,,1
501817.7201,88203.1341,2832,redacted,0.2205,Food Establishment,Restaurant,,,SPRINGFIELD,WINDSOR,,,,,1
501444.3437,88647.42246,2833,redacted,0.18,Food Establishment,Grocery,,,SPRINGFIELD,WINDSOR,,,,,1
501517.335,88814.0803,2835,redacted,0.18,Food Establishment,Grocery,Farmers' Market,,SPRINGFIELD,WINDSOR,,,,,1
505000.794,85405.15784,2836,redacted,1.97925,Correctional Facility,,,,SPRINGFIELD,WINDSOR,,,,,1
505179.6397,85083.11926,2837,redacted,0.357,Food Establishment,Lodging,,,SPRINGFIELD,WINDSOR,,,,,1
501947.602,88047.63788,2838,redacted,0.252,Food Establishment,Restaurant,Deli,,SPRINGFIELD,WINDSOR,,,,,1
501127.9621,88191.87482,2839,redacted,0.05,Food Establishment,Caterer,,,SPRINGFIELD,WINDSOR,,,,,1
502302.8301,93435.85467,2840,redacted,0.26,Food Establishment,Restaurant,,,SPRINGFIELD,WINDSOR,,,,,1
500770.7818,89313.88023,2841,redacted,0.05,Food Establishment,Caterer,,,SPRINGFIELD,WINDSOR,,,,,1
502148.7605,93458.0231,2842,redacted,0.987,Food Establishment,Restaurant,,,SPRINGFIELD,WINDSOR,,,,,1
478642.0215,141742.4726,2844,redacted,0.3255,Food Establishment,Restaurant,,,STOCKBRIDGE,WINDSOR,,,,,1
482454.5691,140442.5361,2845,redacted,0.03277,Food Establishment,School,,,STOCKBRIDGE,WINDSOR,,,,,1
483398.1811,141051.1951,2846,redacted,0.26,Food Establishment,Restaurant,,,STOCKBRIDGE,WINDSOR,,,,,1
502227.3956,125309.9109,2849,redacted,0.126,Food Establishment,B&B,,,WOODSTOCK,WINDSOR,,,,,1
483313.8353,107076.5622,2850,redacted,0.18,Food Establishment,Caterer,,,LUDLOW,WINDSOR,,,,,1
483500.446,107276.0801,2851,redacted,0.735,,,,,LUDLOW,WINDSOR,,,,,1
498346.4219,95757.56355,2852,redacted,0.4935,Food Establishment,Lodging,,,WEATHERSFIELD,WINDSOR,,,,,1
502577.6237,95791.18132,2854,redacted,0.961538462,Food Manufacturer,Food Processor,,,WEATHERSFIELD,WINDSOR,,,,,1
502674.5894,96557.78079,2855,redacted,0.13,Food Establishment,Bakery,,,WEATHERSFIELD,WINDSOR,,,,,1
498833.4876,99923.56928,2856,redacted,0.42,Food Establishment,Restaurant,,,WEATHERSFIELD,WINDSOR,,,,,1
498784.8889,99956.90682,2857,redacted,0.18,Food Establishment,Convenience Store,,,PERKINSVILLE,WINDSOR,,,,,1
507750.3815,101727.6839,2858,redacted,0.26,Food Establishment,Restaurant,,,WEATHERSFIELD,WINDSOR,,,,,1
506064.8521,93827.01433,2859,redacted,0.05,Food Establishment,Home-based Business,,,WEATHERSFIELD,WINDSOR,,,,,1
507071.3885,100493.7631,2860,redacted,0.055,Food Establishment,Caterer,,,WEATHERSFIELD,WINDSOR,,,,,1
502549.277,106456.4618,2862,redacted,0.13,Food Establishment,Bakery,,,WEST WINDSOR,WINDSOR,,,,,1
502103.7073,107922.7995,2863,redacted,0.063,Food Establishment,Restaurant,,,WEST WINDSOR,WINDSOR,,,,,1
501504.1631,111488.8938,2864,redacted,0.13,Food Establishment,Home-based Business,,,WINDSOR,WINDSOR,,,,,1
502354.7475,107311.844,2865,redacted,0.26,Food Establishment,Restaurant,,,WEST WINDSOR,WINDSOR,,,,,1
502476.065,107478.5343,2866,redacted,0.105,Food Establishment,Restaurant,,,WEST WINDSOR,WINDSOR,,,,,1
502306.0667,107689.56,2867,redacted,0.043505,Food Establishment,School,,,WEST WINDSOR,WINDSOR,,,,,1
502621.6943,107534.1384,2868,redacted,0.26,Food Establishment,Restaurant,,,WEST WINDSOR,WINDSOR,,,,,1
476631.9557,84299.2676,2870,redacted,0.72,Food Establishment,Restaurant,,,WESTON,WINDSOR,,,,,1
476635.0536,85199.12878,2871,redacted,0.252,Food Establishment,B&B,,,WESTON,WINDSOR,,,,,1
476125.5868,90377.97019,2872,redacted,0.65625,Food Establishment,Camp,,,WESTON,WINDSOR,,,,,1
476246.6641,87888.99183,2873,redacted,0.777,Food Establishment,Restaurant,,,WESTON,WINDSOR,,,,,1
476246.6641,87888.99183,2874,redacted,0.72,Food Establishment,Grocery,,,WESTON,WINDSOR,,,,,1
476491.3928,88254.7554,2875,redacted,0.18,Food Establishment,Convenience Store,,,WESTON,WINDSOR,,,,,1
476850.7968,88942.3136,2877,redacted,0.084,Food Establishment,Restaurant,,,WESTON,WINDSOR,,,,,1
475997.0993,83868.21117,2878,redacted,0.252,Food Establishment,B&B,,,WESTON,WINDSOR,,,,,1
475997.0993,83868.21117,2879,redacted,0.525,Food Establishment,Lodging,,,WESTON,WINDSOR,,,,,1
512949.161,127199.6686,2880,redacted,0.357,Food Establishment,Lodging,,,WHITE RIVER JUNCTION,WINDSOR,,,,,1
513295.2916,127600.3134,2881,redacted,0.462,Food Establishment,Restaurant,,,WHITE RIVER JUNCTION,WINDSOR,,,,,1
512272.7302,126498.4544,2882,redacted,0.13,Food Establishment,Bakery,,,WHITE RIVER JUNCTION,WINDSOR,,,,,1
515138.7113,129392.9717,2883,redacted,0.13125,Food Establishment,Restaurant,,,WHITE RIVER JUNCTION,WINDSOR,,,,,1
515138.6359,129426.3023,2884,redacted,0.18,Food Establishment,Convenience Store,,,WHITE RIVER JUNCTION,WINDSOR,,,,,1
514104.61,130212.8698,2885,redacted,0.35175,Nursing/Assisted Living,Residential Facility,,,WHITE RIVER JUNCTION,WINDSOR,,,,,1
512844.639,127010.5943,2886,redacted,0.315,Food Establishment,Lodging,,,WHITE RIVER JUNCTION,WINDSOR,,,,,1
513764.1218,127156.8531,2887,redacted,0.05,Food Establishment,Caterer,,,WHITE RIVER JUNCTION,WINDSOR,,,,,1
513794.8377,127912.4092,2888,redacted,0.05,Food Establishment,Caterer,,,WHITE RIVER JUNCTION,WINDSOR,,,,,1
514667.3804,127325.4231,2889,redacted,0.18,Food Establishment,Grocery,,,WHITE RIVER JUNCTION,WINDSOR,,,,,1
514699.6763,127314.3837,2890,redacted,1.008,Food Establishment,Restaurant,,,WHITE RIVER JUNCTION,WINDSOR,,,,,1
512665.961,127632.424,2891,redacted,0.315,Hospital,,,,WHITE RIVER JUNCTION,WINDSOR,,,,,1
514494.1783,132791.2837,2892,redacted,0.32025,Nursing/Assisted Living,Residential Facility,,,WHITE RIVER JUNCTION,WINDSOR,,,,,1
514610.4206,127547.5025,2893,redacted,2.5935,Food Establishment,Restaurant,,,WHITE RIVER JUNCTION,WINDSOR,,,,,1
514610.4206,127547.5025,2894,redacted,0.252,Food Establishment,Restaurant,,,WHITE RIVER JUNCTION,WINDSOR,,,,,1
514794.9198,128025.6462,2896,redacted,0.05,Food Establishment,Caterer,,,WHITE RIVER JUNCTION,WINDSOR,,,,,1
513902.7777,126434.9779,2897,redacted,0.05,Food Establishment,Caterer,,,WHITE RIVER JUNCTION,WINDSOR,,,,,1
513263.5275,127344.7161,2898,redacted,0.945,Food Establishment,Restaurant,,,WHITE RIVER JUNCTION,WINDSOR,,,,,1
512505.1713,127332.147,2899,redacted,0.18,Food Establishment,Caterer,,,WHITE RIVER JUNCTION,WINDSOR,,,,,1
513376.6548,127256.0596,2900,redacted,0.252,Food Establishment,Restaurant,,,WHITE RIVER JUNCTION,WINDSOR,,,,,1
507705.9235,126347.2129,2901,redacted,0.441,Food Establishment,Restaurant,,,WHITE RIVER JUNCTION,WINDSOR,,,,,1
514626.3616,127636.4188,2903,redacted,0.26,Food Establishment,Restaurant,,,WHITE RIVER JUNCTION,WINDSOR,,,,,1
514578.2469,127502.9916,2904,redacted,0.6405,Food Establishment,Restaurant,,,WHITE RIVER JUNCTION,WINDSOR,,,,,1
513748.2821,127012.3882,2906,redacted,0.13,Food Establishment,Restaurant,Bars/Pubs,,WHITE RIVER JUNCTION,WINDSOR,,,,,1
514762.5292,128081.1257,2908,redacted,0.18,Food Establishment,Grocery,,,WHITE RIVER JUNCTION,WINDSOR,,,,,1
512709.1335,130387.8375,2910,redacted,0.05,Food Establishment,Caterer,,,WHITE RIVER JUNCTION,WINDSOR,,,,,1
514994.3807,129014.8991,2911,redacted,0.18,Food Establishment,Convenience Store,,,HARTFORD,WINDSOR,,,,,1
512804.1067,127110.5083,2912,redacted,0.504,Food Establishment,Lodging,,,WHITE RIVER JUNCTION,WINDSOR,,,,,1
513449.0209,127378.4166,2914,redacted,1.008,Food Establishment,Restaurant,,,WHITE RIVER JUNCTION,WINDSOR,,,,,1
514538.1257,127402.9126,2915,redacted,1.05,Food Establishment,Restaurant,,,WHITE RIVER JUNCTION,WINDSOR,,,,,1
507447.6774,126380.2512,2916,redacted,0.26,Food Establishment,Restaurant,,,WHITE RIVER JUNCTION,WINDSOR,,,,,1
509311.6302,108884.3501,2918,redacted,0.05,Food Establishment,Caterer,,,WINDSOR,WINDSOR,,,,,1
509174.0845,108895.2712,2919,redacted,0.26,Food Establishment,Restaurant,,,WINDSOR,WINDSOR,,,,,1
508599.5794,108983.392,2920,redacted,0.0735,Nursing/Assisted Living,Residential Facility,,,WINDSOR,WINDSOR,,,,,1
508551.0541,108972.2203,2921,redacted,0.14125,Food Establishment,School,,,WINDSOR,WINDSOR,,,,,1
509158.0857,108761.9314,2922,redacted,0.26,Food Establishment,Restaurant,,,WINDSOR,WINDSOR,,,,,1
509133.8754,108717.4592,2923,redacted,0.5985,Food Establishment,Restaurant,,,WINDSOR,WINDSOR,,,,,1
476601.3115,190537.5573,2924,redacted,0.525,Food Establishment,Lodging,,,WAITSFIELD,WASHINGTON,,,,,1
479435.915,197428.2591,2925,redacted,0.05,Food Establishment,Home-based Business,,,MORETOWN,WASHINGTON,,,,,1
478986.5253,194207.3625,2926,redacted,0.06441,Food Establishment,School,,,MORETOWN,WASHINGTON,,,,,1
477672.0634,192856.1112,2927,redacted,0.189,Food Establishment,Restaurant,,,MORETOWN,WASHINGTON,,,,,1
487032.8463,183830.8183,2928,redacted,0.17289,Food Establishment,School,,,NORTHFIELD,WASHINGTON,,,,,1
487495.6126,183196.5861,2930,redacted,0.525,Food Establishment,Restaurant,,,NORTHFIELD,WASHINGTON,,,,,1
487463.2095,182985.5358,2931,redacted,0.063,Food Establishment,B&B,,,NORTHFIELD,WASHINGTON,,,,,1
487519.1709,182963.2071,2932,redacted,0.19425,Nursing/Assisted Living,Residential Facility,,,NORTHFIELD,WASHINGTON,,,,,1
493907.1385,195387.6631,2933,redacted,0.3675,Food Establishment,Restaurant,,,NORTHFIELD,WASHINGTON,,,,,1
488977.2369,188905.0948,2935,redacted,0.26,Food Establishment,Restaurant,,,NORTHFIELD,WASHINGTON,,,,,1
487293.3758,182041.4138,2936,redacted,1.976935,Food Establishment,Concession Stand,,,NORTHFIELD,WASHINGTON,,,,,1
487231.5829,183185.9819,2938,redacted,0.1,Food Establishment,Senior meals,,,NORTHFIELD,WASHINGTON,,,,,1
487991.7495,178873.4371,2939,redacted,0.26,Food Establishment,Restaurant,,,NORTHFIELD,WASHINGTON,,,,,1
485358.7296,179234.3163,2940,redacted,1.05,Food Establishment,Restaurant,,,NORTHFIELD,WASHINGTON,,,,,1
486648.1157,187398.2855,2943,redacted,0.05,Food Establishment,Caterer,,,NORTHFIELD,WASHINGTON,,,,,1
487112.6452,183730.6609,2944,redacted,0.057575,School,School,,,NORTHFIELD,WASHINGTON,,,,,1
485345.043,180278.7915,2945,redacted,0.13,Food Establishment,Bakery,,,NORTHFIELD,WASHINGTON,,,,,1
487447.6535,183218.8997,2946,redacted,0.4725,Food Establishment,Restaurant,,,NORTHFIELD,WASHINGTON,,,,,1
487480.9017,183874.3952,2947,redacted,0.18,Food Establishment,Grocery,,,NORTHFIELD,WASHINGTON,,,,,1
487876.1097,185629.2222,2949,redacted,1.26,Food Establishment,Restaurant,,,NORTHFIELD,WASHINGTON,,,,,1
487431.6531,183218.9303,2950,redacted,1.785,Food Establishment,Restaurant,,,NORTHFIELD,WASHINGTON,,,,,1
487360.1206,183463.5129,2951,redacted,0.05,Food Establishment,Caterer,,,NORTHFIELD,WASHINGTON,,,,,1
486798.8333,182820.1675,2952,redacted,0.252,Nursing/Assisted Living,Residential Facility,,,NORTHFIELD,WASHINGTON,,,,,1
487465.4321,184152.204,2953,redacted,0.05,Food Establishment,Caterer,,,NORTHFIELD,WASHINGTON,,,,,1
487586.278,184607.5332,2954,redacted,0.72,Food Establishment,Grocery,,,NORTHFIELD,WASHINGTON,,,,,1
487568.6854,183763.1171,2955,redacted,0.13,Food Establishment,Bakery,,,NORTHFIELD,WASHINGTON,,,,,1
487948.3501,185773.535,2956,redacted,0.05,Food Establishment,Bakery,,,NORTHFIELD,WASHINGTON,,,,,1
487535.5297,183152.0658,2957,redacted,0.18,Food Establishment,Grocery,,,NORTHFIELD,WASHINGTON,,,,,1
487447.6535,183218.8997,2958,redacted,0.1575,Food Establishment,Restaurant,,,NORTHFIELD,WASHINGTON,,,,,1
487473.7062,184296.6336,2959,redacted,0.18,Food Establishment,Grocery,,,NORTHFIELD,WASHINGTON,,,,,1
486830.9917,182897.8812,2960,redacted,0.2625,Nursing/Assisted Living,Residential Facility,,,NORTHFIELD,WASHINGTON,,,,,1
487449.9638,184430.013,2961,redacted,0.18,Food Establishment,Convenience Store,,,NORTHFIELD,WASHINGTON,,,,,1
487623.2614,183007.4552,2962,redacted,0.13,Food Establishment,Bakery,,,NORTHFIELD,WASHINGTON,,,,,1
487268.9626,181830.3494,2963,redacted,0.13,Food Establishment,Home-based Business,,,NORTHFIELD,WASHINGTON,,,,,1
487527.6136,183196.5254,2964,redacted,0.26,Food Establishment,Restaurant,,,NORTHFIELD,WASHINGTON,,,,,1
487527.6136,183196.5254,2965,redacted,0.168,Food Establishment,Restaurant,Deli,,NORTHFIELD,WASHINGTON,,,,,1
485917.3275,178410.8779,2966,redacted,0.2415,Food Establishment,Lodging,,,NORTHFIELD,WASHINGTON,,,,,1
487268.6833,181685.9051,2967,redacted,0.042,Food Establishment,B&B,,,NORTHFIELD,WASHINGTON,,,,,1
487425.3736,179930.0474,2968,redacted,0.18,Food Establishment,Convenience Store,,,NORTHFIELD,WASHINGTON,,,,,1
487236.4596,181574.8562,2969,redacted,0.05,Food Establishment,Caterer,,,NORTHFIELD,WASHINGTON,,,,,1
524261.4071,212152.7375,2971,redacted,0.05,Food Establishment,Mobile Unit,,,DANVILLE,CALEDONIA,,,,,1
507672.8264,196367.1213,2972,redacted,0.05,Food Establishment,Mobile Unit,,,PLAINFIELD,WASHINGTON,,,,,1
504901.3244,197675.604,2973,redacted,0.397195,Food Establishment,Restaurant,,,PLAINFIELD,WASHINGTON,,,,,1
502907.1394,194363.2344,2974,redacted,2.016,Food Establishment,Restaurant,,,PLAINFIELD,WASHINGTON,,,,,1
505412.4136,197431.556,2975,redacted,0.063,Nursing/Assisted Living,Residential Facility,,,PLAINFIELD,WASHINGTON,,,,,1
506034.9988,197520.9909,2980,redacted,1.008,Food Establishment,Restaurant,,,PLAINFIELD,WASHINGTON,,,,,1
506218.424,197710.0559,2981,redacted,0.26,Food Establishment,Restaurant,,,MARSHFIELD,WASHINGTON,,,,,1
507111.5914,198522.0964,2982,redacted,,Food Manufacturer,Meat/Poultry/Seafood,,,PLAINFIELD,WASHINGTON,,,,,1
481583.3439,177454.8963,2983,redacted,0.63,Food Establishment,Camp,,,ROXBURY,WASHINGTON,,,,,1
481325.6331,176933.3993,2984,redacted,0.017515,Food Establishment,School,,,ROXBURY,WASHINGTON,,,,,1
481277.3334,176844.6475,2985,redacted,0.18,Food Establishment,Grocery,,,ROXBURY,WASHINGTON,,,,,1
481220.6447,176622.5867,2986,redacted,0.05,Food Establishment,Caterer,,,ROXBURY,WASHINGTON,,,,,1
480278.3976,174858.674,2987,redacted,0.063,Food Establishment,Lodging,,,ROXBURY,WASHINGTON,,,,,1
499832.0703,186140.2729,2988,redacted,0.05,Food Establishment,Caterer,,,SOUTH BARRE,WASHINGTON,,,,,1
499560.1937,186284.7307,2990,redacted,0.13,Food Establishment,Bakery,,,SOUTH BARRE,WASHINGTON,,,,,1
499520.1919,186018.0654,2991,redacted,0.13,Food Establishment,Bakery,Deli,,BARRE TOWN,WASHINGTON,,,,,1
499440.2361,186162.5169,2995,redacted,0.05,Food Establishment,Mobile Unit,,,BARRE,WASHINGTON,,,,,1
472919.1743,187129.3972,2996,redacted,0.252,Food Establishment,Restaurant,,,WAITSFIELD,WASHINGTON,,,,,1
476804.0008,191359.0815,2998,redacted,0.21,Food Establishment,Lodging,,,WAITSFIELD,WASHINGTON,,,,,1
472968.427,187440.3132,2999,redacted,0.603636177,Food Manufacturer,Food Processor,,,WAITSFIELD,WASHINGTON,,,,,1
472968.427,187440.3132,3000,redacted,,Food Manufacturer,Caterer,,,WAITSFIELD,WASHINGTON,,,,,1
472968.427,187440.3132,3001,redacted,,Food Manufacturer,Food Processor,,,WAITSFIELD,WASHINGTON,,,,,1
494274.0303,194887.3222,3002,redacted,0,Food Manufacturer,Food Processor,,,MONTPELIER,WASHINGTON,,,,,1
472968.427,187440.3132,3003,redacted,0.05,Food Establishment,Caterer,,,WARREN,WASHINGTON,,,,,1
475087.1367,185320.7863,3004,redacted,0.05,Food Establishment,Lodging,,,WAITSFIELD,WASHINGTON,,,,,1
473016.5803,187484.5609,3006,redacted,0.13,Food Establishment,Bakery,,,WAITSFIELD,WASHINGTON,,,,,1
476504.8188,190371.231,3008,redacted,1.617,Food Establishment,Restaurant,,,WAITSFIELD,WASHINGTON,,,,,1
475693.8881,189351.9347,3009,redacted,0.168,Food Establishment,Lodging,,,WAITSFIELD,WASHINGTON,,,,,1
472999.1752,187140.1795,3010,redacted,0.72,Food Establishment,Bakery,,,WAITSFIELD,WASHINGTON,,,,,1
474458.9357,188312.1502,3011,redacted,0.08701,Food Establishment,School,,,WAITSFIELD,WASHINGTON,,,,,1
474105.0071,187757.9665,3012,redacted,0.26,Food Establishment,Restaurant,,,WAITSFIELD,WASHINGTON,,,,,1
474105.0071,187757.9665,3013,redacted,0.4935,Food Establishment,Restaurant,,,WAITSFIELD,WASHINGTON,,,,,1
461373.322,203399.116,3015,redacted,0.13,Food Establishment,Bakery,,,RICHMOND,WASHINGTON,,,,,1
474113.5709,187902.3807,3016,redacted,0.18,Food Establishment,Grocery,"Beer, wine, liquor store",,WAITSFIELD,WASHINGTON,,,,,1
474097.5379,187891.3325,3017,redacted,0.18,Food Establishment,Convenience Store,,,WAITSFIELD,WASHINGTON,,,,,1
474065.1649,187791.4578,3018,redacted,0.26,Food Establishment,Restaurant,,,WAITSFIELD,WASHINGTON,,,,,1
474065.1649,187791.4578,3019,redacted,0.105,Food Establishment,Restaurant,,,WAITSFIELD,WASHINGTON,,,,,1
474065.1649,187791.4578,3020,redacted,0.252,Food Establishment,Restaurant,,,WAITSFIELD,WASHINGTON,,,,,1
473913.0008,187725.3918,3021,redacted,0.18,Food Establishment,Grocery,Specialty foods,,WAITSFIELD,WASHINGTON,,,,,1
473282.0015,185905.6622,3022,redacted,1.05,Food Establishment,Restaurant,,,WAITSFIELD,WASHINGTON,,,,,1
473504.8632,187627.0222,3023,redacted,0.26,Food Establishment,Restaurant,,,WAITSFIELD,WASHINGTON,,,,,1
473504.8632,187627.0222,3024,redacted,0.105,Food Establishment,Restaurant,,,WAITSFIELD,WASHINGTON,,,,,1
473384.9395,187627.5068,3025,redacted,0.315,Food Establishment,Restaurant,,,WAITSFIELD,WASHINGTON,,,,,1
473297.8602,185872.2637,3026,redacted,0.294,Food Establishment,Lodging,,,WAITSFIELD,WASHINGTON,,,,,1
476108.1118,191161.572,3027,redacted,0.13,Food Establishment,Home-based Business,,,WAITSFIELD,WASHINGTON,,,,,1
473191.4299,187228.2836,3028,redacted,0.1875,Food Establishment,Caterer,,,WAITSFIELD,WASHINGTON,,,,,1
473143.3667,187206.257,3029,redacted,0.13,Food Manufacturer,Bakery,,,WAITSFIELD,WASHINGTON,,,,,1
473119.2896,187184.1327,3030,redacted,0.18,Food Establishment,Convenience Store,,,WAITSFIELD,WASHINGTON,,,,,1
473207.1037,187150.44,3031,redacted,0.1875,Food Establishment,Caterer,,,WAITSFIELD,WASHINGTON,,,,,1
473063.3669,187195.473,3032,redacted,0.1155,Food Establishment,Convenience Store,,,WAITSFIELD,WASHINGTON,,,,,1
474324.6431,188723.7949,3036,redacted,0.168,Food Establishment,B&B,,,WAITSFIELD,WASHINGTON,,,,,1
473251.4148,186250.2387,3037,redacted,0.21,Food Establishment,B&B,,,WAITSFIELD,WASHINGTON,,,,,1
473191.1127,187150.5052,3038,redacted,0.1875,Food Establishment,Caterer,,,WAITSFIELD,WASHINGTON,,,,,1
473449.5798,185816.0926,3040,redacted,0.13,Food Establishment,Restaurant,Bars/Pubs,,WAITSFIELD,WASHINGTON,,,,,1
472766.1545,186863.3563,3041,redacted,0.26,Food Establishment,Restaurant,,,WAITSFIELD,WASHINGTON,,,,,1
472757.8824,186796.7223,3042,redacted,1.05,Food Establishment,Restaurant,,,WAITSFIELD,WASHINGTON,,,,,1
472757.8824,186796.7223,3043,redacted,0.05,Food Establishment,Mobile Unit,,,WAITSFIELD,WASHINGTON,,,,,1
472693.3522,182808.0179,3046,redacted,0.126,Food Establishment,Restaurant,,,WARREN,WASHINGTON,,,,,1
468561.8722,182181.9962,3047,redacted,0.525,Food Establishment,Restaurant,,,WARREN,WASHINGTON,,,,,1
470181.812,181207.7739,3048,redacted,1.05,Food Establishment,Restaurant,,,WARREN,WASHINGTON,,,,,1
470181.812,181207.7739,3049,redacted,0.105,Food Establishment,B&B,,,WARREN,WASHINGTON,,,,,1
469378.3353,180522.5591,3050,redacted,0.168,Food Establishment,B&B,,,WARREN,WASHINGTON,,,,,1
469653.3634,182888.0005,3051,redacted,5.145,Food Establishment,Lodging,,,WARREN,WASHINGTON,,,,,1
469653.3634,182888.0005,3052,redacted,1.365,Food Establishment,Restaurant,,,WARREN,WASHINGTON,,,,,1
469345.5598,182078.2981,3053,redacted,0.26,Food Establishment,Restaurant,,,WARREN,WASHINGTON,,,,,1
469345.5598,182078.2981,3054,redacted,0.525,Food Establishment,Restaurant,,,WARREN,WASHINGTON,,,,,1
472152.2242,181610.2642,3055,redacted,0.777,Food Establishment,Restaurant,,,WARREN,WASHINGTON,,,,,1
472152.2242,181610.2642,3056,redacted,0.26,Food Establishment,Restaurant,,,WARREN,WASHINGTON,,,,,1
469283.7239,182545.2631,3057,redacted,0.126,Food Establishment,Lodging,,,WARREN,WASHINGTON,,,,,1
473825.9829,179914.487,3058,redacted,0.26,Food Establishment,Restaurant,,,WARREN,WASHINGTON,,,,,1
469234.419,182267.7095,3059,redacted,0.18,Food Establishment,Convenience Store,,,WARREN,WASHINGTON,,,,,1
469162.0415,182190.2687,3060,redacted,6.258,Food Establishment,Restaurant,,,WARREN,WASHINGTON,,,,,1
469106.2392,182234.9758,3061,redacted,0.2625,Food Establishment,B&B,,,WARREN,WASHINGTON,,,,,1
473665.0533,179704.0148,3062,redacted,0.2625,Food Establishment,Restaurant,,,WARREN,WASHINGTON,,,,,1
471542.6967,179446.1699,3063,redacted,0.42,Food Establishment,Lodging,,,WARREN,WASHINGTON,,,,,1
471494.5713,179424.1554,3064,redacted,0.18,Food Establishment,Bakery,,,WARREN,WASHINGTON,,,,,1
472572.3682,182575.1835,3065,redacted,0.05,Food Establishment,Caterer,,,WARREN,WASHINGTON,,,,,1
471791.6088,179622.8797,3066,redacted,0.106785,Food Establishment,School,,,WARREN,WASHINGTON,,,,,1
469391.6143,183378.1126,3067,redacted,0.4725,Food Establishment,Lodging,,,WARREN,WASHINGTON,,,,,1
469447.3571,183322.2967,3068,redacted,1.008,Food Establishment,Restaurant,,,WARREN,WASHINGTON,,,,,1
474445.9224,178778.7083,3069,redacted,0.05,Food Establishment,Convenience Store,,,WARREN,WASHINGTON,,,,,1
474055.0584,175069.0997,3070,redacted,0.13,Food Establishment,Bakery,,,WARREN,WASHINGTON,,,,,1
468432.0358,181804.8313,3071,redacted,4.5675,Food Establishment,Restaurant,,,WARREN,WASHINGTON,,,,,1
471530.8846,182268.4887,3072,redacted,0.26,Food Establishment,Restaurant,,,WARREN,WASHINGTON,,,,,1
471530.8846,182268.4887,3073,redacted,0.9975,Food Establishment,Restaurant,,,WARREN,WASHINGTON,,,,,1
468553.9237,182193.1455,3074,redacted,0.26,Food Establishment,Restaurant,,,WARREN,WASHINGTON,,,,,1
472345.8647,181987.2321,3076,redacted,0.189,Food Establishment,Restaurant,,,WARREN,WASHINGTON,,,,,1
468521.7581,182159.9651,3077,redacted,1.47,Food Establishment,Restaurant,,,WARREN,WASHINGTON,,,,,1
469976.1284,178219.7703,3078,redacted,0.13,Food Establishment,Bakery,,,WARREN,WASHINGTON,,,,,1
468400.5077,181904.9847,3079,redacted,0.441,Food Establishment,Restaurant,,,WARREN,WASHINGTON,,,,,1
469637.3108,182876.9632,3080,redacted,0.05,Food Establishment,Caterer,,,WARREN,WASHINGTON,,,,,1
468335.9581,181794.1813,3082,redacted,0.05,Food Establishment,Caterer,,,WARREN,WASHINGTON,,,,,1
468529.7597,182159.9269,3083,redacted,0.105,Food Establishment,Restaurant,,,WARREN,WASHINGTON,,,,,1
479537.0524,204239.316,3084,redacted,0.18,Food Establishment,Convenience Store,,,WATERBURY,WASHINGTON,,,,,1
479950.8483,203949.1325,3085,redacted,,Food Manufacturer,Food Processor,,,WATERBURY,WASHINGTON,,,,,1
480458.9574,203180.8953,3086,redacted,0.18,Food Establishment,Grocery,,,WATERBURY,WASHINGTON,,,,,1
479918.8117,203904.7845,3087,redacted,0.42,Food Establishment,Restaurant,,,WATERBURY,WASHINGTON,,,,,1
479536.8785,204183.7585,3088,redacted,0.26,Food Establishment,Restaurant,,,WATERBURY,WASHINGTON,,,,,1
479536.8785,204183.7585,3089,redacted,1.029,Food Establishment,Restaurant,,,WATERBURY,WASHINGTON,,,,,1
479576.7868,204194.7453,3090,redacted,0.2415,Food Establishment,Restaurant,,,WATERBURY,WASHINGTON,,,,,1
486137.3968,210477.816,3091,redacted,0.05,Food Establishment,Caterer,,,WATERBURY,WASHINGTON,,,,,1
480585.6593,205558.3983,3092,redacted,0.26,Food Establishment,Lodging,,,WATERBURY,WASHINGTON,,,,,1
480609.3477,205480.5467,3093,redacted,0.2205,Food Establishment,Restaurant,,,WATERBURY,WASHINGTON,,,,,1
479902.1103,203660.3809,3094,redacted,0.26,Food Establishment,Restaurant,,,WATERBURY,WASHINGTON,,,,,1
480681.3358,205558.1148,3095,redacted,0.13,Food Establishment,Restaurant,Deli,,WATERBURY,WASHINGTON,,,,,1
480681.3358,205558.1148,3096,redacted,0.05,Food Establishment,,,,WATERBURY,WASHINGTON,,,,,1
480681.3358,205558.1148,3097,redacted,0.18,Food Establishment,Grocery,,,WATERBURY,WASHINGTON,,,,,1
480849.7139,205879.8559,3099,redacted,0.26,Food Establishment,Restaurant,,,WATERBURY,WASHINGTON,,,,,1
479600.7803,204216.8936,3100,redacted,0.26,Food Establishment,Restaurant,,,WATERBURY,WASHINGTON,,,,,1
479568.9163,204228.1047,3101,redacted,0.525,Food Establishment,Restaurant,,,WATERBURY,WASHINGTON,,,,,1
480108.7597,203426.4058,3102,redacted,0.05,Food Establishment,Caterer,,,WATERBURY,WASHINGTON,,,,,1
479576.8562,204216.9683,3103,redacted,0.1,Food Establishment,Senior meals,,,WATERBURY,WASHINGTON,,,,,1
481009.2313,205901.6136,3104,redacted,0.13,Food Establishment,Concession Stand,,,WATERBURY,WASHINGTON,,,,,1
479990.7783,206571.3507,3105,redacted,1.155,Food Establishment,Restaurant,,,WATERBURY,WASHINGTON,,,,,1
480204.131,203315.0006,3107,redacted,0.168,Food Establishment,Restaurant,,,WATERBURY,WASHINGTON,,,,,1
480228.1591,203348.2626,3108,redacted,0.2625,Food Establishment,Restaurant,,,WATERBURY,WASHINGTON,,,,,1
479592.979,204272.476,3109,redacted,0.05,Food Establishment,Private Club,,,WATERBURY,WASHINGTON,,,,,1
476728.9653,206204.3587,3110,redacted,0.861,Food Establishment,Restaurant,,,WATERBURY,WASHINGTON,,,,,1
479600.8149,204228.0051,3111,redacted,0.2625,Food Establishment,Bakery,,,WATERBURY,WASHINGTON,,,,,1
479441.5663,204306.2852,3113,redacted,0.42,Food Establishment,Restaurant,,,WATERBURY,WASHINGTON,,,,,1
479608.7896,204227.9802,3114,redacted,0.13,Food Establishment,Bakery,,,WATERBURY,WASHINGTON,,,,,1
479251.4815,204718.0151,3115,redacted,0.525,Food Establishment,Restaurant,,,WATERBURY,WASHINGTON,,,,,1
482546.9524,208508.5563,3116,redacted,0.18,Food Establishment,Grocery,,,WATERBURY,WASHINGTON,,,,,1
482546.9524,208508.5563,3117,redacted,0.13,Food Establishment,Bakery,,,WATERBURY,WASHINGTON,,,,,1
480490.0656,202914.1248,3118,redacted,0.18,Food Establishment,Grocery,,,WATERBURY,WASHINGTON,,,,,1
479584.588,204139.163,3119,redacted,0.26,Food Establishment,Restaurant,,,WATERBURY,WASHINGTON,,,,,1
479584.588,204139.163,3120,redacted,0.63,Food Establishment,Restaurant,,,WATERBURY,WASHINGTON,,,,,1
477490.1361,198034.6768,3121,redacted,0.18,Food Establishment,Grocery,,,WATERBURY,WASHINGTON,,,,,1
479616.9375,204283.5128,3122,redacted,0.05,Food Establishment,Caterer,,,WATERBURY,WASHINGTON,,,,,1
479529.8084,204472.6823,3123,redacted,0.0735,Nursing/Assisted Living,Residential Facility,,,WATERBURY,WASHINGTON,,,,,1
481771.6225,207688.4133,3124,redacted,0.18,Food Establishment,Grocery,Specialty foods,,WATERBURY,WASHINGTON,,,,,1
481771.6225,207688.4133,3125,redacted,0.26,Food Establishment,Restaurant,,,WATERBURY,WASHINGTON,,,,,1
481853.6806,205665.8702,3126,redacted,0.42,Food Establishment,Restaurant,,,WATERBURY,WASHINGTON,,,,,1
481980.0803,208132.3003,3127,redacted,0.18,Food Establishment,Grocery,,,WATERBURY,WASHINGTON,,,,,1
469427.4492,208167.8958,3129,redacted,0.05,Food Establishment,Caterer,,,BOLTON,WASHINGTON,,,,,1
482060.8172,208509.874,3130,redacted,,Food Manufacturer,Alcohol Manufacturer,Wine,,WATERBURY,WASHINGTON,,,,,1
482452.723,209031.0564,3131,redacted,0.18,Food Establishment,Bakery,,,WATERBURY,WASHINGTON,,,,,1
482405.0001,209064.5199,3133,redacted,0.18,Food Establishment,Grocery,,,WATERBURY,WASHINGTON,,,,,1
479704.3131,204172.125,3134,redacted,0.063,Food Establishment,Restaurant,,,WATERBURY,WASHINGTON,,,,,1
479704.3131,204172.125,3135,redacted,,Food Manufacturer,Food Processor,,,WATERBURY,WASHINGTON,,,,,1
479704.3131,204172.125,3136,redacted,0.211538462,Food Manufacturer,Food Processor,,,WATERBURY,WASHINGTON,,,,,1
479704.3131,204172.125,3137,redacted,0.05,Food Establishment,Food Processor,,,WATERBURY,WASHINGTON,,,,,1
479704.3131,204172.125,3138,redacted,0.05,Food Establishment,Caterer,,,WATERBURY,WASHINGTON,,,,,1
479720.0213,204094.2951,3139,redacted,0.05,Food Establishment,Caterer,,,WATERBURY,WASHINGTON,,,,,1
480209.3452,205037.2814,3140,redacted,1.428,Food Establishment,Restaurant,,,WATERBURY,WASHINGTON,,,,,1
479299.15,204662.306,3141,redacted,0.441,Food Establishment,Restaurant,,,WATERBURY,WASHINGTON,,,,,1
479816.5082,204349.5632,3142,redacted,0.24973,Food Establishment,School,,,WATERBURY,WASHINGTON,,,,,1
482540.3596,206041.7938,3143,redacted,0.05,Food Establishment,Caterer,,,WATERBURY,WASHINGTON,,,,,1
482610.2607,211330.7512,3144,redacted,0.26,Food Establishment,Restaurant,,,WATERBURY,WASHINGTON,,,,,1
479259.2088,204640.2094,3145,redacted,0.13,Food Establishment,Convenience Store,Deli,,WATERBURY,WASHINGTON,,,,,1
481031.8392,202701.4115,3146,redacted,0.42,Food Establishment,Restaurant,,,WATERBURY,WASHINGTON,,,,,1
483115.7249,206562.5268,3147,redacted,0.18,Food Establishment,Grocery,"Beer, wine, liquor store",,WATERBURY,WASHINGTON,,,,,1
479743.5671,203971.9946,3149,redacted,0.22575,Nursing/Assisted Living,Residential Facility,,,WATERBURY,WASHINGTON,,,,,1
480601.4075,205491.6819,3150,redacted,0.05,Food Establishment,Caterer,,,WATERBURY,WASHINGTON,,,,,1
479878.9707,203916.0185,3151,redacted,0.483,Food Establishment,Restaurant,,,WATERBURY,WASHINGTON,,,,,1
481979.1604,207798.9537,3152,redacted,0.315,Food Establishment,Restaurant,,,WATERBURY,WASHINGTON,,,,,1
480353.1052,205114.6289,3153,redacted,0.18,Food Establishment,Convenience Store,,,WATERBURY,WASHINGTON,,,,,1
479148.1023,204807.237,3154,redacted,0.273,Food Establishment,Restaurant,,,WATERBURY,WASHINGTON,,,,,1
479815.2389,203938.4382,3155,redacted,0.72,Food Establishment,Grocery,,,WATERBURY,WASHINGTON,,,,,1
460306.6666,212928.4666,3156,redacted,0.05,Food Establishment,Bakery,,,WATERBURY,WASHINGTON,,,,,1
480560.914,205280.6816,3157,redacted,0.72,Food Establishment,Bakery,,,WATERBURY,WASHINGTON,,,,,1
480224.2168,204681.6651,3158,redacted,0.26,Food Establishment,Restaurant,,,WATERBURY,WASHINGTON,,,,,1
479552.8974,204205.9316,3161,redacted,0.378,Food Establishment,Restaurant,,,WATERBURY,WASHINGTON,,,,,1
480432.9075,205136.6127,3162,redacted,0.21,Food Establishment,Restaurant,,,WATERBURY,WASHINGTON,,,,,1
484743.8386,217570.2043,3163,redacted,0,Food Manufacturer,Food Processor,,,STOWE,WINDSOR,,,,,1
482457.0404,213597.9512,3164,redacted,0.18,Food Establishment,Grocery,"Beer, wine, liquor store",,WATERBURY CENTER,WASHINGTON,,,,,1
481771.6225,207688.4133,3165,redacted,0.05,Food Establishment,Caterer,,,WATERBURY CENTER,WASHINGTON,,,,,1
484057.1026,206849.0633,3166,redacted,0.084,Food Establishment,B&B,,,WATERBURY,WASHINGTON,,,,,1
482452.723,209031.0564,3167,redacted,0.504,Food Establishment,Restaurant,,,WATERBURY,WASHINGTON,,,,,1
482598.6796,209975.1569,3168,redacted,0.861,Food Establishment,Restaurant,,,WATERBURY,WASHINGTON,,,,,1
506726.7928,215633.477,3169,redacted,0.18,Food Establishment,Grocery,,,WOODBURY,WASHINGTON,,,,,1
509502.1861,212158.9777,3171,redacted,0.13,Food Establishment,Bakery,,,WOODBURY,WASHINGTON,,,,,1
507933.6103,218268.3146,3173,redacted,0.39375,Food Establishment,Camp,,,WOODBURY,WASHINGTON,,,,,1
506859.8653,217778.1777,3174,redacted,0.05,Food Establishment,Camp,,,WOODBURY,WASHINGTON,,,,,1
506671.1703,215533.4145,3175,redacted,0.026555,Food Establishment,School,,,WOODBURY,WASHINGTON,,,,,1
500833.825,231575.5316,3176,redacted,0.05,Food Establishment,Caterer,,,WORCESTER,WASHINGTON,,,,,1
496341.1488,206908.4134,3177,redacted,0.063,Nursing/Assisted Living,Residential Facility,,,WORCESTER,WASHINGTON,,,,,1
495983.0462,207897.5516,3179,redacted,0.0945,Food Establishment,Restaurant,,,WORCESTER,WASHINGTON,,,,,1
493673.6853,209943.9114,3180,redacted,0.05,Food Establishment,Lodging,,,WORCESTER,WASHINGTON,,,,,1
495983.0257,207864.2169,3181,redacted,0.18,Food Establishment,Convenience Store,,,WORCESTER,WASHINGTON,,,,,1
496182.4298,208119.6631,3182,redacted,0.04181,Food Establishment,School,,,WORCESTER,WASHINGTON,,,,,1
504499.5295,69996.24845,3184,redacted,0.42,Food Establishment,Restaurant,,,BELLOWS FALLS,WINDHAM,,,,,1
504524.1014,69751.86377,3185,redacted,0.05,Food Establishment,Caterer,,,BELLOWS FALLS,WINDHAM,,,,,1
504287.5592,70662.66033,3186,redacted,0.26,Food Establishment,Restaurant,,,BELLOWS FALLS,WINDHAM,,,,,1
504279.4165,70673.76437,3187,redacted,0.399,Food Establishment,Restaurant,,,BELLOWS FALLS,WINDHAM,,,,,1
504165.4817,70729.23954,3188,redacted,0.189,Food Establishment,Restaurant,,,BELLOWS FALLS,WINDHAM,,,,,1
503823.7072,70862.34906,3189,redacted,0.05,Food Establishment,Convenience Store,,,BELLOWS FALLS,WINDHAM,,,,,1
499593.6166,77460.15571,3190,redacted,0.72,Food Establishment,Grocery,,,BELLOWS FALLS,WINDHAM,,,,,1
504059.6844,70784.72146,3192,redacted,0.378,Food Establishment,Restaurant,,,BELLOWS FALLS,WINDHAM,,,,,1
503913.211,70840.18155,3193,redacted,0.18,Food Establishment,Convenience Store,,,BELLOWS FALLS,WINDHAM,,,,,1
503294.2899,72117.40768,3194,redacted,0.105,Food Establishment,Lodging,,,BELLOWS FALLS,WINDHAM,,,,,1
504499.119,70618.36008,3195,redacted,0.18,Food Establishment,Grocery,Farmers' Market,,BELLOWS FALLS,WINDHAM,,,,,1
503391.9372,72039.69139,3197,redacted,1.5015,Food Establishment,Restaurant,,,BELLOWS FALLS,WINDHAM,,,,,1
504564.1834,70651.73077,3198,redacted,0.26,Food Establishment,Restaurant,,,BELLOWS FALLS,WINDHAM,,,,,1
504271.6843,70029.42932,3199,redacted,0.105,Nursing/Assisted Living,Residential Facility,,,BELLOWS FALLS,WINDHAM,,,,,1
504523.6371,70451.73913,3200,redacted,2.961,Food Establishment,Restaurant,,,BELLOWS FALLS,WINDHAM,,,,,1
504409.6894,70518.31934,3201,redacted,1.0395,Food Establishment,Restaurant,,,BELLOWS FALLS,WINDHAM,,,,,1
504499.4342,70140.66717,3202,redacted,2.1,Food Establishment,Restaurant,,,BELLOWS FALLS,WINDHAM,,,,,1
504385.2387,70584.95844,3203,redacted,0.13,Food Establishment,Restaurant,Bars/Pubs,,BELLOWS FALLS,WINDHAM,,,,,1
504385.2387,70584.95844,3204,redacted,0.525,Food Establishment,Restaurant,,,BELLOWS FALLS,WINDHAM,,,,,1
504523.6371,70451.73913,3205,redacted,0.252,Food Establishment,Restaurant,,,BELLOWS FALLS,WINDHAM,,,,,1
503398.8849,74417.06153,3206,redacted,1.05,Food Establishment,Restaurant,,,BELLOWS FALLS,WINDHAM,,,,,1
504157.7931,69996.03152,3207,redacted,0.063,Food Establishment,Restaurant,,,BELLOWS FALLS,WINDHAM,,,,,1
504491.1075,70429.49933,3208,redacted,0.72,Food Establishment,Grocery,,,BELLOWS FALLS,WINDHAM,,,,,1
504523.6371,70451.73913,3209,redacted,0.252,Food Establishment,Restaurant,,,BELLOWS FALLS,WINDHAM,,,,,1
503415.0751,74561.48939,3210,redacted,0.05,Food Establishment,Convenience Store,,,BELLOWS FALLS,WINDHAM,,,,,1
504499.5808,69918.48454,3211,redacted,0.735,Food Establishment,Restaurant,,,BELLOWS FALLS,WINDHAM,,,,,1
504035.4287,70529.19669,3212,redacted,0.2625,Food Establishment,Restaurant,,,BELLOWS FALLS,WINDHAM,,,,,1
504336.4234,70584.92722,3213,redacted,0.315,Food Establishment,Restaurant,,,BELLOWS FALLS,WINDHAM,,,,,1
503978.4642,70551.3815,3214,redacted,0.126,Food Establishment,Restaurant,,,BELLOWS FALLS,WINDHAM,,,,,1
504328.2875,70584.92205,3215,redacted,0.26,Food Establishment,Restaurant,,,BELLOWS FALLS,WINDHAM,,,,,1
504328.2875,70584.92205,3216,redacted,0.42,Food Establishment,Restaurant,,,BELLOWS FALLS,WINDHAM,,,,,1
504499.6248,69851.82977,3217,redacted,0.05,Food Establishment,Convenience Store,,,BELLOWS FALLS,WINDHAM,,,,,1
503994.6969,70618.04586,3218,redacted,0.126,Nursing/Assisted Living,Residential Facility,,,BELLOWS FALLS,WINDHAM,,,,,1
502504.0247,75549.81406,3219,redacted,0.05,Food Establishment,Caterer,,,BELLOWS FALLS,WINDHAM,,,,,1
494818.6656,39858.36022,3220,redacted,0.78225,Food Establishment,Hospital,,,BRATTLEBORO,WINDHAM,,,,,1
494616.7362,42902.28139,3221,redacted,0.155375,Food Establishment,Restaurant,,,BRATTLEBORO,WINDHAM,,,,,1
495251.139,38891.60018,3222,redacted,0.26,Food Establishment,Restaurant,,,BRATTLEBORO,WINDHAM,,,,,1
495251.139,38891.60018,3223,redacted,0.2415,Food Establishment,Restaurant,,,BRATTLEBORO,WINDHAM,,,,,1
494779.5059,42102.33275,3224,redacted,0.504,Food Establishment,Lodging,,,BRATTLEBORO,WINDHAM,,,,,1
495261.73,42401.91723,3225,redacted,0.26,Food Establishment,Restaurant,,,BRATTLEBORO,WINDHAM,,,,,1
491679.9473,39450.41937,3226,redacted,0.13,Food Establishment,Bakery,,,BRATTLEBORO,WINDHAM,,,,,1
491671.7878,39461.53785,3227,redacted,0.2625,Food Establishment,Restaurant,,,BRATTLEBORO,WINDHAM,,,,,1
491655.4554,39472.66623,3228,redacted,0.26,Food Establishment,Convenience Store,,,BRATTLEBORO,WINDHAM,,,,,1
495286.2688,42446.33498,3229,redacted,0.26,Food Establishment,Restaurant,,,BRATTLEBORO,WINDHAM,,,,,1
495030.3236,38714.01857,3230,redacted,0.26,Food Establishment,Restaurant,,,BRATTLEBORO,WINDHAM,,,,,1
495030.3236,38714.01857,3231,redacted,0.3255,Food Establishment,Restaurant,,,BRATTLEBORO,WINDHAM,,,,,1
495302.6758,42546.30164,3232,redacted,0.987,Food Establishment,Restaurant,,,BRATTLEBORO,WINDHAM,,,,,1
495319.037,42579.61645,3234,redacted,0.168,Food Establishment,Bakery,,,BRATTLEBORO,WINDHAM,,,,,1
492354.0793,43004.40272,3235,redacted,2.25,Food Establishment,Caterer,,,BRATTLEBORO,WINDHAM,,,,,1
494955.71,37281.06656,3237,redacted,0.09125,School,School,,,BRATTLEBORO,WINDHAM,,,,,1
495112.4165,39213.84647,3238,redacted,1.575,Food Establishment,Restaurant,,,BRATTLEBORO,WINDHAM,,,,,1
495384.4728,42701.76745,3239,redacted,0.26,Food Establishment,Restaurant,,,BRATTLEBORO,WINDHAM,,,,,1
495267.6695,39158.19503,3241,redacted,0.2625,Food Establishment,Restaurant,,,BRATTLEBORO,WINDHAM,,,,,1
495433.5683,42823.92991,3244,redacted,0.504,Food Establishment,Restaurant,,,BRATTLEBORO,WINDHAM,,,,,1
495376.4306,42890.62005,3245,redacted,1.953,Food Establishment,Restaurant,,,BRATTLEBORO,WINDHAM,,,,,1
495153.2201,39124.94886,3246,redacted,0.26,Food Establishment,Restaurant,,,BRATTLEBORO,WINDHAM,,,,,1
495153.2201,39124.94886,3247,redacted,0.525,Food Establishment,Restaurant,,,BRATTLEBORO,WINDHAM,,,,,1
491468.1254,39995.00088,3248,redacted,0.13,Food Establishment,Bakery,,,BRATTLEBORO,WINDHAM,,,,,1
494981.2726,38702.94555,3249,redacted,0.18,Food Establishment,Convenience Store,,,BRATTLEBORO,WINDHAM,,,,,1
495218.6606,39202.66327,3252,redacted,0.26,Food Establishment,Restaurant,,,BRATTLEBORO,WINDHAM,,,,,1
495359.2087,41579.81107,3253,redacted,0.26,Food Establishment,Restaurant,,,BRATTLEBORO,WINDHAM,,,,,1
492286.463,40982.70314,3254,redacted,0.168,Food Establishment,B&B,,,BRATTLEBORO,WINDHAM,,,,,1
495540.0454,43257.09789,3255,redacted,0.13,Food Establishment,Restaurant,Bars/Pubs,,BRATTLEBORO,WINDHAM,,,,,1
495540.0454,43257.09789,3256,redacted,0.2625,Food Establishment,Restaurant,Bars/Pubs,,BRATTLEBORO,WINDHAM,,,,,1
495540.0454,43257.09789,3257,redacted,0.2625,Food Establishment,Restaurant,,,BRATTLEBORO,WINDHAM,,,,,1
494988.5009,37403.23683,3258,redacted,0.14735,Food Establishment,School,,,BRATTLEBORO,WINDHAM,,,,,1
495022.3746,39025.06485,3259,redacted,0.189,Food Establishment,Restaurant,,,BRATTLEBORO,WINDHAM,,,,,1
495210.5029,39224.88613,3260,redacted,0.26,Food Establishment,Restaurant,,,BRATTLEBORO,WINDHAM,,,,,1
495556.4109,43301.52196,3261,redacted,1.26,Food Establishment,Restaurant,,,BRATTLEBORO,WINDHAM,,,,,1
494989.6647,39002.87139,3262,redacted,0.252,Food Establishment,Restaurant,,,BRATTLEBORO,WINDHAM,,,,,1
495703.5942,43545.81914,3263,redacted,0.3465,Food Establishment,Lodging,,,BRATTLEBORO,WINDHAM,,,,,1
495744.462,43590.22842,3265,redacted,0.6825,Food Establishment,Restaurant,,,BRATTLEBORO,WINDHAM,,,,,1
495022.3505,38991.73909,3266,redacted,0.21,Food Establishment,Restaurant,,,BRATTLEBORO,WINDHAM,,,,,1
494940.3627,38647.43255,3268,redacted,0.05,Food Establishment,Restaurant,,,BRATTLEBORO,WINDHAM,,,,,1
495258.548,37780.73699,3269,redacted,0.164415,Food Establishment,School,,,BRATTLEBORO,WINDHAM,,,,,1
495120.8495,39580.42428,3270,redacted,0.05,Food Establishment,Caterer,,,BRATTLEBORO,WINDHAM,,,,,1
494384.2212,38259.06313,3271,redacted,0.05,Food Establishment,Mobile Unit,,,BRATTLEBORO,WINDHAM,,,,,1
495235.0302,39235.97771,3272,redacted,0.18,Food Establishment,Grocery,Farmers' Market,,BRATTLEBORO,WINDHAM,,,,,1
494562.7245,36570.41779,3273,redacted,0.13,Food Establishment,Bakery,,,BRATTLEBORO,WINDHAM,,,,,1
495761.0515,44001.23916,3274,redacted,0.18,Food Establishment,Grocery,"Beer, wine, liquor store",,BRATTLEBORO,WINDHAM,,,,,1
494090.6119,39036.91004,3275,redacted,0.18375,Nursing/Assisted Living,Residential Facility,,,BRATTLEBORO,WINDHAM,,,,,1
495128.7001,39124.96616,3276,redacted,0.2415,Food Establishment,Restaurant,,,BRATTLEBORO,WINDHAM,,,,,1
492708.5997,230346.1501,3277,redacted,0.72,Food Establishment,Grocery,,,MORRISTOWN,LAMOILLE,,,,,1
492055.7331,229069.0425,3279,redacted,0.26,Food Establishment,Restaurant,,,MORRISVILLE,LAMOILLE,,,,,1
492319.3415,230291.0397,3281,redacted,0.13,Food Establishment,Home-based Business,,,MORRISTOWN,LAMOILLE,,,,,1
492047.9795,229224.6192,3282,redacted,0.13,Food Establishment,Restaurant,Deli,,MORRISTOWN,LAMOILLE,,,,,1
492541.918,230446.3473,3284,redacted,0.18,Food Establishment,Grocery,"Beer, wine, liquor store",,MORRISTOWN,LAMOILLE,,,,,1
492190.9461,229202.2217,3285,redacted,0.25725,Food Establishment,Restaurant,Bars/Pubs,,MORRISTOWN,LAMOILLE,,,,,1
492833.9276,228757.002,3287,redacted,0.525,Food Establishment,Restaurant,,,MORRISTOWN,LAMOILLE,,,,,1
484936.6648,218358.6924,3288,redacted,0.055,Food Establishment,Home-based Business,,,MORRISTOWN,LAMOILLE,,,,,1
492579.8513,228890.6308,3290,redacted,0.168,Food Establishment,Restaurant,,,MORRISVILLE,LAMOILLE,,,,,1
492612.0343,229246.1762,3296,redacted,0.063,Food Establishment,Restaurant,,,MORRISVILLE,LAMOILLE,,,,,1
491786.6834,229902.7739,3297,redacted,0.1575,Food Establishment,Restaurant,,,MORRISTOWN,LAMOILLE,,,,,1
492438.4701,230279.7877,3298,redacted,0.525,Food Establishment,Restaurant,,,MORRISTOWN,LAMOILLE,,,,,1
488957.4968,233751.7281,3299,redacted,,Food Manufacturer,Food Processor,,,MORRISTOWN,LAMOILLE,,,,,1
491710.8089,220235.5411,3300,redacted,0.105,Food Establishment,B&B,,,ELMORE,LAMOILLE,,,,,1
490444.5977,224726.4585,3301,redacted,0.231,Food Establishment,Restaurant,,,MORRISTOWN,LAMOILLE,,,,,1
492597.7191,230624.0748,3302,redacted,0.21,Food Establishment,Restaurant,,,MORRISTOWN,LAMOILLE,,,,,1
492531.5193,228312.8659,3303,redacted,0.1155,Nursing/Assisted Living,Residential Facility,,,MORRISVILLE,LAMOILLE,,,,,1
492175.8354,229846.7329,3304,redacted,0.441,Food Establishment,Restaurant,,,MORRISVILLE,LAMOILLE,,,,,1
487215.1648,231832.5508,3305,redacted,,Food Manufacturer,Food Processor,,,MORRISVILLE,LAMOILLE,,,,,1
492745.8532,228145.9438,3306,redacted,0.22575,Hospital,,,,MORRISVILLE,LAMOILLE,,,,,1
492873.2602,228401.3769,3307,redacted,0.378,Nursing/Assisted Living,Residential Facility,,,MORRISVILLE,LAMOILLE,,,,,1
491356.075,228647.6833,3309,redacted,0.084,Food Establishment,Restaurant,,,MORRISTOWN,LAMOILLE,,,,,1
492374.3399,229779.8247,3311,redacted,0.042,Hospital,,,,MORRISVILLE,LAMOILLE,,,,,1
492286.249,229179.8837,3313,redacted,0.2625,Food Establishment,Restaurant,,,MORRISTOWN,LAMOILLE,,,,,1
492151.2525,229224.4934,3314,redacted,0.5775,Food Establishment,Restaurant,,,MORRISTOWN,LAMOILLE,,,,,1
484198.6513,219193.828,3316,redacted,0.42,Food Establishment,Lodging,,,STOWE,LAMOILLE,,,,,1
484167.0691,219293.9111,3317,redacted,0.084,Food Establishment,Bakery,,,STOWE,LAMOILLE,,,,,1
484640.3228,214170.2505,3318,redacted,0.13,Food Establishment,Bakery,,,STOWE,LAMOILLE,,,,,1
486790.995,222399.3669,3319,redacted,0.05,Food Establishment,Caterer,,,STOWE,LAMOILLE,,,,,1
484127.5048,219382.9021,3321,redacted,0.26,Food Establishment,Bakery,,,STOWE,LAMOILLE,,,,,1
485008.6908,218536.3149,3322,redacted,0.57225,Food Establishment,Bar,Bars/Pubs,,STOWE,LAMOILLE,,,,,1
482780.5612,215486.0858,3324,redacted,0.021,Food Establishment,Bakery,,,STOWE,LAMOILLE,,,,,1
483888.9857,219450.1593,3325,redacted,0.26,Food Establishment,Restaurant,,,STOWE,LAMOILLE,,,,,1
484929.0419,218503.1634,3326,redacted,0.26,Food Establishment,Lodging,,,STOWE,LAMOILLE,,,,,1
481588.9066,216367.1755,3330,redacted,0.13,Food Establishment,Bakery,,,STOWE,LAMOILLE,,,,,1
482559.9072,219298.0203,3331,redacted,0.1575,Food Establishment,Bar,Bars/Pubs,,STOWE,LAMOILLE,,,,,1
481938.7339,219088.5899,3332,redacted,0.26,Food Establishment,Restaurant,,,STOWE,LAMOILLE,,,,,1
481938.7339,219088.5899,3333,redacted,0.63,Food Establishment,Restaurant,,,STOWE,LAMOILLE,,,,,1
485056.0767,218380.6407,3334,redacted,0.18,Food Establishment,Convenience Store,,,STOWE,LAMOILLE,,,,,1
482847.3281,219675.0586,3335,redacted,0.7035,Food Establishment,Restaurant,,,STOWE,LAMOILLE,,,,,1
485310.637,218346.7258,3336,redacted,0.2205,Food Establishment,Restaurant,,,STOWE,LAMOILLE,,,,,1
483633.6093,219139.6655,3337,redacted,0.4725,Food Establishment,Lodging,,,STOWE,LAMOILLE,,,,,1
481338.5872,223446.1405,3338,redacted,0.6825,Food Establishment,Lodging,,,STOWE,LAMOILLE,,,,,1
478174.992,226111.7578,3339,redacted,0.26,Food Establishment,Restaurant,,,STOWE,LAMOILLE,,,,,1
483402.8159,219118.0265,3341,redacted,0.13,Food Establishment,Restaurant,Concession,,STOWE,LAMOILLE,,,,,1
483251.9291,219229.5313,3342,redacted,0.378,Food Establishment,Restaurant,,,STOWE,LAMOILLE,,,,,1
483936.9141,219527.8235,3343,redacted,,Food Manufacturer,Food Processor,,,STOWE,LAMOILLE,,,,,1
483244.3448,219374.0046,3344,redacted,0.05,Food Establishment,Caterer,,,STOWE,LAMOILLE,,,,,1
483132.6994,219274.2866,3345,redacted,,Food Manufacturer,Food Processor,,,STOWE,LAMOILLE,,,,,1
483132.6994,219274.2866,3346,redacted,0.13,Food Establishment,Restaurant,,,STOWE,LAMOILLE,,,,,1
485103.77,218358.3078,3348,redacted,2.1,Food Establishment,Restaurant,,,STOWE,LAMOILLE,,,,,1
487112.9278,220320.8079,3349,redacted,0.26,Food Establishment,Restaurant,,,STOWE,LAMOILLE,,,,,1
487112.9278,220320.8079,3350,redacted,0.2625,Food Establishment,Restaurant,,,STOWE,LAMOILLE,,,,,1
487152.7246,220331.841,3351,redacted,0.18,Food Establishment,Grocery,,,STOWE,LAMOILLE,,,,,1
482973.6611,219308.0363,3352,redacted,0.26,Food Establishment,Restaurant,,,STOWE,LAMOILLE,,,,,1
482942.0984,219408.1254,3354,redacted,0.26,Food Establishment,Restaurant,,,STOWE,LAMOILLE,,,,,1
482918.0258,219330.4058,3357,redacted,0.26,Food Establishment,Restaurant,,,STOWE,LAMOILLE,,,,,1
484743.8386,217570.2043,3358,redacted,0.13,Food Establishment,Bakery,,,STOWE,LAMOILLE,,,,,1
481706.3834,221344.9462,3359,redacted,0.26,Food Establishment,Restaurant,,,STOWE,LAMOILLE,,,,,1
480912.9333,222002.8284,3360,redacted,0.504,Food Establishment,Restaurant,,,STOWE,LAMOILLE,,,,,1
477640.9504,225669.0948,3361,redacted,0.525,Food Establishment,Restaurant,,,STOWE,LAMOILLE,,,,,1
482624.2693,219564.5321,3362,redacted,0.63,Food Establishment,Restaurant,,,STOWE,LAMOILLE,,,,,1
482441.3731,219598.3587,3363,redacted,0.18,Food Establishment,Bakery,,,STOWE,LAMOILLE,,,,,1
482322.4878,219765.3583,3364,redacted,0.945,Food Establishment,Lodging,,,STOWE,LAMOILLE,,,,,1
485119.761,218391.6066,3365,redacted,0.714,Food Establishment,Restaurant,,,STOWE,LAMOILLE,,,,,1
483065.2189,214740.8519,3366,redacted,0.26,Food Establishment,Restaurant,,,STOWE,LAMOILLE,,,,,1
485088.9245,218825.0374,3367,redacted,0.26,Food Establishment,Restaurant,,,STOWE,LAMOILLE,,,,,1
481824.5095,220922.3638,3370,redacted,0.2625,Food Establishment,Restaurant,,,STOWE,LAMOILLE,,,,,1
481633.7013,220956.2354,3371,redacted,1.05,Food Establishment,Restaurant,,,STOWE,LAMOILLE,,,,,1
485238.0628,217924.642,3372,redacted,0.05,Food Establishment,Caterer,,,STOWE,LAMOILLE,,,,,1
485112.922,218880.5415,3373,redacted,0.18,Food Establishment,Grocery,"Beer, wine, liquor store",,STOWE,LAMOILLE,,,,,1
482892.2765,215585.7973,3375,redacted,0.18,Food Establishment,Convenience Store,,,STOWE,LAMOILLE,,,,,1
481777.0953,221033.6152,3376,redacted,0.26,Food Establishment,Lodging,,,STOWE,LAMOILLE,,,,,1
485129.1148,219002.7343,3377,redacted,0.252,Food Establishment,Bakery,,,STOWE,LAMOILLE,,,,,1
485129.1148,219002.7343,3379,redacted,0.6405,Food Establishment,Restaurant,,,STOWE,LAMOILLE,,,,,1
485129.1148,219002.7343,3380,redacted,0.26,Food Establishment,Restaurant,,,STOWE,LAMOILLE,,,,,1
485129.1148,219002.7343,3382,redacted,0.525,Food Establishment,Restaurant,,,STOWE,LAMOILLE,,,,,1
485017.5178,218914.0958,3383,redacted,0.525,Food Establishment,Restaurant,,,STOWE,LAMOILLE,,,,,1
480903.6097,221536.1563,3384,redacted,3.5805,Food Establishment,Lodging,,,STOWE,LAMOILLE,,,,,1
480903.6097,221536.1563,3385,redacted,0.26,Food Establishment,Restaurant,,,STOWE,LAMOILLE,,,,,1
480792.6215,221658.714,3388,redacted,0.7875,Food Establishment,Restaurant,,,STOWE,LAMOILLE,,,,,1
481977.1009,218577.3393,3389,redacted,0.069825,Food Establishment,School,,,STOWE,LAMOILLE,,,,,1
484993.9295,219036.38,3390,redacted,1.008,Food Establishment,Restaurant,,,STOWE,LAMOILLE,,,,,1
484993.9295,219036.38,3391,redacted,0.26,Food Establishment,Restaurant,,,STOWE,LAMOILLE,,,,,1
482041.208,221621.8098,3392,redacted,1.3125,Food Establishment,Lodging,,,STOWE,LAMOILLE,,,,,1
480507.4997,222059.5909,3393,redacted,0.42,Food Establishment,Lodging,,,STOWE,LAMOILLE,,,,,1
475287.6854,219266.0161,3394,redacted,1.05,Food Establishment,Lodging,,,STOWE,LAMOILLE,,,,,1
480428.272,222159.836,3395,redacted,1.575,Food Establishment,Lodging,,,STOWE,LAMOILLE,,,,,1
483071.2178,220107.834,3396,redacted,0.21,Food Establishment,Lodging,,,STOWE,LAMOILLE,,,,,1
485121.2599,219047.1995,3397,redacted,0.8925,Food Establishment,Restaurant,,,STOWE,LAMOILLE,,,,,1
480205.8993,222260.5165,3398,redacted,0.26,Food Establishment,Restaurant,,,STOWE,LAMOILLE,,,,,1
480205.8993,222260.5165,3399,redacted,0.168,Food Establishment,Lodging,,,STOWE,LAMOILLE,,,,,1
479800.5222,222328.4349,3401,redacted,0.21,Food Establishment,Lodging,,,STOWE,LAMOILLE,,,,,1
479697.6596,222495.4341,3403,redacted,0.055,Food Establishment,Caterer,,,STOWE,LAMOILLE,,,,,1
479657.724,222439.9994,3404,redacted,1.05,Food Establishment,Restaurant,,,STOWE,LAMOILLE,,,,,1
485041.9243,219147.3876,3405,redacted,0.18,Food Establishment,Meat/Poultry/Seafood,,,STOWE,LAMOILLE,,,,,1
479514.4054,222384.8899,3406,redacted,0.252,Food Establishment,Restaurant,,,STOWE,LAMOILLE,,,,,1
484994.1601,219136.3858,3407,redacted,0.26,Food Establishment,Restaurant,,,STOWE,LAMOILLE,,,,,1
484994.1601,219136.3858,3408,redacted,0.26,Food Establishment,Restaurant,,,STOWE,LAMOILLE,,,,,1
484826.8936,219058.991,3411,redacted,0.945,Food Establishment,Restaurant,,,STOWE,LAMOILLE,,,,,1
484826.8936,219058.991,3412,redacted,0.26,Food Establishment,Lodging,,,STOWE,LAMOILLE,,,,,1
479586.7455,222629.1246,3413,redacted,0.13,Food Establishment,Bakery,,,STOWE,LAMOILLE,,,,,1
485159.2437,218258.1749,3414,redacted,0.756,Food Establishment,Restaurant,,,STOWE,LAMOILLE,,,,,1
485040.3663,218469.5712,3415,redacted,0.26,Food Establishment,Restaurant,,,STOWE,LAMOILLE,,,,,1
478881.4926,223398.1013,3416,redacted,1.89,Food Establishment,Restaurant,,,STOWE,LAMOILLE,,,,,1
478881.4926,223398.1013,3418,redacted,4.3155,Food Establishment,Restaurant,,,STOWE,LAMOILLE,,,,,1
478881.4926,223398.1013,3419,redacted,2.1,Food Establishment,Restaurant,,,STOWE,LAMOILLE,,,,,1
478881.4926,223398.1013,3420,redacted,1.68,Food Establishment,Restaurant,,,STOWE,LAMOILLE,,,,,1
478881.4926,223398.1013,3421,redacted,3.15,Food Establishment,Restaurant,,,STOWE,LAMOILLE,,,,,1
478881.4926,223398.1013,3422,redacted,2.1,Food Establishment,Restaurant,,,STOWE,LAMOILLE,,,,,1
484600.6145,217581.6533,3426,redacted,0.315,Food Establishment,Restaurant,,,STOWE,LAMOILLE,,,,,1
484552.8645,217581.7664,3427,redacted,0.2625,Food Establishment,Restaurant,,,STOWE,LAMOILLE,,,,,1
484528.7254,217470.7059,3428,redacted,0.2625,Food Establishment,B&B,,,STOWE,LAMOILLE,,,,,1
480512.4232,218392.6588,3431,redacted,2.1,Food Establishment,Lodging,,,STOWE,LAMOILLE,,,,,1
486091.7922,218967.2702,3432,redacted,0.504,Food Establishment,Lodging,,,STOWE,LAMOILLE,,,,,1
486091.7922,218967.2702,3433,redacted,0.63,Food Establishment,Restaurant,,,STOWE,LAMOILLE,,,,,1
477664.4136,225557.8941,3434,redacted,0.05,Food Establishment,Mobile Unit,,,STOWE,LAMOILLE,,,,,1
477664.4136,225557.8941,3435,redacted,2.037,Food Establishment,Lodging,,,STOWE,LAMOILLE,,,,,1
483627.5543,219895.2851,3436,redacted,1.449,Food Establishment,Restaurant,,,STOWE,LAMOILLE,,,,,1
484544.405,217370.6626,3437,redacted,0.26,Food Establishment,Restaurant,,,STOWE,LAMOILLE,,,,,1
484544.405,217370.6626,3438,redacted,0.18,Food Establishment,Convenience Store,,,STOWE,LAMOILLE,,,,,1
486155.6581,219067.1402,3439,redacted,0.72,Food Establishment,Bakery,,,STOWE,LAMOILLE,,,,,1
484960.537,218358.6372,3440,redacted,,Food Manufacturer,Sweets,,,STOWE,LAMOILLE,,,,,1
477640.9504,225669.0948,3441,redacted,8.715,Food Establishment,Restaurant,,,STOWE,LAMOILLE,,,,,1
484520.265,217259.6021,3442,redacted,1.05,Food Establishment,Restaurant,,,STOWE,LAMOILLE,,,,,1
484421.9617,219415.5259,3444,redacted,2.625,Food Establishment,Lodging,,,STOWE,LAMOILLE,,,,,1
484936.6391,218347.5806,3445,redacted,0.72,,,,,STOWE,LAMOILLE,,,,,1
481927.0504,220610.9458,3446,redacted,0.189,Food Establishment,B&B,,,STOWE,LAMOILLE,,,,,1
484424.4412,217126.4893,3447,redacted,0.168,Food Establishment,Restaurant,,,STOWE,LAMOILLE,,,,,1
484424.4412,217126.4893,3448,redacted,0.18,Food Establishment,Convenience Store,,,STOWE,LAMOILLE,,,,,1
484302.379,219315.8069,3449,redacted,0.05,Food Establishment,Caterer,,,STOWE,LAMOILLE,,,,,1
484302.379,219315.8069,3450,redacted,0.26,Food Establishment,Restaurant,,,STOWE,LAMOILLE,,,,,1
484230.7999,219327.0918,3451,redacted,0.7245,Food Establishment,Lodging,,,STOWE,LAMOILLE,,,,,1
475020.8614,226434.2632,3453,redacted,0.05,Food Establishment,Caterer,,,STOWE,LAMOILLE,,,,,1
485238.7936,218246.8822,3454,redacted,0.17289,Food Establishment,School,,,STOWE,LAMOILLE,,,,,1
483244.3448,219374.0046,3455,redacted,2.2155,Food Establishment,Lodging,,,STOWE,LAMOILLE,,,,,1
478621.4535,243356.3241,3458,redacted,0.72,Food Establishment,Grocery,,,WATERVILLE,LAMOILLE,,,,,1
480322.3317,247440.2497,3459,redacted,0.051415,Food Establishment,School,,,WATERVILLE,LAMOILLE,,,,,1
478637.2703,243345.1595,3460,redacted,0.18,Food Establishment,Grocery,,,WATERVILLE,LAMOILLE,,,,,1
490591.1409,232582.3869,3464,redacted,0.168,Food Establishment,B&B,,,HYDE PARK,LAMOILLE,,,,,1
488790.9606,233852.0225,3465,redacted,1.8375,Food Establishment,Restaurant,,,HYDE PARK,LAMOILLE,,,,,1
493710.9001,240079.2505,3467,redacted,0.05,Food Establishment,Caterer,,,HYDE PARK,LAMOILLE,,,,,1
493631.5035,231923.078,3468,redacted,0.11025,Nursing/Assisted Living,Residential Facility,,,HYDE PARK,LAMOILLE,,,,,1
490813.3496,232504.284,3469,redacted,0.1575,Food Establishment,Bakery,,,HYDE PARK,LAMOILLE,,,,,1
491171.6366,233226.0668,3470,redacted,0.126,Food Establishment,B&B,,,HYDE PARK,LAMOILLE,,,,,1
491203.5291,233326.0316,3472,redacted,0.13,Food Establishment,Bakery,,,HYDE PARK,LAMOILLE,,,,,1
490987.9383,232437.3668,3473,redacted,0.139555,Food Establishment,School,,,HYDE PARK,LAMOILLE,,,,,1
488957.4968,233751.7281,3474,redacted,0.603636177,Food Manufacturer,Food Processor,,,HYDE PARK,LAMOILLE,,,,,1
497522.238,231287.0404,3475,redacted,0.525,Food Establishment,Caterer,,,HYDE PARK,LAMOILLE,,,,,1
497522.238,231287.0404,3476,redacted,0.05,Food Manufacturer,Food Processor,,,HYDE PARK,LAMOILLE,,,,,1
489623.8177,233428.3775,3477,redacted,0.1008,Food Establishment,School,,,HYDE PARK,LAMOILLE,,,,,1
492657.9511,241702.734,3478,redacted,,Food Manufacturer,Food Processor,,,HYDE PARK,LAMOILLE,,,,,1
491828.8368,231836.2041,3480,redacted,0.13,Food Establishment,Home-based Business,,,HYDE PARK,LAMOILLE,,,,,1
502810.0873,234098.5095,3484,redacted,0.18,Food Establishment,Grocery,,,WOLCOTT,LAMOILLE,,,,,1
497799.7397,229953.5059,3485,redacted,0.18,Food Establishment,Convenience Store,,,WOLCOTT,LAMOILLE,,,,,1
503727.3671,226442.8392,3486,redacted,0.084185,Food Establishment,School,,,WOLCOTT,LAMOILLE,,,,,1
529806.4178,166074.2882,3487,redacted,0.26,Food Establishment,Restaurant,,,BRADFORD,ORANGE,,,,,1
529877.1024,166407.9387,3488,redacted,0.13,Food Establishment,Home-based Business,,,BRADFORD,ORANGE,,,,,1
529846.7238,166030.0257,3490,redacted,1.05,Food Establishment,Restaurant,,,BRADFORD,ORANGE,,,,,1
529846.6737,166041.1366,3491,redacted,0.525,Food Establishment,Restaurant,,,BRADFORD,ORANGE,,,,,1
529806.4178,166074.2882,3493,redacted,0.1155,Food Establishment,Restaurant,Deli,,BRADFORD,ORANGE,,,,,1
529854.5444,166074.5052,3494,redacted,0.21,Food Establishment,Restaurant,,,BRADFORD,ORANGE,,,,,1
529854.4943,166085.616,3495,redacted,1.8375,Food Establishment,Restaurant,,,BRADFORD,ORANGE,,,,,1
530944.6663,164523.9662,3497,redacted,0.1,Food Establishment,Senior meals,,,BRADFORD,ORANGE,,,,,1
530872.5685,162779.1987,3499,redacted,0.06825,Nursing/Assisted Living,Residential Facility,,,BRADFORD,ORANGE,,,,,1
530460.4649,166877.2639,3500,redacted,0.34125,Nursing/Assisted Living,Residential Facility,,,BRADFORD,ORANGE,,,,,1
527250.6131,165352.1639,3501,redacted,0.26,Food Establishment,Restaurant,,,BRADFORD,ORANGE,,,,,1
531010.5202,167590.9295,3503,redacted,0.04375,Food Establishment,School,,,BRADFORD,ORANGE,,,,,1
531010.5202,167590.9295,3504,redacted,0.07315,Food Establishment,School,,,BRADFORD,ORANGE,,,,,1
530980.0044,167257.4537,3505,redacted,0.042,Nursing/Assisted Living,Residential Facility,,,BRADFORD,ORANGE,,,,,1
530242.7565,165376.2721,3506,redacted,0.26,Food Establishment,Restaurant,,,BRADFORD,ORANGE,,,,,1
526445.198,168159.9826,3508,redacted,0.05,Food Establishment,Caterer,,,BRADFORD,ORANGE,,,,,1
530307.441,165265.4575,3509,redacted,0.05,Food Establishment,Caterer,,,BRADFORD,ORANGE,,,,,1
529871.4895,165874.5828,3511,redacted,0.8925,Food Establishment,Restaurant,,,BRADFORD,ORANGE,,,,,1
529871.4895,165874.5828,3512,redacted,1.05,Food Establishment,Restaurant,,,BRADFORD,ORANGE,,,,,1
532026.3282,169795.775,3513,redacted,0.315,Food Establishment,Camp,,,BRADFORD,ORANGE,,,,,1
530382.2918,164688.0267,3514,redacted,0.18,Food Establishment,Convenience Store,,,BRADFORD,ORANGE,,,,,1
530236.8157,164920.6923,3515,redacted,0.72,Food Establishment,Grocery,,,BRADFORD,ORANGE,,,,,1
531016.5591,168013.1796,3516,redacted,0.042,Nursing/Assisted Living,Residential Facility,,,BRADFORD,ORANGE,,,,,1
530397.9802,164765.8759,3517,redacted,0.504,Food Establishment,Restaurant,,,BRADFORD,ORANGE,,,,,1
531410.3757,167826.1497,3518,redacted,0.72,Food Establishment,Grocery,,,BRADFORD,ORANGE,,,,,1
528639.279,165158.0293,3519,redacted,0.26,Food Establishment,Restaurant,,,BRADFORD,ORANGE,,,,,1
528751.1073,165269.6244,3520,redacted,0.13,Food Establishment,Bakery,,,BRADFORD,ORANGE,,,,,1
530107.0732,166986.7567,3521,redacted,0.0315,Nursing/Assisted Living,Residential Facility,,,BRADFORD,ORANGE,,,,,1
530471.8723,164399.5515,3522,redacted,0.063,Nursing/Assisted Living,Residential Facility,,,BRADFORD,ORANGE,,,,,1
529822.7104,166018.8064,3523,redacted,,Food Manufacturer,Sweets,,,BRADFORD,ORANGE,,,,,1
530275.4424,166998.6362,3524,redacted,0.136165,Food Establishment,School,,,BRADFORD,ORANGE,,,,,1
519986.3158,174737.2487,3525,redacted,0.252,Food Establishment,Restaurant,,,CORINTH,ORANGE,,,,,1
530454.4969,164688.3585,3526,redacted,0.26,Food Establishment,Restaurant,,,BRADFORD,ORANGE,,,,,1
487792.4378,166318.4059,3528,redacted,0.18,Food Establishment,Grocery,,,BRAINTREE,ORANGE,,,,,1
482141.4552,161731.3483,3529,redacted,0.042375,Food Establishment,School,,,RANDOLPH,ORANGE,,,,,1
491444.6623,168468.1817,3530,redacted,0.042375,Food Establishment,School,,,BROOKFIELD,ORANGE,,,,,1
491720.9123,171367.7757,3531,redacted,0.2625,Food Establishment,Lodging,,,BROOKFIELD,ORANGE,,,,,1
491696.8825,171378.9168,3532,redacted,0.252,Food Establishment,Restaurant,,,BROOKFIELD,ORANGE,,,,,1
491161.8084,172801.8118,3533,redacted,0.65625,Food Establishment,Camp,,,BROOKFIELD,ORANGE,,,,,1
494023.9588,165654.3036,3534,redacted,,Food Manufacturer,Sweets,,,BROOKFIELD,ORANGE,,,,,1
491768.8754,171267.7174,3535,redacted,0.18,Food Establishment,Grocery,,,BROOKFIELD,ORANGE,,,,,1
504203.4308,165419.6131,3537,redacted,0.18,Food Establishment,Grocery,Farmers' Market,,CHELSEA,ORANGE,,,,,1
504171.3436,165419.5928,3539,redacted,0.084,Food Establishment,Restaurant,,,CHELSEA,ORANGE,,,,,1
504179.3233,165486.2627,3541,redacted,0.13,Food Establishment,Bakery,,,CHELSEA,ORANGE,,,,,1
504179.3233,165486.2627,3542,redacted,0.105,Food Establishment,Restaurant,,,CHELSEA,ORANGE,,,,,1
504227.4466,165497.4041,3543,redacted,0.42,Food Establishment,Restaurant,,,CHELSEA,ORANGE,,,,,1
504187.2958,165564.0434,3544,redacted,0.11025,Nursing/Assisted Living,Residential Facility,,,CHELSEA,ORANGE,,,,,1
500072.16,168751.5291,3545,redacted,0.13,Food Establishment,Bakery,,,CHELSEA,ORANGE,,,,,1
504219.2265,165808.5017,3546,redacted,0.26,Food Establishment,Caterer,,,CHELSEA,ORANGE,,,,,1
504283.7712,165230.7809,3549,redacted,0.104525,Food Establishment,School,,,CHELSEA,ORANGE,,,,,1
506289.4722,165032.3885,3550,redacted,0.05,Food Establishment,Caterer,,,CHELSEA,ORANGE,,,,,1
515125.4185,170568.8044,3552,redacted,0.18,Food Establishment,Grocery,,,CORINTH,ORANGE,,,,,1
512991.5536,175508.6519,3553,redacted,0.13,Food Manufacturer,Food Processor,,,CORINTH,ORANGE,,,,,1
521448.9152,168364.1071,3554,redacted,0.105,Food Establishment,Lodging,,,CORINTH,ORANGE,,,,,1
522348.075,172778.1632,3555,redacted,0.18,Food Establishment,Convenience Store,,,CORINTH,ORANGE,,,,,1
495688.7361,159964.2979,3556,redacted,0.05,Food Establishment,Convenience Store,,,RANDOLPH,ORANGE,,,,,1
525032.2927,145166.2047,3557,redacted,0.05,Food Establishment,Bakery,,,THETFORD,ORANGE,,,,,1
524720.1743,144709.5041,3559,redacted,0.05,Food Establishment,Restaurant,,,THETFORD,ORANGE,,,,,1
513215.2301,127289.0697,3560,redacted,0.05,Food Establishment,Mobile Unit,,,WHITE RIVER JUNCTION,ORANGE,,,,,1
521138.5708,180129.7397,3561,redacted,0.05,Food Establishment,Caterer,,,EAST TOPSHAM,ORANGE,,,,,1
522789.4325,174913.0012,3562,redacted,0.05,Food Establishment,Caterer,,,EAST TOPSHAM,ORANGE,,,,,1
528364.8557,156168.1028,3563,redacted,0.126,Food Establishment,Restaurant,,,FAIRLEE,ORANGE,,,,,1
527623.7757,156653.8543,3566,redacted,5.25,Food Establishment,Lodging,,,FAIRLEE,ORANGE,,,,,1
530139.471,158098.1096,3567,redacted,0.042,Food Establishment,Restaurant,,,FAIRLEE,ORANGE,,,,,1
528436.3442,156357.2932,3569,redacted,0.2625,Food Establishment,Restaurant,,,FAIRLEE,ORANGE,,,,,1
530095.0312,159042.3362,3570,redacted,0.13,Food Establishment,Bakery,,,FAIRLEE,ORANGE,,,,,1
528824.0798,159558.9029,3571,redacted,1.575,Food Establishment,Lodging,,,FAIRLEE,ORANGE,,,,,1
528824.0798,159558.9029,3572,redacted,1.05,Food Establishment,Camp,,,FAIRLEE,ORANGE,,,,,1
528725.2871,156414.0919,3573,redacted,0.26,Food Establishment,Restaurant,,,FAIRLEE,ORANGE,,,,,1
528060.0207,156066.8094,3574,redacted,0.18,Food Establishment,Convenience Store,,,FAIRLEE,ORANGE,,,,,1
528837.3601,156503.4649,3575,redacted,0.05,Food Establishment,Caterer,,,FAIRLEE,ORANGE,,,,,1
498921.0448,189751.4999,3576,redacted,0.18,Food Establishment,Grocery,,,FAIRLEE,ORANGE,,,,,1
526308.2292,154170.7976,3577,redacted,0.03675,Nursing/Assisted Living,Residential Facility,,,FAIRLEE,ORANGE,,,,,1
528132.6022,156000.4515,3578,redacted,0.18,Food Establishment,Convenience Store,,,FAIRLEE,ORANGE,,,,,1
527515.5119,155642.3179,3580,redacted,0.567,Food Establishment,Restaurant,,,FAIRLEE,ORANGE,,,,,1
533138.7102,184523.7333,3581,redacted,,Food Manufacturer,Food Processor,,,NEWBURY,ORANGE,,,,,1
533094.4066,183790.1563,3582,redacted,2.625,Food Establishment,Restaurant,,,NEWBURY,ORANGE,,,,,1
533094.4066,183790.1563,3583,redacted,0.26,Food Establishment,Restaurant,,,NEWBURY,ORANGE,,,,,1
533333.3819,183991.3683,3584,redacted,0.252555,Food Establishment,School,,,NEWBURY,ORANGE,,,,,1
536270.2556,183806.8964,3585,redacted,2.415,Food Establishment,Restaurant,,,NEWBURY,ORANGE,,,,,1
536254.6237,183740.1414,3586,redacted,0.336,Food Establishment,Restaurant,,,NEWBURY,ORANGE,,,,,1
535889.2871,175904.6029,3587,redacted,0.1,Food Establishment,Senior meals,,,NEWBURY,ORANGE,,,,,1
535745.4824,175837.1541,3588,redacted,0.07875,Nursing/Assisted Living,Residential Facility,,,NEWBURY,ORANGE,,,,,1
535434.7908,175524.3609,3589,redacted,0.18,Food Establishment,Restaurant,,,NEWBURY,ORANGE,,,,,1
536295.1125,183651.4729,3590,redacted,0.18,Food Establishment,Grocery,,,NEWBURY,ORANGE,,,,,1
527130.7364,178896.123,3591,redacted,0.13,Food Manufacturer,Caterer,,,NEWBURY,ORANGE,,,,,1
535210.3419,175556.493,3593,redacted,0.074015,Food Establishment,School,,,NEWBURY,ORANGE,,,,,1
521964.769,153021.7181,3594,redacted,0.81375,Food Establishment,Camp,,,POST MILLS,ORANGE,,,,,1
486733.1082,158009.5708,3595,redacted,0.26,Food Establishment,Restaurant,,,RANDOLPH,ORANGE,,,,,1
486733.1082,158009.5708,3596,redacted,0.315,Food Establishment,Restaurant,,,RANDOLPH,ORANGE,,,,,1
486766.1404,158465.0446,3598,redacted,0.21,Food Establishment,Restaurant,,,RANDOLPH,ORANGE,,,,,1
486773.2622,158009.4906,3599,redacted,0.21,Food Establishment,Restaurant,,,RANDOLPH,ORANGE,,,,,1
491610.2541,159934.8728,3600,redacted,0.26,Food Establishment,Restaurant,,,RANDOLPH,ORANGE,,,,,1
486709.5946,158298.4967,3601,redacted,0.929425,Food Establishment,Restaurant,,,RANDOLPH,ORANGE,,,,,1
486899.5394,156887.0582,3602,redacted,0.72,Food Establishment,Bakery,,,RANDOLPH,ORANGE,,,,,1
486588.6211,158043.1935,3603,redacted,,Food Manufacturer,Dairy,,,RANDOLPH,ORANGE,,,,,1
486630.0964,158698.6428,3604,redacted,0.05,Food Establishment,Mobile Unit,,,RANDOLPH,ORANGE,,,,,1
486773.1736,157965.0479,3605,redacted,0.18,Food Establishment,Convenience Store,,,RANDOLPH,ORANGE,,,,,1
486773.1736,157965.0479,3606,redacted,0.26,Food Establishment,Convenience Store,,,RANDOLPH,ORANGE,,,,,1
487160.6124,158975.3628,3607,redacted,0.075425,Food Establishment,School,,,RANDOLPH,ORANGE,,,,,1
486717.3358,158154.0418,3608,redacted,0.18,Food Establishment,Convenience Store,,,RANDOLPH,ORANGE,,,,,1
486708.8154,157909.623,3609,redacted,0.26,Food Establishment,Restaurant,,,RANDOLPH,ORANGE,,,,,1
486708.8154,157909.623,3611,redacted,0.26,Food Establishment,Restaurant,,,RANDOLPH,ORANGE,,,,,1
486708.8154,157909.623,3612,redacted,0.231,Food Establishment,Restaurant,,,RANDOLPH,ORANGE,,,,,1
489892.908,160426.1413,3613,redacted,0.8085,Food Establishment,Restaurant,,,RANDOLPH,ORANGE,,,,,1
486773.3952,158076.1547,3614,redacted,0.081,Food Establishment,Restaurant,,,RANDOLPH,ORANGE,,,,,1
486733.1971,158054.0135,3615,redacted,1.008,Food Establishment,Restaurant,,,RANDOLPH,ORANGE,,,,,1
486700.829,157931.8604,3616,redacted,0.18,Food Establishment,Grocery,,,RANDOLPH,ORANGE,,,,,1
486805.4739,158053.8694,3617,redacted,0.2205,Food Establishment,Restaurant,,,RANDOLPH,ORANGE,,,,,1
487954.2436,162673.7578,3618,redacted,0.05,Food Establishment,Mobile Unit,,,RANDOLPH,ORANGE,,,,,1
487063.7149,158697.7828,3619,redacted,0.18,Food Establishment,Grocery,Farmers' Market,,RANDOLPH,ORANGE,,,,,1
486837.8394,158176.023,3621,redacted,,Food Establishment,Bakery,,,RANDOLPH,ORANGE,,,,,1
486829.5661,158053.8215,3622,redacted,0.525,Food Establishment,Restaurant,,,RANDOLPH,ORANGE,,,,,1
486757.4446,158131.7401,3624,redacted,0.147,Food Establishment,Restaurant,,,RANDOLPH,ORANGE,,,,,1
495688.7361,159964.2979,3625,redacted,0.05,Food Establishment,Caterer,,,RANDOLPH,ORANGE,,,,,1
491425.9012,160168.4341,3626,redacted,0.055,Food Establishment,Caterer,,,RANDOLPH,ORANGE,,,,,1
486717.2023,158087.3777,3627,redacted,0.16,Food Establishment,Restaurant,,,RANDOLPH,ORANGE,,,,,1
486708.3702,157687.4095,3628,redacted,0.0315,Nursing/Assisted Living,Residential Facility,,,RANDOLPH,ORANGE,,,,,1
487113.0824,159308.7772,3629,redacted,0.17289,Food Establishment,School,,,RANDOLPH,ORANGE,,,,,1
506816.7548,273417.0571,3630,redacted,0.055,Food Establishment,Caterer,,,TROY,ORLEANS,,,,,1
507439.447,267139.0956,3631,redacted,0.26,Food Establishment,Restaurant,,,TROY,ORLEANS,,,,,1
530661.7481,273042.387,3632,redacted,0,Food Manufacturer,Sweets,,,DERBY,ORLEANS,,,,,1
507987.441,277330.1018,3633,redacted,,Food Manufacturer,Feed/Animal Products,,,TROY,ORLEANS,,,,,1
507771.1286,267150.6017,3634,redacted,0.18,Food Establishment,Convenience Store,,,TROY,ORLEANS,,,,,1
524402.6879,271481.8805,3635,redacted,1.155,Food Establishment,Restaurant,,,TROY,ORLEANS,,,,,1
507616.9152,277274.0854,3636,redacted,0.18,Food Establishment,Grocery,,,TROY,ORLEANS,,,,,1
507494.7555,267116.9348,3637,redacted,0.05,Food Establishment,Caterer,,,TROY,ORLEANS,,,,,1
510150.5784,275655.1413,3638,redacted,,Food Manufacturer,Food Processor,,,TROY,ORLEANS,,,,,1
507569.6051,277274.0292,3639,redacted,0.26,Food Establishment,Restaurant,,,TROY,ORLEANS,,,,,1
507482.844,277296.1526,3640,redacted,0.07347,School,School,,,NORTH TROY,ORLEANS,,,,,1
505608.6942,265459.2315,3641,redacted,0.18,Food Establishment,Caterer,,,WESTFIELD,ORLEANS,,,,,1
506390.2089,266004.479,3644,redacted,0.063,Food Establishment,B&B,,,WESTFIELD,ORLEANS,,,,,1
505885.0465,265603.9426,3645,redacted,0.13125,Nursing/Assisted Living,Residential Facility,,,WESTFIELD,ORLEANS,,,,,1
499573.79,270968.6492,3646,redacted,1.26,Food Establishment,Restaurant,,,Jay,ORLEANS,,,,,1
534890.1988,252849.7753,3647,redacted,0.13,Food Establishment,Bakery,,,WESTMORE,ORLEANS,,,,,1
535434.0573,251830.3795,3648,redacted,0.18,Food Establishment,Caterer,,,WESTMORE,ORLEANS,,,,,1
540506.7634,238247.2926,3649,redacted,0.3675,Food Establishment,Restaurant,,,WESTMORE,ORLEANS,,,,,1
533729.5139,253810.3917,3650,redacted,0.42,Food Establishment,Restaurant,,,WESTMORE,ORLEANS,,,,,1
537286.2597,246406.7492,3651,redacted,0.05,Food Establishment,Lodging,,,WESTMORE,ORLEANS,,,,,1
534365.067,253358.1338,3653,redacted,0.525,Food Establishment,Lodging,,,WESTMORE,ORLEANS,,,,,1
528654.5359,257808.566,3654,redacted,0.05115,Food Establishment,School,,,BROWNINGTON,ORLEANS,,,,,1
527455.8553,264382.0482,3655,redacted,0.13,Food Establishment,Bakery,,,TROY,ORLEANS,,,,,1
528880.5035,258565.2382,3656,redacted,0.26,Food Establishment,Restaurant,,,BROWNINGTON,ORLEANS,,,,,1
473644.6811,105307.6243,3657,redacted,0.18,Food Establishment,Convenience Store,,,MOUNT HOLLY,RUTLAND,,,,,1
472565.3362,102634.4379,3658,redacted,0.13,Food Establishment,Home-based Business,,,MOUNT HOLLY,RUTLAND,,,,,1
435304.8223,134410.8385,3659,redacted,0.03942,Food Establishment,School,,,BENSON,RUTLAND,,,,,1
435755.6326,134350.9328,3660,redacted,0.13,Food Establishment,Mobile Unit,,,BENSON,RUTLAND,,,,,1
435755.6326,134350.9328,3661,redacted,0.05,Food Establishment,Caterer,,,BENSON,RUTLAND,,,,,1
434473.4916,131007.7551,3662,redacted,,Food Manufacturer,Meat/Poultry/Seafood,,,BENSON,RUTLAND,,,,,1
434716.0286,134372.1191,3663,redacted,0.21,Food Establishment,Restaurant,,,BENSON,RUTLAND,,,,,1
434651.659,134383.8596,3664,redacted,0.18,Food Establishment,Restaurant,,,BENSON,RUTLAND,,,,,1
435937.8128,134015.8442,3665,redacted,0.05,Food Establishment,Mobile Unit,,,BENSON,RUTLAND,,,,,1
442878.5767,123664.1267,3666,redacted,0.4725,Food Establishment,Restaurant,,,CASTLETON,RUTLAND,,,,,1
442198.2774,123414.4051,3667,redacted,1.47,Food Establishment,Private Club,,,CASTLETON,RUTLAND,,,,,1
442531.1702,123633.7625,3668,redacted,0.0315,Nursing/Assisted Living,Residential Facility,,,BOMOSEEN,RUTLAND,,,,,1
440884.2186,124548.0699,3669,redacted,0.39375,Food Establishment,Camp,,,BOMOSEEN,RUTLAND,,,,,1
437961.874,121907.8239,3670,redacted,0.05,Food Establishment,Mobile Unit,,,CASTLETON,RUTLAND,,,,,1
443636.5152,127390.9845,3671,redacted,1.05,Food Establishment,Lodging,,,CASTLETON,RUTLAND,,,,,1
452664.2895,144320.7223,3672,redacted,0.72,Food Establishment,Grocery,,,BRANDON,RUTLAND,,,,,1
452608.826,144443.3379,3673,redacted,2.6355,Food Establishment,Restaurant,,,BRANDON,RUTLAND,,,,,1
456157.0062,146752.342,3675,redacted,0.05,Food Establishment,Home-based Business,,,BRANDON,RUTLAND,,,,,1
452913.8426,144330.0648,3676,redacted,0.063,Food Establishment,Restaurant,,,BRANDON,RUTLAND,,,,,1
459085.4768,154611.386,3677,redacted,0.252,Food Establishment,B&B,,,GOSHEN,RUTLAND,,,,,1
452255.8544,144601.4128,3678,redacted,0.05,Food Establishment,Caterer,,,BRANDON,RUTLAND,,,,,1
442583.0574,166967.4324,3679,redacted,0.18,Food Establishment,Convenience Store,,,LEICESTER,RUTLAND,,,,,1
455349.4959,147502.1467,3681,redacted,0.225435,Food Establishment,School,,,BRANDON,RUTLAND,,,,,1
449685.3876,147364.7801,3683,redacted,0.18,Food Establishment,Grocery,Farmers' Market,,BRANDON,RUTLAND,,,,,1
452745.4744,144420.1451,3684,redacted,2.3625,Food Establishment,Lodging,,,BRANDON,RUTLAND,,,,,1
451377.5322,147752.2028,3685,redacted,0.26,Food Establishment,Restaurant,,,BRANDON,RUTLAND,,,,,1
451402.0682,147807.5791,3686,redacted,0.735,Food Establishment,Restaurant,,,BRANDON,RUTLAND,,,,,1
452601.1738,144498.9474,3687,redacted,0.168,Food Establishment,Restaurant,,,BRANDON,RUTLAND,,,,,1
452777.6642,144419.9168,3688,redacted,0.21,Food Establishment,Restaurant,,,BRANDON,RUTLAND,,,,,1
453925.577,146322.9717,3689,redacted,1.575,Food Establishment,Restaurant,,,BRANDON,RUTLAND,,,,,1
453177.7689,145239.3078,3690,redacted,0.063,Food Establishment,B&B,,,BRANDON,RUTLAND,,,,,1
455526.977,147578.7354,3691,redacted,0.18,Food Establishment,Grocery,,,BRANDON,RUTLAND,,,,,1
455526.977,147578.7354,3692,redacted,0.18,Food Establishment,Grocery,,,BRANDON,RUTLAND,,,,,1
455526.977,147578.7354,3693,redacted,0.05,Food Establishment,Convenience Store,,,BRANDON,RUTLAND,,,,,1
452008.0713,144836.5252,3694,redacted,0.378,Food Establishment,Restaurant,,,BRANDON,RUTLAND,,,,,1
451992.1376,144858.8621,3695,redacted,0.18,Food Establishment,Grocery,,,BRANDON,RUTLAND,,,,,1
452649.3,144476.3831,3696,redacted,0.26,Food Establishment,Restaurant,,,BRANDON,RUTLAND,,,,,1
452649.3,144476.3831,3697,redacted,0.05,Food Establishment,Caterer,,,BRANDON,RUTLAND,,,,,1
452112.5219,144813.5514,3699,redacted,0.105,Food Establishment,B&B,,,BRANDON,RUTLAND,,,,,1
455555.1401,140945.3109,3700,redacted,0.1001,Food Establishment,School,,,BRANDON,RUTLAND,,,,,1
452232.2704,144679.3591,3701,redacted,0.18,Food Establishment,Convenience Store,,,BRANDON,RUTLAND,,,,,1
452679.99,144265.0557,3702,redacted,0.042,Nursing/Assisted Living,Residential Facility,,,BRANDON,RUTLAND,,,,,1
452670.7584,144098.456,3703,redacted,0.72,Food Establishment,Grocery,,,BRANDON,RUTLAND,,,,,1
452649.4579,144498.604,3704,redacted,0.13,Food Establishment,Restaurant,Bars/Pubs,,BRANDON,RUTLAND,,,,,1
453097.8412,144173.2127,3705,redacted,0.168,Food Establishment,Restaurant,,,BRANDON,RUTLAND,,,,,1
456494.2983,146661.2413,3707,redacted,0.05,Food Establishment,Caterer,,,BRANDON,RUTLAND,,,,,1
452641.4106,144498.6612,3708,redacted,0.168,Food Establishment,Restaurant,,,BRANDON,RUTLAND,,,,,1
452287.725,144556.7403,3709,redacted,0.084,Food Establishment,Restaurant,,,BRANDON,RUTLAND,,,,,1
452215.7776,144623.9222,3710,redacted,0.055,Food Establishment,Convenience Store,,,BRANDON,RUTLAND,,,,,1
452641.6475,144531.9926,3711,redacted,0.05,Food Establishment,Caterer,,,BRANDON,RUTLAND,,,,,1
452725.7531,143909.1784,3712,redacted,,Food Manufacturer,Feed/Animal Products,,,BRANDON,RUTLAND,,,,,1
454899.3651,148738.5066,3713,redacted,0.13,Food Establishment,Bakery,,,BRANDON,RUTLAND,,,,,1
452744.6075,144297.9301,3714,redacted,0.72,Food Establishment,Grocery,,,BRANDON,RUTLAND,,,,,1
453059.638,144462.368,3715,redacted,0.72,Food Establishment,Grocery,,,BRANDON,RUTLAND,,,,,1
453067.0591,144373.4277,3716,redacted,0.504,Food Establishment,Lodging,,,BRANDON,RUTLAND,,,,,1
453329.2021,143882.702,3717,redacted,0.18,Food Establishment,Convenience Store,,,BRANDON,RUTLAND,,,,,1
454075.5225,145899.7171,3718,redacted,0.252,Food Establishment,Restaurant,,,BRANDON,RUTLAND,,,,,1
453252.4635,144416.5681,3719,redacted,0.126,Food Establishment,B&B,,,BRANDON,RUTLAND,,,,,1
453616.6885,145869.5644,3720,redacted,0.084,Food Establishment,B&B,,,BRANDON,RUTLAND,,,,,1
452545.4756,144588.2322,3721,redacted,0.18,Food Establishment,Grocery,"Beer, wine, liquor store",,BRANDON,RUTLAND,,,,,1
455352.4031,147935.4568,3722,redacted,0.18,Food Establishment,Convenience Store,,,BRANDON,RUTLAND,,,,,1
443434.2501,127326.024,3723,redacted,0.26,Food Establishment,Restaurant,,,CASTLETON,RUTLAND,,,,,1
444754.7358,133826.0391,3724,redacted,0.18,Food Establishment,Convenience Store,,,CASTLETON,RUTLAND,,,,,1
444483.4561,123461.7622,3725,redacted,0.0735,Nursing/Assisted Living,Residential Facility,,,CASTLETON,RUTLAND,,,,,1
442390.9676,125168.2759,3726,redacted,0.13,Food Establishment,Bakery,,,CASTLETON,RUTLAND,,,,,1
440765.1566,122949.1395,3727,redacted,0.18,Food Establishment,Grocery,,,CASTLETON,RUTLAND,,,,,1
464932.3296,126501.2241,3728,redacted,0.26,Food Establishment,Restaurant,,,CASTLETON,RUTLAND,,,,,1
443811.1791,123200.7005,3729,redacted,0.26,Food Establishment,Restaurant,,,CASTLETON,RUTLAND,,,,,1
442787.693,123420.4614,3730,redacted,0.18,Food Establishment,Convenience Store,,,CASTLETON,RUTLAND,,,,,1
440776.3698,123304.5916,3731,redacted,0.13,Food Establishment,Restaurant,Bars/Pubs,,CASTLETON,RUTLAND,,,,,1
443125.6229,123284.2559,3732,redacted,0.042,Nursing/Assisted Living,Residential Facility,,,CASTLETON,RUTLAND,,,,,1
442844.1084,123408.8694,3733,redacted,0.26,Food Establishment,Convenience Store,,,CASTLETON,RUTLAND,,,,,1
441180.8587,128912.0924,3734,redacted,0.13,Food Establishment,Restaurant,Concession,,CASTLETON,RUTLAND,,,,,1
442531.9551,124667.0728,3735,redacted,0.175305,Food Establishment,School,,,CASTLETON,RUTLAND,,,,,1
445811.1672,123917.5564,3736,redacted,0.26,Food Establishment,Bakery,,,CASTLETON,RUTLAND,,,,,1
442367.999,123435.1662,3737,redacted,2.1,Food Establishment,Restaurant,,,CASTLETON,RUTLAND,,,,,1
444957.425,124157.8391,3738,redacted,0.0945,Food Establishment,Restaurant,,,CASTLETON,RUTLAND,,,,,1
445722.1926,123896.0544,3739,redacted,0.05,Food Establishment,Caterer,,,CASTLETON,RUTLAND,,,,,1
440749.7949,123038.163,3740,redacted,0.18,Food Establishment,Convenience Store,,,CASTLETON,RUTLAND,,,,,1
442263.4345,123480.5094,3741,redacted,0.063,Food Establishment,Restaurant,Deli,,CASTLETON,RUTLAND,,,,,1
442263.4345,123480.5094,3742,redacted,0.13,Food Establishment,Convenience Store,Deli,,CASTLETON,RUTLAND,,,,,1
444246.1361,128896.972,3743,redacted,1.008,Food Establishment,Bar,,,CASTLETON,RUTLAND,,,,,1
444322.8912,129396.3269,3744,redacted,0.18,Food Establishment,Grocery,,,CASTLETON,RUTLAND,,,,,1
446005.0799,123938.2136,3745,redacted,0.756,Food Establishment,Restaurant,,,CASTLETON,RUTLAND,,,,,1
445567.7372,123763.9765,3746,redacted,0.13,Food Establishment,Bakery,,,CASTLETON,RUTLAND,,,,,1
445023.4232,123346.205,3747,redacted,1.05,Food Establishment,College/University,,,CASTLETON,RUTLAND,,,,,1
472934.7993,187040.4418,3748,redacted,0.2625,Food Establishment,Restaurant,Deli,,CASTLETON,RUTLAND,,,,,1
445333.1839,123710.3305,3749,redacted,0.18,Food Establishment,Grocery,,,CASTLETON,RUTLAND,,,,,1
445266.5181,123455.3249,3750,redacted,1.21814,Food Establishment,College/University,,,CASTLETON,RUTLAND,,,,,1
440884.2186,124548.0699,3751,redacted,0.05,Food Establishment,Camp,,,CASTLETON,RUTLAND,,,,,1
445290.7365,123455.1273,3752,redacted,0.3675,Food Establishment,College/University,,,CASTLETON,RUTLAND,,,,,1
441729.2776,123329.5766,3753,redacted,0.18,Food Establishment,Convenience Store,,,CASTLETON,RUTLAND,,,,,1
445131.2805,123700.8688,3754,redacted,0.05775,Nursing/Assisted Living,Residential Facility,,,CASTLETON,RUTLAND,,,,,1
442569.4399,123388.9942,3755,redacted,0.05,Food Establishment,Mobile Unit,,,CASTLETON,RUTLAND,,,,,1
441397.8965,123288.0205,3756,redacted,0.252,Food Establishment,Restaurant,,,CASTLETON,RUTLAND,,,,,1
442692.8158,122710.1732,3757,redacted,0.05,Food Establishment,Caterer,,,CASTLETON,RUTLAND,,,,,1
464173.0744,130882.776,3758,redacted,0.05,Food Establishment,Caterer,,,CHITTENDEN,RUTLAND,,,,,1
464720.0109,136724.0311,3759,redacted,0.656,Food Establishment,Lodging,,,CHITTENDEN,RUTLAND,,,,,1
463566.5193,133519.2562,3761,redacted,0.08784,Food Establishment,School,,,CHITTENDEN,RUTLAND,,,,,1
463631.6683,133641.1179,3762,redacted,0.055,Food Establishment,Caterer,,,CHITTENDEN,RUTLAND,,,,,1
464362.3151,134614.914,3763,redacted,0.13,Food Establishment,Bakery,,,CHITTENDEN,RUTLAND,,,,,1
464555.1463,134502.7824,3764,redacted,0.2625,Food Establishment,B&B,,,CHITTENDEN,RUTLAND,,,,,1
464646.3341,133457.905,3765,redacted,0.13,Food Establishment,Home-based Business,,,CHITTENDEN,RUTLAND,,,,,1
464303.8614,116049.6946,3766,redacted,0.05,Food Establishment,Caterer,,,CLARENDON,RUTLAND,,,,,1
464996.777,114090.6484,3767,redacted,0.2625,Food Establishment,Restaurant,,,CLARENDON,RUTLAND,,,,,1
461897.5769,116418.4352,3768,redacted,0.093625,Food Establishment,School,,,CLARENDON,RUTLAND,,,,,1
463455.2315,110088.0611,3769,redacted,0.18,Food Establishment,Grocery,,,CLARENDON,RUTLAND,,,,,1
463256.7976,113744.4015,3770,redacted,0.13,Food Establishment,Bakery,,,NORTH CLARENDON,RUTLAND,,,,,1
462430.9884,117870.8844,3771,redacted,0.18,Food Establishment,Grocery,,,CLARENDON,RUTLAND,,,,,1
462198.6876,118227.7186,3772,redacted,0.10509,Food Establishment,School,,,CLARENDON,RUTLAND,,,,,1
462151.8089,114206.0498,3773,redacted,,Food Manufacturer,Food Processor,,,CLARENDON,RUTLAND,,,,,1
466592.9907,109938.4419,3774,redacted,0.17325,Nursing/Assisted Living,Residential Facility,,,CUTTINGSVILLE,RUTLAND,,,,,1
465858.3701,113419.6073,3775,redacted,0.13,Food Establishment,Bakery,,,SHREWSBURY,RUTLAND,,,,,1
460005.7781,94453.52241,3776,redacted,0.18,Food Establishment,Convenience Store,,,MOUNT TABOR,RUTLAND,,,,,1
459474.177,97745.24818,3777,redacted,0.18,Food Establishment,Grocery,,,DANBY,RUTLAND,,,,,1
459816.3373,93954.69607,3779,redacted,0.315,Food Establishment,Restaurant,,,DANBY,RUTLAND,,,,,1
459754.5778,94477.23167,3780,redacted,0.13,Food Establishment,Restaurant,Bars/Pubs,,DANBY,RUTLAND,,,,,1
460116.8506,91286.53402,3781,redacted,0.26,Food Establishment,Restaurant,,,DANBY,RUTLAND,,,,,1
459852.1311,94521.09209,3782,redacted,0.063845,Food Establishment,School,,,DANBY,RUTLAND,,,,,1
455591.2018,95092.10752,3784,redacted,0.18,Food Establishment,Grocery,,,DANBY,RUTLAND,,,,,1
459744.8182,94199.54039,3785,redacted,0.18,Food Establishment,Convenience Store,,,DANBY,RUTLAND,,,,,1
442838.0439,114153.5986,3786,redacted,0.063,Food Establishment,Restaurant,,,EAST POULTNEY,RUTLAND,,,,,1
442026.3859,113782.7802,3787,redacted,0.063,Food Establishment,Restaurant,,,EAST POULTNEY,RUTLAND,,,,,1
466314.0961,104307.0236,3788,redacted,0.252,Food Establishment,Camp,,,EAST WALLINGFORD,RUTLAND,,,,,1
438459.632,122469.9019,3789,redacted,0.063,Food Establishment,B&B,,,FAIR HAVEN,RUTLAND,,,,,1
438225.6812,121616.5029,3790,redacted,0.525,Food Establishment,Restaurant,,,FAIR HAVEN,RUTLAND,,,,,1
442302.6877,113947.0657,3791,redacted,0.160425,Food Establishment,School,,,FAIR HAVEN,RUTLAND,,,,,1
438328.2307,119593.3571,3792,redacted,0.063,Food Establishment,B&B,,,FAIR HAVEN,RUTLAND,,,,,1
435691.1181,126795.892,3793,redacted,0.72,Food Establishment,Bakery,,,FAIR HAVEN,RUTLAND,,,,,1
438010.6305,121940.7063,3794,redacted,0.18,Food Establishment,Convenience Store,,,FAIR HAVEN,RUTLAND,,,,,1
438201.1489,121583.3958,3795,redacted,0.18,Food Establishment,Grocery,,,FAIR HAVEN,RUTLAND,,,,,1
436270.2669,129990.3851,3796,redacted,0.18,Food Establishment,Convenience Store,,,BENSON,RUTLAND,,,,,1
437746.3301,122176.4856,3797,redacted,0.042,Nursing/Assisted Living,Residential Facility,,,FAIR HAVEN,RUTLAND,,,,,1
438241.9337,121627.4643,3798,redacted,0.525,Food Establishment,Restaurant,,,FAIR HAVEN,RUTLAND,,,,,1
438242.1382,121649.6845,3799,redacted,0.5145,Food Establishment,Restaurant,,,FAIR HAVEN,RUTLAND,,,,,1
437817.4145,122875.8226,3800,redacted,0.075425,Food Establishment,School,,,FAIR HAVEN,RUTLAND,,,,,1
434501.8667,155186.1681,3801,redacted,0.084,Food Establishment,Convenience Store,,,FAIR HAVEN,RUTLAND,,,,,1
438468.1137,122514.2682,3802,redacted,0.26,Food Establishment,Restaurant,,,FAIR HAVEN,RUTLAND,,,,,1
438047.6187,121573.7006,3803,redacted,2.1,Food Establishment,Restaurant,,,FAIR HAVEN,RUTLAND,,,,,1
438226.4995,121705.3836,3804,redacted,0.126,Food Establishment,Restaurant,Deli,,FAIR HAVEN,RUTLAND,,,,,1
435626.7805,126818.7324,3805,redacted,0.05,Food Establishment,Caterer,,,FAIR HAVEN,RUTLAND,,,,,1
437315.5022,122736.0509,3806,redacted,0.26,Food Establishment,Restaurant,,,FAIR HAVEN,RUTLAND,,,,,1
437413.4241,122846.2471,3807,redacted,0.18,Food Establishment,Grocery,,,FAIR HAVEN,RUTLAND,,,,,1
438274.0296,121604.9469,3808,redacted,0.18,Food Establishment,Convenience Store,,,FAIR HAVEN,RUTLAND,,,,,1
438218.6291,121727.6781,3809,redacted,0.13,Food Establishment,Restaurant,Deli,,FAIR HAVEN,RUTLAND,,,,,1
438272.2948,120538.3057,3810,redacted,1.3125,Food Establishment,Private Club,,,FAIR HAVEN,RUTLAND,,,,,1
438271.9883,120504.9755,3811,redacted,0.26,Food Establishment,Restaurant,,,FAIR HAVEN,RUTLAND,,,,,1
438271.9883,120504.9755,3812,redacted,0.05,Food Establishment,Mobile Unit,,,FAIR HAVEN,RUTLAND,,,,,1
437500.6811,122678.7675,3813,redacted,0.26,Food Establishment,Restaurant,,,FAIR HAVEN,RUTLAND,,,,,1
438202.7862,121761.1571,3814,redacted,0.26,Food Establishment,Restaurant,,,FAIR HAVEN,RUTLAND,,,,,1
444446.8433,131695.2727,3815,redacted,0.05,Food Establishment,Camp,,,HUBBARDTON,RUTLAND,,,,,1
444504.5742,131850.3476,3816,redacted,0.18,Food Establishment,Grocery,,,HUBBARDTON,RUTLAND,,,,,1
440803.6609,122737.6912,3817,redacted,0.084,Nursing/Assisted Living,Residential Facility,,,HYDEVILLE,RUTLAND,,,,,1
441341.2879,123277.4044,3818,redacted,0.252,Food Establishment,Restaurant,,,CASTLETON,RUTLAND,,,,,1
453702.7864,112870.1018,3819,redacted,0.13,Food Establishment,Bakery,,,IRA,RUTLAND,,,,,1
473941.0013,133626.307,3821,redacted,0.26,Food Establishment,Home-based Business,,,KILLINGTON,RUTLAND,,,,,1
476136.788,125518.6811,3822,redacted,0.26,Food Establishment,Restaurant,,,KILLINGTON,RUTLAND,,,,,1
476136.788,125518.6811,3824,redacted,0.05,Food Establishment,Caterer,,,KILLINGTON,RUTLAND,,,,,1
478424.8065,126810.8217,3825,redacted,1.05,Food Establishment,Bakery,,,KILLINGTON,RUTLAND,,,,,1
476757.7476,127716.3309,3826,redacted,0.609,Food Establishment,Restaurant,,,KILLINGTON,RUTLAND,,,,,1
476757.7476,127716.3309,3827,redacted,0.13,Food Establishment,Restaurant,Bars/Pubs,,KILLINGTON,RUTLAND,,,,,1
476692.9375,127638.7842,3828,redacted,0.735,Food Establishment,Restaurant,,,KILLINGTON,RUTLAND,,,,,1
476741.2269,127605.2854,3829,redacted,2.205,Food Establishment,Restaurant,,,KILLINGTON,RUTLAND,,,,,1
476700.5025,127494.3242,3830,redacted,1.008,Food Establishment,Restaurant,,,KILLINGTON,RUTLAND,,,,,1
476089.2001,125752.166,3834,redacted,0.07875,Food Establishment,Bar,Bars/Pubs,,KILLINGTON,RUTLAND,,,,,1
476715.4792,127160.9638,3835,redacted,1.05,Food Establishment,Restaurant,,,KILLINGTON,RUTLAND,,,,,1
476755.8197,127160.8236,3836,redacted,0.18,Food Establishment,Convenience Store,,,KILLINGTON,RUTLAND,,,,,1
475103.0891,129666.5845,3837,redacted,0.13,Food Establishment,Convenience Store,Deli,,KILLINGTON,RUTLAND,,,,,1
476730.7276,126905.3745,3838,redacted,0.819,Food Establishment,Restaurant,,,KILLINGTON,RUTLAND,,,,,1
476778.8685,126827.4356,3839,redacted,4.725,Food Establishment,Restaurant,,,KILLINGTON,RUTLAND,,,,,1
476265.319,125351.5708,3840,redacted,2.898,Food Establishment,Restaurant,,,KILLINGTON,RUTLAND,,,,,1
476208.6693,125307.3307,3841,redacted,13.839,Food Establishment,Restaurant,,,KILLINGTON,RUTLAND,,,,,1
476208.6693,125307.3307,3842,redacted,0.05,Food Establishment,Caterer,,,KILLINGTON,RUTLAND,,,,,1
476761.8836,126583.0686,3843,redacted,0.18,Food Establishment,Convenience Store,,,KILLINGTON,RUTLAND,,,,,1
476761.8836,126583.0686,3844,redacted,0.903,Food Establishment,Restaurant,,,KILLINGTON,RUTLAND,,,,,1
475514.9369,129809.4994,3845,redacted,0.18,Food Establishment,Grocery,,,KILLINGTON,RUTLAND,,,,,1
478013.2764,121879.2268,3846,redacted,0.8925,Food Establishment,Restaurant,,,KILLINGTON,RUTLAND,,,,,1
476688.0273,126227.7969,3847,redacted,0.3675,Food Establishment,Caterer,,,KILLINGTON,RUTLAND,,,,,1
476655.9827,126294.57,3848,redacted,0.35175,Food Establishment,Bar,Bars/Pubs,,KILLINGTON,RUTLAND,,,,,1
476591.119,126205.9143,3850,redacted,0.84,Food Establishment,Lodging,,,KILLINGTON,RUTLAND,,,,,1
476381.7886,126339.9721,3851,redacted,0.26,Food Establishment,Restaurant,,,KILLINGTON,RUTLAND,,,,,1
476381.9844,126395.5227,3852,redacted,0.26,Food Establishment,Restaurant,,,KILLINGTON,RUTLAND,,,,,1
476381.9844,126395.5227,3853,redacted,0.2625,Food Establishment,Restaurant,,,KILLINGTON,RUTLAND,,,,,1
476316.9217,126251.319,3854,redacted,0.26,Food Establishment,Restaurant,,,KILLINGTON,RUTLAND,,,,,1
475927.6863,130207.974,3855,redacted,0.63,Food Establishment,Restaurant,,,KILLINGTON,RUTLAND,,,,,1
476212.2982,126329.4615,3856,redacted,0.18,Food Establishment,Grocery,"Beer, wine, liquor store",,KILLINGTON,RUTLAND,,,,,1
474179.6785,132814.3205,3857,redacted,0.05,Food Establishment,Caterer,,,KILLINGTON,RUTLAND,,,,,1
476628.9813,130116.6052,3858,redacted,0.18,Food Establishment,Grocery,"Beer, wine, liquor store",,KILLINGTON,RUTLAND,,,,,1
479345.1528,124363.6729,3859,redacted,0.13,Food Establishment,Bakery,,,KILLINGTON,RUTLAND,,,,,1
476681.6984,126727.7807,3860,redacted,0.315,Food Establishment,Restaurant,,,KILLINGTON,RUTLAND,,,,,1
476675.1,127149.994,3861,redacted,0.189,Food Establishment,Restaurant,,,KILLINGTON,RUTLAND,,,,,1
476054.6979,125130.1151,3862,redacted,7.77,Food Establishment,Restaurant,,,KILLINGTON,RUTLAND,,,,,1
475901.3575,125130.6648,3863,redacted,2.94,Food Establishment,Restaurant,,,KILLINGTON,RUTLAND,,,,,1
478019.3304,128645.3343,3864,redacted,0.13,Food Establishment,Restaurant,Bars/Pubs,,KILLINGTON,RUTLAND,,,,,1
476024.3237,125663.5158,3865,redacted,1.512,Food Establishment,Restaurant,,,KILLINGTON,RUTLAND,,,,,1
475527.8408,124509.8443,3866,redacted,9.975,Food Establishment,Restaurant,,,KILLINGTON,RUTLAND,,,,,1
475527.8408,124509.8443,3867,redacted,0.26,Food Establishment,Restaurant,,,KILLINGTON,RUTLAND,,,,,1
475527.8408,124509.8443,3868,redacted,7.665,Food Establishment,Restaurant,,,KILLINGTON,RUTLAND,,,,,1
475527.8408,124509.8443,3869,redacted,0.05,Food Establishment,Caterer,,,KILLINGTON,RUTLAND,,,,,1
478153.5214,127744.9627,3870,redacted,0.18,Food Establishment,Convenience Store,,,KILLINGTON,RUTLAND,,,,,1
475833.763,128763.9702,3872,redacted,0.26,Food Establishment,Restaurant,,,KILLINGTON,RUTLAND,,,,,1
476129.0741,125618.7008,3873,redacted,1.05,Food Establishment,Lodging,,,KILLINGTON,RUTLAND,,,,,1
476720.0759,128483.0718,3874,redacted,2.1,Food Establishment,Restaurant,,,KILLINGTON,RUTLAND,,,,,1
476736.9039,128682.9987,3875,redacted,0.63,Food Establishment,Lodging,,,KILLINGTON,RUTLAND,,,,,1
476279.9199,127195.823,3876,redacted,0.05537,Food Establishment,School,,,KILLINGTON,RUTLAND,,,,,1
473133.9591,129363.1095,3877,redacted,0.945,Food Establishment,Restaurant,,,KILLINGTON,RUTLAND,,,,,1
476229.3999,128873.6567,3878,redacted,0.924,Food Establishment,Restaurant,,,KILLINGTON,RUTLAND,,,,,1
476768.7448,128560.6748,3879,redacted,0.609,Food Establishment,Restaurant,,,KILLINGTON,RUTLAND,,,,,1
475506.7907,129787.3085,3880,redacted,1.281,Food Establishment,Restaurant,,,KILLINGTON,RUTLAND,,,,,1
479831.1637,122251.2604,3882,redacted,1.1445,Food Establishment,Restaurant,,,BRIDGEWATER,RUTLAND,,,,,1
476470.9905,128761.7001,3883,redacted,0.84,Food Establishment,Restaurant,,,KILLINGTON,RUTLAND,,,,,1
477110.9091,122459.9742,3884,redacted,3.045,Food Establishment,Restaurant,,,KILLINGTON,RUTLAND,,,,,1
474662.8089,132668.037,3885,redacted,0.6825,Food Establishment,Restaurant,,,KILLINGTON,RUTLAND,,,,,1
476308.8132,126240.2374,3888,redacted,0.8925,Food Establishment,Restaurant,,,KILLINGTON,RUTLAND,,,,,1
476309.785,128795.5996,3889,redacted,0.3675,Food Establishment,B&B,,,KILLINGTON,RUTLAND,,,,,1
475514.9369,129809.4994,3890,redacted,2.625,Food Establishment,Restaurant,,,KILLINGTON,RUTLAND,,,,,1
475514.9369,129809.4994,3891,redacted,0.05,Food Establishment,Caterer,,,KILLINGTON,RUTLAND,,,,,1
475514.9369,129809.4994,3892,redacted,,Food Manufacturer,Alcohol Manufacturer,Brewer,,KILLINGTON,RUTLAND,,,,,1
475514.9369,129809.4994,3893,redacted,0.13,Food Establishment,Home-based Business,,,KILLINGTON,RUTLAND,,,,,1
475514.9369,129809.4994,3894,redacted,0.05,Food Establishment,Mobile Unit,,,KILLINGTON,RUTLAND,,,,,1
472037.7524,129534.2551,3898,redacted,1.638,Food Establishment,Restaurant,,,KILLINGTON,RUTLAND,,,,,1
475998.0051,125074.7667,3900,redacted,0.05,Food Establishment,Caterer,,,KILLINGTON,RUTLAND,,,,,1
463349.1001,124720.9157,3902,redacted,0.26,Food Establishment,Restaurant,,,MENDON,RUTLAND,,,,,1
464118.2786,123661.2646,3903,redacted,0.13,Food Establishment,Lodging,,,MENDON,RUTLAND,,,,,1
464736.3355,126057.8354,3905,redacted,0.26,Food Establishment,Restaurant,,,MENDON,RUTLAND,,,,,1
468830.7735,128459.6012,3906,redacted,0.72,Food Establishment,Grocery,,,MENDON,RUTLAND,,,,,1
463316.1468,124598.8811,3907,redacted,1.26,Food Establishment,Restaurant,,,MENDON,RUTLAND,,,,,1
468819.5511,127781.9189,3908,redacted,0.588,Food Establishment,Lodging,,,MENDON,RUTLAND,,,,,1
469694.1989,128522.2995,3909,redacted,0.903,Food Establishment,Lodging,,,MENDON,RUTLAND,,,,,1
467102.9431,128145.6656,3910,redacted,,Food Manufacturer,Food Processor,,,RUTLAND,RUTLAND,,,,,1
468612.8718,128438.3983,3912,redacted,0.735,Food Establishment,Lodging,,,MENDON,RUTLAND,,,,,1
464071.837,125539.1748,3913,redacted,0.26,Food Establishment,Restaurant,,,MENDON,RUTLAND,,,,,1
464696.5734,126169.1491,3914,redacted,0.26,Food Establishment,Restaurant,,,MENDON,RUTLAND,,,,,1
449886.6457,109664.288,3917,redacted,0.05,Food Establishment,Bakery,,,MIDDLETOWN SPRINGS,RUTLAND,,,,,1
449812.5998,109498.1823,3918,redacted,0.042375,Food Establishment,School,,,MIDDLETOWN SPRINGS,RUTLAND,,,,,1
453219.0492,107251.5867,3919,redacted,0.18,Food Establishment,Grocery,Specialty foods,,MIDDLETOWN SPRINGS,RUTLAND,,,,,1
448637.2511,107073.8475,3920,redacted,0.063,Food Establishment,Restaurant,,,MIDDLETOWN SPRINGS,RUTLAND,,,,,1
449938.482,109019.4954,3921,redacted,0.05,Food Establishment,Caterer,,,MIDDLETOWN SPRINGS,RUTLAND,,,,,1
449415.2927,108301.2235,3922,redacted,0.72,Food Establishment,Grocery,,,MIDDLETOWN SPRINGS,RUTLAND,,,,,1
447733.5015,109502.8853,3923,redacted,0.13,Food Establishment,Bakery,,,MIDDLETOWN SPRINGS,RUTLAND,,,,,1
476792.5904,102707.4581,3924,redacted,5.606730769,Food Manufacturer,Dairy,Cheese,,MOUNT HOLLY,RUTLAND,,,,,1
480572.3761,99273.71031,3925,redacted,0.05,Food Establishment,Mobile Unit,,,MOUNT HOLLY,RUTLAND,,,,,1
478806.2832,104456.1885,3926,redacted,,Food Manufacturer,Food Processor,,,MOUNT HOLLY,RUTLAND,,,,,1
473846.3515,105129.0803,3927,redacted,0.0565,Food Establishment,School,,,MOUNT HOLLY,RUTLAND,,,,,1
476286.7733,106242.1582,3928,redacted,0.13,Food Establishment,Restaurant,Bars/Pubs,,MOUNT HOLLY,RUTLAND,,,,,1
476286.7733,106242.1582,3929,redacted,0.18,Food Establishment,Grocery,,,MOUNT HOLLY,RUTLAND,,,,,1
470682.7135,105453.1699,3930,redacted,0.13,Food Establishment,Bakery,,,MOUNT HOLLY,RUTLAND,,,,,1
478652.5763,104490.0027,3931,redacted,0.6615,Food Establishment,Restaurant,,,MOUNT HOLLY,RUTLAND,,,,,1
479534.0592,104187.305,3932,redacted,,Food Manufacturer,Food Processor,,,MOUNT HOLLY,RUTLAND,,,,,1
470630.1329,104531.2715,3933,redacted,0.26,Food Establishment,Restaurant,,,MOUNT HOLLY,RUTLAND,,,,,1
479885.2517,107930.2741,3934,redacted,0.315,Food Establishment,Camp,,,MOUNT HOLLY,RUTLAND,,,,,1
460339.4142,90507.53421,3935,redacted,,Food Manufacturer,Food Processor,,,MOUNT TABOR,RUTLAND,,,,,1
459974.7958,139461.8086,3936,redacted,0,Food Manufacturer,Food Processor,,,NORTH CHITTENDEN,RUTLAND,,,,,1
462678.6692,115914.0886,3937,redacted,0.0525,Food Establishment,Restaurant,,,CLARENDON,RUTLAND,,,,,1
463814.0563,118141.0493,3938,redacted,0.05,Food Establishment,Convenience Store,,,CLARENDON,RUTLAND,,,,,1
464644.1817,114681.3351,3939,redacted,0.05,Food Establishment,Convenience Store,,,CLARENDON,RUTLAND,,,,,1
479656.8104,204283.3886,3940,redacted,0.18,Food Establishment,Grocery,,,PAWLET,RUTLAND,,,,,1
447216.5201,94063.45443,3941,redacted,0.05,Food Establishment,Caterer,,,PAWLET,RUTLAND,,,,,1
442849.8902,98365.32411,3944,redacted,0.05,Food Establishment,Home-based Business,,,PAWLET,RUTLAND,,,,,1
443662.3348,90825.66784,3945,redacted,0.05,Food Establishment,Caterer,,,PAWLET,RUTLAND,,,,,1
444816.9803,94138.14589,3946,redacted,0.26,Food Establishment,Restaurant,,,PAWLET,RUTLAND,,,,,1
443523.4861,97515.26848,3947,redacted,0.18,Food Establishment,Grocery,Farmers' Market,,PAWLET,RUTLAND,,,,,1
445036.5283,94214.13159,3949,redacted,0.26,Food Establishment,Restaurant,,,PAWLET,RUTLAND,,,,,1
454764.1712,75588.56115,3950,redacted,0.4935,Food Establishment,Restaurant,,,PAWLET,RUTLAND,,,,,1
444717.748,94894.4592,3951,redacted,,Food Manufacturer,Dairy,Ice Cream,,PAWLET,RUTLAND,,,,,1
444802.939,94404.90851,3952,redacted,0.8925,Food Establishment,Restaurant,,,PAWLET,RUTLAND,,,,,1
441361.2562,98644.7279,3953,redacted,0.112435,Food Establishment,School,,,PAWLET,RUTLAND,,,,,1
445137.8791,93713.34467,3954,redacted,0.18,Food Establishment,Convenience Store,,,PAWLET,RUTLAND,,,,,1
445321.7175,92378.62088,3955,redacted,0.05,Food Establishment,Caterer,,,PAWLET,RUTLAND,,,,,1
442914.2448,98309.22793,3956,redacted,0.05,Food Establishment,Caterer,,,PAWLET,RUTLAND,,,,,1
474277.6592,139413.5579,3957,redacted,1.68,Food Establishment,Restaurant,,,PITTSFIELD,RUTLAND,,,,,1
474784.3595,141367.0772,3958,redacted,0.42,Food Establishment,Lodging,,,PITTSFIELD,RUTLAND,,,,,1
474816.6892,141400.2867,3959,redacted,0.18,Food Establishment,Restaurant,,,PITTSFIELD,RUTLAND,,,,,1
474776.6447,141455.9908,3960,redacted,0.18,Food Establishment,Restaurant,,,PITTSFIELD,RUTLAND,,,,,1
474776.8549,141511.5427,3961,redacted,0.378,Food Establishment,B&B,,,PITTSFIELD,RUTLAND,,,,,1
475084.3215,141921.4771,3962,redacted,0.13,Food Establishment,Lodging,,,PITTSFIELD,RUTLAND,,,,,1
478617.5563,201064.3464,3963,redacted,0.504,Food Establishment,Lodging,,,PITTSFIELD,RUTLAND,,,,,1
474653.8547,140923.1501,3964,redacted,0.26,Food Establishment,Mobile Unit,,,PITTSFIELD,RUTLAND,,,,,1
453354.3933,134816.02,3965,redacted,0.603636177,Food Manufacturer,Sweets,,,PITTSFORD,RUTLAND,,,,,1
458811.3637,133635.7511,3966,redacted,0.21,Food Establishment,Restaurant,,,PITTSFORD,RUTLAND,,,,,1
459140.3961,132078.2383,3967,redacted,0.693,Food Establishment,Restaurant,,,PITTSFORD,RUTLAND,,,,,1
458288.3235,135072.2765,3969,redacted,0.26,Food Establishment,Cafeteria,Cafeteria,,PITTSFORD,RUTLAND,,,,,1
458169.382,134095.2769,3971,redacted,0.14351,Food Establishment,School,,,PITTSFORD,RUTLAND,,,,,1
462151.2752,132704.9347,3972,redacted,0.49875,Food Establishment,Camp,,,PITTSFORD,RUTLAND,,,,,1
457742.5607,134153.5156,3973,redacted,0.18,Food Establishment,Convenience Store,,,PITTSFORD,RUTLAND,,,,,1
456948.7928,134803.0049,3975,redacted,0.13,Food Establishment,Bakery,,,PITTSFORD,RUTLAND,,,,,1
456667.8801,134982.5928,3976,redacted,0.3255,Food Establishment,Restaurant,,,PITTSFORD,RUTLAND,,,,,1
460470.857,130736.968,3977,redacted,0.26,Food Establishment,Restaurant,,,PITTSFORD,RUTLAND,,,,,1
458323.6972,134283.1948,3978,redacted,0.26,Food Establishment,Restaurant,,,PITTSFORD,RUTLAND,,,,,1
457580.9417,134087.8751,3979,redacted,0.13,Food Establishment,Bakery,,,ORWELL,RUTLAND,,,,,1
457476.4461,134132.9821,3981,redacted,0.05,Food Establishment,Caterer,,,PITTSFORD,RUTLAND,,,,,1
457108.5468,134579.7626,3982,redacted,0.05,Food Establishment,Home-based Business,,,PITTSFORD,RUTLAND,,,,,1
499414.2463,70927.95676,3983,redacted,0.05,Food Establishment,Mobile Unit,,,ROCKINGHAM,WINDHAM,,,,,1
499406.1109,70927.95747,3984,redacted,0.05,Food Establishment,Caterer,,,ROCKINGHAM,WINDHAM,,,,,1
499397.9774,70950.17647,3985,redacted,0.26,Food Establishment,Lodging,,,ROCKINGHAM,WINDHAM,,,,,1
499275.9434,70927.97005,3986,redacted,0.26,Food Establishment,Restaurant,,,ROCKINGHAM,WINDHAM,,,,,1
504425.9325,70562.76644,3987,redacted,0.26,Food Establishment,Restaurant,,,ROCKINGHAM,WINDHAM,,,,,1
504019.3271,70240.34951,3988,redacted,0.127125,Food Establishment,School,,,BELLOWS FALLS,WINDHAM,,,,,1
504581.0072,69829.66569,3989,redacted,0.26,Food Establishment,Restaurant,,,ROCKINGHAM,WINDHAM,,,,,1
503415.0751,74561.48939,3990,redacted,0.05,Food Establishment,Caterer,,,ROCKINGHAM,WINDHAM,,,,,1
499715.5404,77671.22552,3992,redacted,1.575,Food Establishment,Restaurant,,,ROCKINGHAM,WINDHAM,,,,,1
499317.3149,77849.0021,3993,redacted,0.055,Food Establishment,Caterer,,,ROCKINGHAM,WINDHAM,,,,,1
504287.7828,70307.16788,3994,redacted,0.09271,Food Establishment,School,,,BELLOWS FALLS,WINDHAM,,,,,1
499317.3149,77849.0021,3995,redacted,,Food Manufacturer,Dairy,,,ROCKINGHAM,WINDHAM,,,,,1
499593.2299,70983.48947,3996,redacted,0.462,Food Establishment,Restaurant,,,SAXTONS RIVER,WINDHAM,,,,,1
499381.7075,70961.28708,3998,redacted,0.945,Food Establishment,Restaurant,,,SAXTONS RIVER,WINDHAM,,,,,1
466940.2514,68230.74403,4001,redacted,0.12075,Food Establishment,Restaurant,Deli,,STRATTON,WINDHAM,,,,,1
466915.835,68230.86238,4002,redacted,2.4465,Food Establishment,Restaurant,,,STRATTON,WINDHAM,,,,,1
466940.3591,68252.96226,4003,redacted,0.26,Food Establishment,Restaurant,,,STRATTON,WINDHAM,,,,,1
467029.9392,68263.63817,4004,redacted,3.675,Food Establishment,Restaurant,,,STRATTON,WINDHAM,,,,,1
467029.9392,68263.63817,4005,redacted,10.4895,Food Establishment,Restaurant,,,STRATTON,WINDHAM,,,,,1
467029.9392,68263.63817,4006,redacted,4.2,Food Establishment,Restaurant,,,STRATTON,WINDHAM,,,,,1
467029.9392,68263.63817,4007,redacted,3.675,Food Establishment,Restaurant,,,STRATTON,WINDHAM,,,,,1
467307.0828,68351.17955,4008,redacted,2.52,Food Establishment,Caterer,,,STRATTON,WINDHAM,,,,,1
467307.0828,68351.17955,4009,redacted,0.05,Food Establishment,Lodging,,,STRATTON,WINDHAM,,,,,1
467078.7182,68252.29326,4010,redacted,0.26,Food Establishment,Restaurant,,,STRATTON,WINDHAM,,,,,1
466729.6179,68431.73678,4011,redacted,1.7325,Food Establishment,Restaurant,,,STRATTON,WINDHAM,,,,,1
468250.5201,66458.13595,4012,redacted,0.05,Food Establishment,Mobile Unit,,,STRATTON,WINDHAM,,,,,1
467029.9392,68263.63817,4013,redacted,3.15,Food Establishment,Restaurant,,,STRATTON,WINDHAM,,,,,1
466729.6179,68431.73678,4014,redacted,1.323,Food Establishment,Restaurant,,,STRATTON,WINDHAM,,,,,1
466728.4802,68198.44528,4016,redacted,0.05,Food Establishment,Restaurant,,,STRATTON,WINDHAM,,,,,1
467094.9957,68252.21474,4017,redacted,0.26,Food Establishment,Restaurant,,,STRATTON,WINDHAM,,,,,1
467094.9957,68252.21474,4018,redacted,0.26,Food Establishment,Restaurant,,,STRATTON,WINDHAM,,,,,1
467094.9957,68252.21474,4019,redacted,3.675,Food Establishment,Restaurant,,,STRATTON,WINDHAM,,,,,1
467029.9392,68263.63817,4021,redacted,0.05,Food Establishment,Mobile Unit,,,STRATTON,WINDHAM,,,,,1
487186.2914,57731.2866,4022,redacted,0.05,Food Establishment,School,,,TOWNSHEND,WINDHAM,,,,,1
486820.4782,62475.52455,4023,redacted,0.063,Food Establishment,Restaurant,,,TOWNSHEND,WINDHAM,,,,,1
486692.9778,59742.95278,4024,redacted,0.05,Food Establishment,Caterer,,,TOWNSHEND,WINDHAM,,,,,1
486668.6396,59798.54515,4025,redacted,0.603636177,Food Manufacturer,Sweets,,,TOWNSHEND,WINDHAM,,,,,1
488261.0033,61750.812,4026,redacted,0.05,Food Establishment,Caterer,,,TOWNSHEND,WINDHAM,,,,,1
486344.9295,60921.19352,4027,redacted,0.09975,Food Establishment,Caterer,,,TOWNSHEND,WINDHAM,,,,,1
486344.375,60643.46922,4028,redacted,0.378,Food Establishment,Restaurant,,,TOWNSHEND,WINDHAM,,,,,1
486393.4383,60732.24355,4029,redacted,0.06125,Food Establishment,School,,,TOWNSHEND,WINDHAM,,,,,1
486911.381,58898.24846,4030,redacted,0.21,Food Establishment,Restaurant,,,TOWNSHEND,WINDHAM,,,,,1
483425.6891,66626.60942,4031,redacted,0.26,Food Establishment,Lodging,,,TOWNSHEND,WINDHAM,,,,,1
486460.0273,61443.08871,4032,redacted,0.147,Nursing/Assisted Living,Residential Facility,,,TOWNSHEND,WINDHAM,,,,,1
483305.6653,64149.56803,4033,redacted,0.6195,Food Establishment,Restaurant,,,TOWNSHEND,WINDHAM,,,,,1
486630.5887,61176.13652,4034,redacted,0.05,Food Establishment,Caterer,,,TOWNSHEND,WINDHAM,,,,,1
487090.1951,58642.40233,4035,redacted,0.18,Food Establishment,Bakery,,,TOWNSHEND,WINDHAM,,,,,1
486197.8276,60699.30848,4036,redacted,0.26,Food Establishment,Restaurant,,,TOWNSHEND,WINDHAM,,,,,1
481931.0444,58609.6434,4037,redacted,0.13,Food Establishment,Bakery,,,TOWNSHEND,WINDHAM,,,,,1
483493.2361,64260.20322,4038,redacted,0.0315,Food Establishment,Bakery,,,TOWNSHEND,WINDHAM,,,,,1
483062.7352,64705.62128,4039,redacted,0.18,Food Establishment,Grocery,Farmers' Market,,TOWNSHEND,WINDHAM,,,,,1
486189.7697,60743.76081,4040,redacted,0.049155,School,School,,,TOWNSHEND,WINDHAM,,,,,1
483062.7352,64705.62128,4041,redacted,0.05,Food Establishment,Caterer,,,TOWNSHEND,WINDHAM,,,,,1
498559.5776,29936.65677,4042,redacted,0.3675,Food Establishment,Restaurant,,,VERNON,WINDHAM,,,,,1
496040.8334,33414.59023,4043,redacted,,Food Manufacturer,Food Processor,,,VERNON,WINDHAM,,,,,1
499255.1499,29136.7404,4044,redacted,0.20475,Nursing/Assisted Living,Residential Facility,,,VERNON,WINDHAM,,,,,1
499607.1165,29214.47031,4045,redacted,0.05,Food Establishment,Caterer,,,VERNON,WINDHAM,,,,,1
500474.7488,29003.4156,4046,redacted,0.168,Food Establishment,Restaurant,,,VERNON,WINDHAM,,,,,1
498788.5565,28914.63823,4047,redacted,0.05,Food Establishment,Caterer,,,VERNON,WINDHAM,,,,,1
499435.2299,29214.48223,4048,redacted,0.315,Nursing/Assisted Living,Residential Facility,,,VERNON,WINDHAM,,,,,1
498567.6996,29636.72759,4049,redacted,0.093225,Food Establishment,School,,,VERNON,WINDHAM,,,,,1
500482.9333,29014.52458,4050,redacted,0.26,Food Establishment,Restaurant,,,VERNON,WINDHAM,,,,,1
476320.564,60070.93768,4051,redacted,0.26,Food Establishment,Restaurant,,,WARDSBORO,WINDHAM,,,,,1
476361.5367,60137.45056,4052,redacted,0.18,Food Establishment,Convenience Store,,,WARDSBORO,WINDHAM,,,,,1
471108.4846,58857.84948,4053,redacted,0.18,Food Establishment,Convenience Store,,,WARDSBORO,WINDHAM,,,,,1
476592.3531,60914.29405,4054,redacted,0.03616,School,School,,,WARDSBORO,WINDHAM,,,,,1
468262.1219,67202.4072,4055,redacted,0.26,Food Establishment,Restaurant,,,WARDSBORO,WINDHAM,,,,,1
472480.5474,47376.57001,4056,redacted,0.21,Food Establishment,B&B,,,DOVER,WINDHAM,,,,,1
468089.2016,51050.43909,4057,redacted,3.654,Food Establishment,Restaurant,,,DOVER,WINDHAM,,,,,1
471099.0494,48881.95404,4058,redacted,0.609,Food Establishment,Restaurant,,,DOVER,WINDHAM,,,,,1
471515.3018,48880.21416,4059,redacted,0.525,Food Establishment,Lodging,,,DOVER,WINDHAM,,,,,1
470879.1988,49005.0819,4060,redacted,1.197,Food Establishment,Lodging,,,DOVER,WINDHAM,,,,,1
470733.2362,49227.8823,4061,redacted,0.05,Food Establishment,Caterer,,,WEST DOVER,WINDHAM,,,,,1
470399.2414,49373.73142,4062,redacted,2.667,Food Establishment,Restaurant,,,DOVER,WINDHAM,,,,,1
467839.911,51829.23796,4063,redacted,0.3885,Food Establishment,Restaurant,,,DOVER,WINDHAM,,,,,1
467832.6906,52029.23518,4064,redacted,3.675,Food Establishment,Restaurant,,,DOVER,WINDHAM,,,,,1
467832.6906,52029.23518,4065,redacted,0.05,Food Establishment,Restaurant,,,DOVER,WINDHAM,,,,,1
470147.4513,49652.54687,4066,redacted,0.13,Food Establishment,Bakery,,,DOVER,WINDHAM,,,,,1
469446.8996,49944.46425,4067,redacted,0.252,Food Establishment,Restaurant,,,WEST DOVER,WINDHAM,,,,,1
469414.5545,50011.26244,4068,redacted,1.8375,Food Establishment,Restaurant,,,WEST DOVER,WINDHAM,,,,,1
469414.5545,50011.26244,4069,redacted,1.3125,Food Establishment,Restaurant,,,WEST DOVER,WINDHAM,,,,,1
469341.4079,50078.24296,4070,redacted,0.462,Food Establishment,Restaurant,,,DOVER,WINDHAM,,,,,1
468002.6111,51728.49531,4071,redacted,4.2,Food Establishment,Restaurant,,,DOVER,WINDHAM,,,,,1
473910.4971,58435.55616,4072,redacted,0.0735,Food Establishment,Restaurant,,,DOVER,WINDHAM,,,,,1
468862.465,50635.85112,4073,redacted,0.05,Food Establishment,Restaurant,,,DOVER,WINDHAM,,,,,1
468887.1961,50691.28411,4074,redacted,0.05,Food Establishment,Convenience Store,,,DOVER,WINDHAM,,,,,1
467661.9994,52163.34694,4075,redacted,2.1,Food Establishment,Restaurant,,,DOVER,WINDHAM,,,,,1
479350.6268,120897.2846,4077,redacted,0.05,Food Establishment,Caterer,,,WEST DOVER,WINDHAM,,,,,1
469769.3099,49032.09817,4078,redacted,1.575,Food Establishment,Restaurant,,,DOVER,WINDHAM,,,,,1
468136.295,52405.52639,4079,redacted,0.05,Food Establishment,Caterer,,,WEST DOVER,WINDHAM,,,,,1
467767.5303,52051.75929,4080,redacted,0.05,Food Establishment,Mobile Unit,,,WEST DOVER,WINDHAM,,,,,1
470187.8697,49563.4992,4082,redacted,0.777,Food Establishment,Restaurant,,,WEST DOVER,WINDHAM,,,,,1
444613.3551,123549.5749,4083,redacted,0.2625,Food Establishment,Restaurant,,,WEST DOVER,WINDHAM,,,,,1
471286.6317,48847.83994,4084,redacted,0.189,Food Establishment,B&B,,,DOVER,WINDHAM,,,,,1
475795.4767,33567.00651,4085,redacted,0.13,Food Establishment,Bakery,,,WEST HALIFAX,WINDHAM,,,,,1
483047.1644,68271.69449,4086,redacted,0.05,Food Establishment,Caterer,,,WEST TOWNSHEND,WINDHAM,,,,,1
482761.9519,64906.33781,4087,redacted,0.126,Food Manufacturer,Restaurant,,,TOWNSHEND,WINDHAM,,,,,1
472190.2833,60330.88381,4088,redacted,0.042,Food Establishment,Restaurant,,,WEST WARDSBORO,WINDHAM,,,,,1
497913.8719,59630.3482,4089,redacted,0.063,Food Establishment,Restaurant,,,WESTMINSTER,WINDHAM,,,,,1
504468.933,67018.98702,4090,redacted,0.126,Food Establishment,Restaurant,,,WESTMINSTER,WINDHAM,,,,,1
501963.7377,60174.65074,4091,redacted,0.13,Food Establishment,Home-based Business,,,WESTMINSTER,WINDHAM,,,,,1
495648.5802,59809.15728,4092,redacted,,Food Manufacturer,Sweets,,,WESTMINSTER,WINDHAM,,,,,1
502167.2971,60641.28867,4093,redacted,0.13,Food Establishment,Home-based Business,,,WESTMINSTER,WINDHAM,,,,,1
504174.5558,69196.18456,4094,redacted,0.13,Food Establishment,Bakery,,,WESTMINSTER,WINDHAM,,,,,1
504174.5558,69196.18456,4095,redacted,0.13,Food Establishment,Bakery,,,WESTMINSTER,WINDHAM,,,,,1
504974.9891,65141.90463,4097,redacted,0.18,Food Establishment,Grocery,,,WESTMINSTER,WINDHAM,,,,,1
504991.2901,65119.69842,4098,redacted,0.26,Food Establishment,Bakery,,,WESTMINSTER,WINDHAM,,,,,1
504534.5558,66263.61308,4099,redacted,0.231,Food Establishment,Bakery,,,WESTMINSTER,WINDHAM,,,,,1
504526.0686,66785.73396,4100,redacted,0.18,Food Manufacturer,Food Processor,Farmers' Market,,WESTMINSTER,WINDHAM,,,,,1
504761.3499,67919.02118,4101,redacted,0.4935,Food Establishment,Restaurant,,,WESTMINSTER,WINDHAM,,,,,1
505183.6778,69108.00385,4102,redacted,0.05,Food Establishment,School,,,WESTMINSTER,WINDHAM,,,,,1
503263.1305,69240.12411,4103,redacted,0.05,Food Establishment,Home-based Business,,,WESTMINSTER,WINDHAM,,,,,1
504670.8466,69340.92496,4104,redacted,0.042,Nursing/Assisted Living,Residential Facility,,,WESTMINSTER,WINDHAM,,,,,1
498288.9815,60663.37723,4106,redacted,0.05,Food Establishment,Caterer,,,WESTMINSTER,WINDHAM,,,,,1
502319.1637,69295.28342,4107,redacted,0.18,Food Establishment,Grocery,,,WESTMINSTER,WINDHAM,,,,,1
502972.7438,63352.18547,4108,redacted,0.136165,Food Establishment,School,,,WESTMINSTER,WINDHAM,,,,,1
504606.1453,68752.09765,4109,redacted,0.060725,School,School,,,WESTMINSTER,WINDHAM,,,,,1
473666.6481,33041.58948,4110,redacted,0.26,Food Establishment,Restaurant,,,WHITINGHAM,WINDHAM,,,,,1
472165.5193,32036.59385,4111,redacted,0.042705,Food Establishment,School,,,WHITINGHAM,WINDHAM,,,,,1
468617.0902,32596.14552,4112,redacted,0.05,Food Establishment,Caterer,,,WHITINGHAM,WINDHAM,,,,,1
472061.1888,34558.68663,4113,redacted,,Food Manufacturer,Food Processor,,,WHITINGHAM,WINDHAM,,,,,1
472165.5193,32036.59385,4114,redacted,0.05989,School,School,,,WHITINGHAM,WINDHAM,,,,,1
469839.0677,40744.5369,4115,redacted,0.026775,School,School,,,WILMINGTON,WINDHAM,,,,,1
469619.6635,41023.22326,4116,redacted,0.26,Food Establishment,Restaurant,,,WILMINGTON,WINDHAM,,,,,1
471282.6866,40082.9413,4118,redacted,0.42,Food Establishment,Restaurant,,,WILMINGTON,WINDHAM,,,,,1
469595.3954,41078.87472,4119,redacted,0.26,Food Establishment,Restaurant,,,WILMINGTON,WINDHAM,,,,,1
468599.6879,41338.85027,4120,redacted,0.336,Food Establishment,Lodging,,,WILMINGTON,WINDHAM,,,,,1
470448.5767,41863.88636,4121,redacted,0.252,Food Establishment,Restaurant,,,WILMINGTON,WINDHAM,,,,,1
470440.5975,41908.35607,4122,redacted,0.26,Food Establishment,Restaurant,,,WILMINGTON,WINDHAM,,,,,1
515399.2966,224337.6551,4123,redacted,0.2415,Food Establishment,Restaurant,,,WILMINGTON,WINDHAM,,,,,1
471014.452,40428.43902,4124,redacted,1.0395,Food Establishment,B&B,,,WILMINGTON,WINDHAM,,,,,1
470416.5171,42008.43932,4125,redacted,0.2625,Food Establishment,Restaurant,,,WILMINGTON,WINDHAM,,,,,1
469791.5992,41100.22833,4126,redacted,2.058,Food Establishment,Lodging,,,WILMINGTON,WINDHAM,,,,,1
469562.0723,40934.60691,4127,redacted,0.26,Food Establishment,Restaurant,,,WILMINGTON,WINDHAM,,,,,1
469562.0723,40934.60691,4128,redacted,0.26,Food Establishment,Restaurant,,,WILMINGTON,WINDHAM,,,,,1
470728.8993,46295.13607,4130,redacted,0.05,Food Establishment,Caterer,,,WILMINGTON,WINDHAM,,,,,1
469554.4417,41056.83808,4131,redacted,0.26,Food Establishment,Restaurant,,,WILMINGTON,WINDHAM,,,,,1
451224.2913,216812.7208,4132,redacted,0.26,Food Establishment,Restaurant,,,WILLISTON,CHITTENDEN,,,,,1
469505.5626,41090.38108,4133,redacted,0.42,Food Establishment,Restaurant,,,WILMINGTON,WINDHAM,,,,,1
469505.5626,41090.38108,4134,redacted,0.18,Food Establishment,Grocery,,,WILMINGTON,WINDHAM,,,,,1
470634.4863,43307.2431,4135,redacted,0.72,Food Establishment,Grocery,,,WILMINGTON,WINDHAM,,,,,1
469692.8615,40945.13852,4136,redacted,0.26,Food Establishment,Restaurant,,,WILMINGTON,WINDHAM,,,,,1
469717.5708,40989.46516,4137,redacted,0.8925,Food Establishment,Restaurant,,,WILMINGTON,WINDHAM,,,,,1
470191.725,44808.84962,4139,redacted,0.84,Food Establishment,Restaurant,,,WILMINGTON,WINDHAM,,,,,1
469456.6841,41123.92444,4140,redacted,0.18,Food Establishment,Grocery,"Beer, wine, liquor store",,WILMINGTON,WINDHAM,,,,,1
470421.9635,43274.82728,4141,redacted,0.078535,Food Establishment,School,,,WILMINGTON,WINDHAM,,,,,1
467014.3414,41301.83191,4142,redacted,0.055,Food Establishment,Caterer,,,WILMINGTON,WINDHAM,,,,,1
469685.0328,41022.93498,4143,redacted,0.26,Food Establishment,Restaurant,,,WILMINGTON,WINDHAM,,,,,1
471582.4915,45391.73046,4144,redacted,0.924,Food Establishment,Restaurant,,,WILMINGTON,WINDHAM,,,,,1
469416.2732,41224.08367,4145,redacted,0.26,Food Establishment,Restaurant,,,WILMINGTON,WINDHAM,,,,,1
469408.1517,41235.22864,4146,redacted,0.546,Food Establishment,Lodging,,,WILMINGTON,WINDHAM,,,,,1
472736.6685,46086.91489,4147,redacted,0.26,Food Establishment,Restaurant,,,WILMINGTON,WINDHAM,,,,,1
472557.79,46276.47838,4148,redacted,3.4125,Food Establishment,Restaurant,,,WILMINGTON,WINDHAM,,,,,1
470092.4804,40765.64868,4149,redacted,0.05,Food Establishment,Caterer,,,WILMINGTON,WINDHAM,,,,,1
471442.8393,45192.34911,4150,redacted,0.13,Food Establishment,Convenience Store,Deli,,WILMINGTON,WINDHAM,,,,,1
469635.7607,40967.60794,4152,redacted,0.8925,Food Establishment,Restaurant,,,WILMINGTON,WINDHAM,,,,,1
470141.4127,40743.21852,4153,redacted,0.05,Food Establishment,Home-based Business,,,WILMINGTON,WINDHAM,,,,,1
468286.9971,44406.34318,4154,redacted,0.9135,Food Establishment,Restaurant,,,WILMINGTON,WINDHAM,,,,,1
471681.0323,45524.63052,4155,redacted,0.05,Food Establishment,Mobile Unit,,,WILMINGTON,WINDHAM,,,,,1
469652.0052,40945.31858,4156,redacted,0.84,Food Establishment,Restaurant,,,WILMINGTON,WINDHAM,,,,,1
472279.2869,46055.41834,4157,redacted,0.26,Food Establishment,Restaurant,,,WILMINGTON,WINDHAM,,,,,1
475204.6931,39878.84767,4158,redacted,0.525,Food Establishment,Restaurant,,,WILMINGTON,WINDHAM,,,,,1
470263.6491,40664.9274,4159,redacted,0.18,Food Establishment,Convenience Store,,,WILMINGTON,WINDHAM,,,,,1
453848.3931,256499.0166,4160,redacted,0.055,Food Establishment,Caterer,,,WILMINGTON,WINDHAM,,,,,1
469619.8106,41056.54918,4161,redacted,0.26,Food Establishment,Restaurant,,,WILMINGTON,WINDHAM,,,,,1
470312.1994,40553.62942,4162,redacted,0.72,Food Establishment,Caterer,,,WILMINGTON,WINDHAM,,,,,1
,,4167,redacted,0.945,Food Establishment,Restaurant,,,WILMINGTON,WINDHAM,,,,,1
479184.8961,72126.18297,4168,redacted,0.010735,School,School,,,WINDHAM,WINDHAM,,,,,1
482678.8568,80248.4253,4169,redacted,0.84,Food Establishment,Restaurant,,,WINDHAM,WINDHAM,,,,,1
495406.4522,38913.71201,4170,redacted,0,Food Manufacturer,Food Processor,,,WINDHAM,WINDSOR,,,,,1
507557.2703,100605.3861,4171,redacted,0.105,Food Establishment,Bakery,,,ASCUTNEY,WINDSOR,,,,,1
507281.9552,100527.3159,4172,redacted,0.6825,Food Establishment,Restaurant,,,ASCUTNEY,WINDSOR,,,,,1
507516.6344,100727.5472,4173,redacted,0.07875,Nursing/Assisted Living,Residential Facility,,,ASCUTNEY,WINDSOR,,,,,1
509058.5225,110606.0316,4174,redacted,0.315,Food Establishment,Restaurant,,,ASCUTNEY,WINDSOR,,,,,1
507774.3064,102049.8929,4175,redacted,0.05,Food Establishment,Restaurant,,,WEATHERSFIELD,WINDSOR,,,,,1
490614.2157,136770.7552,4176,redacted,0.05,Food Establishment,Caterer,,,BARNARD,WINDSOR,,,,,1
492764.5944,136123.6809,4178,redacted,0.63,Food Establishment,Lodging,,,BARNARD,WINDSOR,,,,,1
490225.6518,135504.7366,4179,redacted,0.714,Food Establishment,Restaurant,,,BARNARD,WINDSOR,,,,,1
490218.0656,135826.9466,4180,redacted,0.105,Food Establishment,Restaurant,,,BARNARD,WINDSOR,,,,,1
490669.5865,136037.3965,4181,redacted,0.147,Food Establishment,Lodging,,,BARNARD,WINDSOR,,,,,1
490436.5438,136471.0285,4182,redacted,0.189,Food Establishment,Bakery,,,BARNARD,WINDSOR,,,,,1
490291.6501,136560.1202,4183,redacted,0.05,Food Establishment,Restaurant,,,BARNARD,WINDSOR,,,,,1
490243.4883,136682.4039,4184,redacted,0.063,Food Establishment,Lodging,,,BARNARD,WINDSOR,,,,,1
490412.4212,136504.3941,4185,redacted,,Food Manufacturer,Food Processor,,,BARNARD,WINDSOR,,,,,1
490371.8809,136326.6873,4186,redacted,0.03955,School,School,,,BARNARD,WINDSOR,,,,,1
489037.3956,147928.0313,4188,redacted,0.18,Food Establishment,Grocery,Farmers' Market,,BETHEL,WINDSOR,,,,,1
489334.7194,147760.8902,4189,redacted,0.18,Food Establishment,Convenience Store,,,BETHEL,WINDSOR,,,,,1
489647.8165,147382.6381,4190,redacted,0.18,Food Establishment,Caterer,,,BETHEL,WINDSOR,,,,,1
487915.0024,145496.7722,4191,redacted,0.3885,Food Establishment,Restaurant,,,BETHEL,WINDSOR,,,,,1
489487.1891,147538.4371,4192,redacted,0.735,Food Establishment,Restaurant,,,BETHEL,WINDSOR,,,,,1
489238.4885,147938.8136,4193,redacted,0.26,Food Establishment,Restaurant,,,BETHEL,WINDSOR,,,,,1
488183.2719,151573.7593,4194,redacted,0.504,Food Establishment,Restaurant,,,BETHEL,WINDSOR,,,,,1
489238.5244,147961.0346,4195,redacted,0.525,Food Establishment,Restaurant,,,BETHEL,WINDSOR,,,,,1
489238.5244,147961.0346,4196,redacted,0.21,Food Establishment,Restaurant,,,BETHEL,WINDSOR,,,,,1
486715.1382,144987.9749,4197,redacted,1.281,Food Establishment,Restaurant,,,BETHEL,WINDSOR,,,,,1
488781.0501,148539.5381,4199,redacted,0.05,Food Establishment,Caterer,,,BETHEL,WINDSOR,,,,,1
487790.8316,143597.107,4200,redacted,0.055,Food Establishment,Caterer,,,BETHEL,WINDSOR,,,,,1
489413.6493,146816.3703,4201,redacted,0.5355,Food Establishment,Restaurant,,,BETHEL,WINDSOR,,,,,1
489222.7084,148127.7181,4202,redacted,0.098875,School,School,,,BETHEL,WINDSOR,,,,,1
488458.6274,148117.8891,4203,redacted,0.0217,School,School,,,BETHEL,WINDSOR,,,,,1
490212.1655,120750.4431,4204,redacted,1.3125,Food Establishment,Restaurant,,,BRIDGEWATER,WINDSOR,,,,,1
479863.3596,122217.8333,4205,redacted,0.18,Food Establishment,Convenience Store,,,BRIDGEWATER,WINDSOR,,,,,1
487119.4647,120922.3171,4207,redacted,1.05,Food Establishment,Restaurant,,,BRIDGEWATER,WINDSOR,,,,,1
487393.9507,120877.3556,4208,redacted,0.18,Food Establishment,Caterer,,,BRIDGEWATER CORNERS,WINDSOR,,,,,1
487393.9507,120877.3556,4209,redacted,0.18,Food Establishment,Grocery,,,BRIDGEWATER,WINDSOR,,,,,1
489582.4968,120906.9316,4211,redacted,0.441,Food Establishment,Restaurant,,,BRIDGEWATER,WINDSOR,,,,,1
489962.0326,120895.2431,4212,redacted,0.024295,School,School,,,BRIDGEWATER,WINDSOR,,,,,1
446698.9866,215348.0071,4216,redacted,0.5565,Food Establishment,Lodging,,,BRIDGEWATER,WINDSOR,,,,,1
487256.876,120988.7152,4219,redacted,0.252,Food Establishment,B&B,,,BRIDGEWATER,WINDSOR,,,,,1
498236.134,107967.1412,4220,redacted,0.063,Food Establishment,Restaurant,,,BROWNSVILLE,WINDSOR,,,,,1
502524.815,106945.2827,4221,redacted,0.05,Food Establishment,Home-based Business,,,WEST WINDSOR,WINDSOR,,,,,1
490487.3374,98263.71673,4222,redacted,0.26,Food Establishment,Restaurant,,,CAVENDISH,WINDSOR,,,,,1
490487.3374,98263.71673,4223,redacted,0.525,Food Establishment,Restaurant,,,CAVENDISH,WINDSOR,,,,,1
488137.1997,98078.56879,4224,redacted,1.155,Food Establishment,Lodging,,,CAVENDISH,WINDSOR,,,,,1
491054.1644,97985.2016,4225,redacted,0.18,Food Establishment,Grocery,,,CAVENDISH,WINDSOR,,,,,1
491313.5782,98073.74039,4226,redacted,0.13,Food Establishment,Bakery,,,CAVENDISH,WINDSOR,,,,,1
488444.6771,97822.51407,4227,redacted,0.05,Food Establishment,Caterer,,,CAVENDISH,WINDSOR,,,,,1
492092.2727,98761.58252,4228,redacted,0.26,Food Establishment,,,,WEATHERSFIELD,WINDSOR,,,,,1
488347.514,97867.11948,4229,redacted,0.13,Food Establishment,Restaurant,Bars/Pubs,,CAVENDISH,WINDSOR,,,,,1
492295.2072,99094.6377,4230,redacted,0.05,Food Establishment,Caterer,,,CAVENDISH,WINDSOR,,,,,1
488631.2589,97944.40388,4231,redacted,0.18,Food Establishment,Caterer,,,CAVENDISH,WINDSOR,,,,,1
487573.7295,104512.1087,4232,redacted,0.26,Food Establishment,Restaurant,,,CAVENDISH,WINDSOR,,,,,1
488874.427,97988.43788,4233,redacted,0.294,Food Establishment,Restaurant,,,CAVENDISH,WINDSOR,,,,,1
491182.5971,97051.82364,4234,redacted,,Food Establishment,Bakery,,,CAVENDISH,WINDSOR,,,,,1
488907.1494,98177.24823,4235,redacted,0.06215,Food Establishment,School,,,CAVENDISH,WINDSOR,,,,,1
491663.4425,86063.89191,4236,redacted,0.18,Food Establishment,Convenience Store,,,CHESTER,WINDSOR,,,,,1
495190.9708,92515.07945,4237,redacted,0.26,Food Establishment,Restaurant,,,CHESTER,WINDSOR,,,,,1
492012.8695,86385.64507,4238,redacted,0.05,Food Establishment,Caterer,,,CHESTER,WINDSOR,,,,,1
492693.5135,85285.04509,4239,redacted,0.26,Food Establishment,Restaurant,,,CHESTER,WINDSOR,,,,,1
493739.8852,84317.48138,4240,redacted,0.147,Food Establishment,B&B,,,CHESTER,WINDSOR,,,,,1
493082.3889,84495.86987,4241,redacted,0.26,Food Establishment,Lodging,,,CHESTER,WINDSOR,,,,,1
492652.3566,84762.94735,4242,redacted,0.26,Food Establishment,Restaurant,,,CHESTER,WINDSOR,,,,,1
491962.5227,84997.02674,4243,redacted,0.126,Food Establishment,Lodging,,,CHESTER,WINDSOR,,,,,1
490314.6241,85132.49134,4244,redacted,0.18,Food Establishment,Grocery,,,CHESTER,WINDSOR,,,,,1
491921.9294,84997.07493,4245,redacted,0.168,Food Establishment,B&B,,,CHESTER,WINDSOR,,,,,1
504466.6702,70473.91985,4246,redacted,0.21,Food Establishment,Restaurant,,,BELLOWS FALLS,WINDSOR,,,,,1
493147.4215,84573.56969,4247,redacted,,Food Manufacturer,Food Processor,,,CHESTER,WINDSOR,,,,,1
493147.4215,84573.56969,4248,redacted,1.008,Food Establishment,Restaurant,,,CHESTER,WINDSOR,,,,,1
492700.7597,84474.05071,4249,redacted,0.26,Food Establishment,Restaurant,,,CHESTER,WINDSOR,,,,,1
491418.7816,91574.4988,4251,redacted,0.126,Food Establishment,Caterer,,,CHESTER,WINDSOR,,,,,1
491816.36,84974.98259,4252,redacted,0.21,Food Establishment,Lodging,,,CHESTER,WINDSOR,,,,,1
492710.3588,85851.60725,4253,redacted,0.13,Food Establishment,Bakery,,,CHESTER,WINDSOR,,,,,1
495516.5028,81971.99924,4254,redacted,0.063,Food Establishment,Restaurant,,,CHESTER,WINDSOR,,,,,1
491921.8236,84908.19978,4255,redacted,1.26,Food Establishment,Lodging,,,CHESTER,WINDSOR,,,,,1
492473.6783,84707.59611,4256,redacted,0.252,Food Establishment,Restaurant,,,CHESTER,WINDSOR,,,,,1
492749.2856,84296.24837,4257,redacted,0.525,Food Establishment,Restaurant,,,CHESTER,WINDSOR,,,,,1
493431.0227,83984.49153,4258,redacted,0.26,Food Establishment,Restaurant,,,CHESTER,WINDSOR,,,,,1
492343.7741,84707.7414,4259,redacted,1.512,Food Establishment,Restaurant,,,CHESTER,WINDSOR,,,,,1
492734.0694,85251.67331,4260,redacted,0.18,Food Establishment,Convenience Store,,,CHESTER,WINDSOR,,,,,1
492126.5204,86396.62165,4261,redacted,0.18,Food Establishment,Grocery,Farmers' Market,,CHESTER,WINDSOR,,,,,1
492019.1313,84808.1,4262,redacted,0.21,Food Establishment,Restaurant,,,CHESTER,WINDSOR,,,,,1
492726.0106,85307.229,4263,redacted,0.26,Food Establishment,Restaurant,,,CHESTER,WINDSOR,,,,,1
493560.9407,83984.36707,4264,redacted,0.21,Food Establishment,Restaurant,,,CHESTER,WINDSOR,,,,,1
492765.5009,84274.01228,4265,redacted,0.05,Food Establishment,Convenience Store,,,CHESTER,WINDSOR,,,,,1
493617.7694,83973.20403,4266,redacted,5.985,Food Establishment,Restaurant,,,CHESTER,WINDSOR,,,,,1
493593.3154,83873.24259,4267,redacted,0.819,Food Establishment,Bakery,,,CHESTER,WINDSOR,,,,,1
492335.691,91917.7945,4268,redacted,0.2625,Food Establishment,B&B,,,CHESTER,WINDSOR,,,,,1
490071.7028,85566.10994,4269,redacted,0.84,Food Establishment,Lodging,,,CHESTER,WINDSOR,,,,,1
493382.0436,83717.91387,4270,redacted,0.05705,Food Establishment,School,,,CHESTER,WINDSOR,,,,,1
492246.6252,84952.25861,4271,redacted,0.149725,Food Establishment,School,,,CHESTER,WINDSOR,,,,,1
491994.8533,84874.78503,4272,redacted,0.26,Food Establishment,Restaurant,,,CHESTER,WINDSOR,,,,,1
492165.3098,84841.25791,4273,redacted,0.26,Food Establishment,Restaurant,,,CHESTER,WINDSOR,,,,,1
486345.9936,85794.77288,4274,redacted,0.05,Food Establishment,Caterer,,,CHESTER,WINDSOR,,,,,1
491021.081,85242.61409,4275,redacted,0.21,Food Establishment,Bakery,,,CHESTER,WINDSOR,,,,,1
493657.7877,83351.04122,4276,redacted,0,Food Manufacturer,Food Processor,,,CHESTER,WINDSOR,,,,,1
483569.3397,141895.1658,4277,redacted,0.2415,Food Establishment,B&B,,,STOCKBRIDGE,WINDSOR,,,,,1
514624.0562,128691.8834,4278,redacted,0.035,School,School,,,HARTFORD,WINDSOR,,,,,1
508768.8097,128048.3734,4279,redacted,0.26,Food Establishment,Restaurant,,,HARTFORD,WINDSOR,,,,,1
514610.2994,127603.0532,4280,redacted,0.42,Food Establishment,Restaurant,,,HARTFORD,WINDSOR,,,,,1
514697.896,128125.4244,4281,redacted,0.128255,School,School,,,HARTFORD,WINDSOR,,,,,1
513351.9194,127522.6547,4282,redacted,0.18,Food Establishment,Grocery,,,HARTFORD,WINDSOR,,,,,1
512917.0389,127121.8353,4283,redacted,0.4305,Food Establishment,Restaurant,,,WHITE RIVER JUNCTION,WINDSOR,,,,,1
513188.0719,128788.8924,4284,redacted,0.18,Food Establishment,Grocery,Specialty foods,,HARTFORD,WINDSOR,,,,,1
514602.6437,127414.1632,4285,redacted,0.26,Food Establishment,Restaurant,,,HARTFORD,WINDSOR,,,,,1
512192.9919,125976.1314,4286,redacted,0.05,Food Establishment,Home-based Business,,,HARTFORD,WINDSOR,,,,,1
509117.8453,108606.3392,4287,redacted,,Food Establishment,Bakery,Bread/related products,,WINDSOR,WINDSOR,,,,,1
512873.0667,129010.4834,4288,redacted,0.18,Food Establishment,Grocery,,,HARTFORD,WINDSOR,,,,,1
512873.0881,128999.3732,4289,redacted,0.05,Food Establishment,Caterer,,,HARTFORD,WINDSOR,,,,,1
514659.2639,127347.6257,4290,redacted,0.2625,Food Establishment,Restaurant,,,WHITE RIVER JUNCTION,WINDSOR,,,,,1
509822.2905,130294.0951,4291,redacted,0.105,Food Establishment,Restaurant,,,HARTFORD,WINDSOR,,,,,1
506510.7674,127312.5268,4292,redacted,1.05,Food Establishment,Restaurant,,,HARTFORD,WINDSOR,,,,,1
515386.5665,130337.9076,4293,redacted,0.05,Food Establishment,Caterer,,,HARTFORD,WINDSOR,,,,,1
514367.8443,127802.5121,4294,redacted,0.72,Food Manufacturer,Food Processor,,,HARTFORD,WINDSOR,,,,,1
514367.0119,131946.628,4296,redacted,0.26,Food Establishment,School,,,WHITE RIVER JUNCTION,WINDSOR,,,,,1
515756.3441,130838.7298,4298,redacted,0.05,Food Establishment,Caterer,,,HARTFORD,WINDSOR,,,,,1
514527.7196,128480.5796,4299,redacted,0.120815,Food Establishment,School,,,WHITE RIVER JUNCTION,WINDSOR,,,,,1
515250.7151,129793.1945,4301,redacted,0.13,Food Establishment,Bakery,,,HARTFORD,WINDSOR,,,,,1
504799.5118,128522.0886,4302,redacted,2.52,Food Establishment,Restaurant,,,HARTFORD,WINDSOR,,,,,1
504662.4603,128410.8901,4303,redacted,2.94,Food Establishment,Restaurant,,,HARTFORD,WINDSOR,,,,,1
509025.5301,129104.1816,4304,redacted,0.18,Food Establishment,Convenience Store,,,HARTFORD,WINDSOR,,,,,1
509025.5301,129104.1816,4305,redacted,0.26,Food Establishment,Restaurant,,,HARTFORD,WINDSOR,,,,,1
512771.5799,127243.7683,4306,redacted,0.055,Food Establishment,Caterer,,,HARTFORD,WINDSOR,,,,,1
509042.1117,128770.8984,4307,redacted,0.05,Food Establishment,Caterer,,,HARTFORD,WINDSOR,,,,,1
509042.1117,128770.8984,4308,redacted,0.18,Food Establishment,Convenience Store,,,HARTFORD,WINDSOR,,,,,1
514608.045,128636.2974,4309,redacted,0.100975,Food Establishment,School,,,WHITE RIVER JUNCTION,WINDSOR,,,,,1
445659.2736,222413.0543,4310,redacted,0.05,Food Establishment,Caterer,,,WILDER,WINDSOR,,,,,1
445659.2736,222413.0543,4311,redacted,0.26,Food Establishment,Restaurant,,,HARTFORD,WINDSOR,,,,,1
513820.8046,127056.9782,4312,redacted,0.26,Food Establishment,Restaurant,,,HARTFORD,WINDSOR,,,,,1
513344.0288,127433.7575,4313,redacted,1.785,Food Establishment,Restaurant,,,HARTFORD,WINDSOR,,,,,1
506518.9002,127245.8739,4314,redacted,,Food Manufacturer,Dairy,Ice Cream,,HARTFORD,WINDSOR,,,,,1
512505.1713,127332.147,4315,redacted,0.26,Food Establishment,Restaurant,,,HARTFORD,WINDSOR,,,,,1
512505.1713,127332.147,4316,redacted,0.055,Food Establishment,Caterer,,,HARTFORD,WINDSOR,,,,,1
503994.2889,126143.9896,4317,redacted,0.26,Food Establishment,Restaurant,,,HARTFORD,WINDSOR,,,,,1
503994.2889,126143.9896,4318,redacted,,Food Manufacturer,Alcohol Manufacturer,Wine,,HARTFORD,WINDSOR,,,,,1
508624.0475,127703.7702,4319,redacted,0.18,Food Establishment,Grocery,,,HARTFORD,WINDSOR,,,,,1
507851.0879,126414.0422,4320,redacted,0.26,Food Establishment,Restaurant,,,HARTFORD,WINDSOR,,,,,1
507592.957,126347.0839,4321,redacted,,Food Manufacturer,Alcohol Manufacturer,Wine,,HARTFORD,WINDSOR,,,,,1
503631.533,125477.1763,4322,redacted,0.05,Food Establishment,Caterer,,,HARTFORD,WINDSOR,,,,,1
506228.6091,127078.9455,4323,redacted,0.26,Food Establishment,Restaurant,,,HARTFORD,WINDSOR,,,,,1
514994.3807,129014.8991,4325,redacted,0.18,Food Establishment,Grocery,,,HARTFORD,WINDSOR,,,,,1
506284.69,127501.1834,4326,redacted,0.13,Food Establishment,Bakery,,,HARTFORD,WINDSOR,,,,,1
506561.0132,125434.9637,4327,redacted,0.105,Food Establishment,Lodging,,,HARTFORD,WINDSOR,,,,,1
514559.4781,128713.9631,4331,redacted,0.4725,Food Establishment,Restaurant,,,HARTFORD,WINDSOR,,,,,1
505980.1646,116146.4341,4332,redacted,0.63,Food Establishment,Restaurant,,,HARTLAND,WINDSOR,,,,,1
508057.9519,115404.2374,4333,redacted,0.055,Food Establishment,Caterer,,,HARTLAND,WINDSOR,,,,,1
507912.2893,115559.6036,4334,redacted,0.18,Food Establishment,Grocery,Farmers' Market,,HARTLAND,WINDSOR,,,,,1
446777.2332,63769.896,4337,redacted,0.72,Food Establishment,Grocery,,,ARLINGTON,BENNINGTON,,,,,1
439918.5257,46950.99398,4338,redacted,0.46669,School,College/University,,,BENNINGTON,BENNINGTON,,,,,1
442451.4688,44240.79693,4339,redacted,0.255945,Food Establishment,School,,,BENNINGTON,BENNINGTON,,,,,1
446501.1973,63883.14926,4341,redacted,0.076275,School,School,,,BENNINGTON,BENNINGTON,,,,,1
442869.4014,42437.57406,4342,redacted,0.84,Food Establishment,Restaurant,,,BENNINGTON,BENNINGTON,,,,,1
442202.1482,41787.68867,4343,redacted,0.51975,Food Establishment,Hospital,,,BENNINGTON,BENNINGTON,,,,,1
442202.1482,41787.68867,4344,redacted,0.714,Food Establishment,Hospital,,,BENNINGTON,BENNINGTON,,,,,1
442563.9588,44017.66597,4345,redacted,0.26,Food Establishment,Restaurant,,,BENNINGTON,BENNINGTON,,,,,1
443081.1705,42358.0522,4346,redacted,0.525,Food Establishment,Restaurant,,,BENNINGTON,BENNINGTON,,,,,1
444846.4719,42421.43758,4347,redacted,0.042,Food Establishment,Restaurant,,,BENNINGTON,BENNINGTON,,,,,1
443013.0728,43014.07488,4349,redacted,0.462,,,,,BENNINGTON,BENNINGTON,,,,,1
442981.7164,44158.61216,4350,redacted,0.0594,School,School,,,BENNINGTON,BENNINGTON,,,,,1
443022.8777,42225.22122,4352,redacted,0.2625,Food Establishment,Restaurant,,,BENNINGTON,BENNINGTON,,,,,1
444227.6456,42681.94423,4353,redacted,0.021,Nursing/Assisted Living,Residential Facility,,,BENNINGTON,BENNINGTON,,,,,1
442540.848,44184.50175,4355,redacted,0.18,Food Establishment,Convenience Store,,,BENNINGTON,BENNINGTON,,,,,1
442861.7853,42504.29415,4356,redacted,0.72,Food Establishment,Grocery,,,BENNINGTON,BENNINGTON,,,,,1
442475.3209,44162.8307,4357,redacted,0.18,Food Establishment,Grocery,,,BENNINGTON,BENNINGTON,,,,,1
445445.1517,42705.50781,4358,redacted,0.504,Food Establishment,Restaurant,,,BENNINGTON,BENNINGTON,,,,,1
442434.5756,44174.28127,4359,redacted,1.722,Food Establishment,Restaurant,,,BENNINGTON,BENNINGTON,,,,,1
442378.1469,44263.63014,4362,redacted,0.231,Food Establishment,Restaurant,,,BENNINGTON,BENNINGTON,,,,,1
443392.8116,42499.90351,4363,redacted,0.18,Food Establishment,Grocery,,,BENNINGTON,BENNINGTON,,,,,1
442841.9386,42082.29918,4364,redacted,0.189,Food Establishment,Lodging,,,BENNINGTON,BENNINGTON,,,,,1
442346.4083,44374.99144,4365,redacted,0.18,Food Establishment,Grocery,,,BENNINGTON,BENNINGTON,,,,,1
442777.6864,42216.14696,4366,redacted,2.1,Food Establishment,Restaurant,,,BENNINGTON,BENNINGTON,,,,,1
442809.3504,42093.67948,4367,redacted,0.126,Nursing/Assisted Living,Residential Facility,,,BENNINGTON,BENNINGTON,,,,,1
443283.4008,42111.97377,4368,redacted,0.05775,Nursing/Assisted Living,Residential Facility,,,BENNINGTON,BENNINGTON,,,,,1
443343.9768,42522.5245,4369,redacted,0.17063,Food Establishment,School,,,BENNINGTON,BENNINGTON,,,,,1
442936.5101,42648.09697,4371,redacted,0.7245,Food Establishment,Restaurant,,,BENNINGTON,BENNINGTON,,,,,1
442887.8623,42692.93865,4372,redacted,0.13,Food Establishment,Restaurant,Deli,,BENNINGTON,BENNINGTON,,,,,1
451748.0115,71032.04221,4373,redacted,0.42,Food Establishment,Restaurant,,,BENNINGTON,BENNINGTON,,,,,1
443790.6999,46196.09723,4375,redacted,0.18,Food Establishment,Convenience Store,,,BENNINGTON,BENNINGTON,,,,,1
440983.5347,45464.18497,4377,redacted,0.72,Food Establishment,Bakery,,,BENNINGTON,BENNINGTON,,,,,1
444312.8328,42103.56364,4378,redacted,0.021,Nursing/Assisted Living,Residential Facility,,,BENNINGTON,BENNINGTON,,,,,1
442124.9688,47176.4595,4379,redacted,0.18,Food Establishment,Grocery,,,BENNINGTON,BENNINGTON,,,,,1
442643.8916,42828.2826,4381,redacted,0.18,Food Establishment,Convenience Store,,,BENNINGTON,BENNINGTON,,,,,1
439446.192,42455.74795,4385,redacted,,Food Manufacturer,Sweets,,,BENNINGTON,BENNINGTON,,,,,1
442039.6741,41900.15035,4387,redacted,0.7875,Nursing/Assisted Living,Residential Facility,,,BENNINGTON,BENNINGTON,,,,,1
445055.1993,38886.98483,4388,redacted,0.05,Food Establishment,Caterer,,,BENNINGTON,BENNINGTON,,,,,1
442153.3237,43754.48028,4389,redacted,3.99,Food Establishment,Restaurant,,,BENNINGTON,BENNINGTON,,,,,1
442138.2808,47787.3744,4390,redacted,0.05,Food Establishment,Convenience Store,,,BENNINGTON,BENNINGTON,,,,,1
442517.0852,41340.67148,4391,redacted,0.525,Nursing/Assisted Living,Residential Facility,,,BENNINGTON,BENNINGTON,,,,,1
452808.6581,41884.50886,4393,redacted,0.7875,Food Establishment,Restaurant,,,WOODFORD,BENNINGTON,,,,,1
442078.9427,44621.64949,4394,redacted,0.26,Food Establishment,Restaurant,,,BENNINGTON,BENNINGTON,,,,,1
442021.9602,44644.34894,4395,redacted,0.26,Food Establishment,Bakery,,,BENNINGTON,BENNINGTON,,,,,1
439413.5781,48021.95709,4396,redacted,0.063,Food Establishment,B&B,,,BENNINGTON,BENNINGTON,,,,,1
441434.3691,42782.92798,4397,redacted,1.008,Food Establishment,Lodging,,,BENNINGTON,BENNINGTON,,,,,1
441931.0898,44522.91109,4398,redacted,0.294,Food Establishment,Restaurant,,,BENNINGTON,BENNINGTON,,,,,1
441931.0898,44522.91109,4399,redacted,0.26,Food Establishment,Restaurant,,,BENNINGTON,BENNINGTON,,,,,1
441931.0898,44522.91109,4401,redacted,0.72,Food Establishment,Grocery,,,BENNINGTON,BENNINGTON,,,,,1
441776.1003,44546.44119,4403,redacted,0.72,Food Establishment,Restaurant,,,BENNINGTON,BENNINGTON,,,,,1
443438.4499,42088.47832,4404,redacted,0.0315,Nursing/Assisted Living,Residential Facility,,,BENNINGTON,BENNINGTON,,,,,1
441957.0924,44700.44407,4405,redacted,0.42,Food Establishment,Restaurant,Deli,,BENNINGTON,BENNINGTON,,,,,1
441957.0924,44700.44407,4406,redacted,0.26,Food Establishment,Restaurant,,,BENNINGTON,BENNINGTON,,,,,1
441957.6552,44767.09656,4407,redacted,0.51975,Food Establishment,Bar,Bars/Pubs,,BENNINGTON,BENNINGTON,,,,,1
441883.5891,44701.06514,4408,redacted,0.2625,Food Establishment,Lodging,,,BENNINGTON,BENNINGTON,,,,,1
441884.4344,44801.04387,4409,redacted,1.05,Food Establishment,Private Club,,,BENNINGTON,BENNINGTON,,,,,1
443109.2634,42791.08904,4410,redacted,0.2415,Food Establishment,Restaurant,,,BENNINGTON,BENNINGTON,,,,,1
443093.4763,42857.87647,4412,redacted,0.26,Food Establishment,Bakery,,,BENNINGTON,BENNINGTON,,,,,1
442674.0689,42528.075,4413,redacted,0.01,Food Establishment,School,,,BENNINGTON,BENNINGTON,,,,,1
441203.7354,45428.96872,4414,redacted,0.26,Food Establishment,Restaurant,,,BENNINGTON,BENNINGTON,,,,,1
442852.6005,42382.16626,4416,redacted,0.4725,Food Establishment,Restaurant,,,BENNINGTON,BENNINGTON,,,,,1
439398.2323,48133.18926,4419,redacted,0.12075,Food Establishment,Restaurant,Deli,,BENNINGTON,BENNINGTON,,,,,1
442564.9887,42184.5911,4422,redacted,0.21,Food Establishment,Convenience Store,,,BENNINGTON,BENNINGTON,,,,,1
439406.4933,48144.22603,4423,redacted,0.26,Food Establishment,Restaurant,,,BENNINGTON,BENNINGTON,,,,,1
439395.9773,47877.68665,4425,redacted,0.9765,Food Establishment,Restaurant,,,BENNINGTON,BENNINGTON,,,,,1
443393.9087,42633.208,4426,redacted,0.18,Food Establishment,Convenience Store,,,BENNINGTON,BENNINGTON,,,,,1
442893.0805,42337.39219,4429,redacted,0.18,Food Establishment,Convenience Store,,,BENNINGTON,BENNINGTON,,,,,1
443395.5543,42833.16477,4430,redacted,0.17535,Food Establishment,School,,,BENNINGTON,BENNINGTON,,,,,1
443655.4952,41653.42908,4431,redacted,0.4725,Nursing/Assisted Living,Residential Facility,,,BENNINGTON,BENNINGTON,,,,,1
443020.9896,43969.42511,4432,redacted,0.903,Food Establishment,Restaurant,,,BENNINGTON,BENNINGTON,,,,,1
443395.8286,42866.4909,4434,redacted,0.2625,Food Establishment,Cafeteria,,,BENNINGTON,BENNINGTON,,,,,1
443170.4875,43279.39974,4435,redacted,0.89775,Nursing/Assisted Living,Residential Facility,,,BENNINGTON,BENNINGTON,,,,,1
442875.0298,43115.20546,4437,redacted,1.428,Food Establishment,Restaurant,,,BENNINGTON,BENNINGTON,,,,,1
442850.7077,43137.6265,4439,redacted,0.2415,Food Establishment,Restaurant,,,BENNINGTON,BENNINGTON,,,,,1
442794.542,43260.29784,4441,redacted,0.21,Food Establishment,Restaurant,,,BENNINGTON,BENNINGTON,,,,,1
442402.412,41308.302,4442,redacted,0.03675,Nursing/Assisted Living,Residential Facility,,,BENNINGTON,BENNINGTON,,,,,1
440069.2475,44572.2199,4446,redacted,0.13,Food Establishment,Home-based Business,,,BENNINGTON,BENNINGTON,,,,,1
442283.3259,42697.985,4448,redacted,0.231,Food Establishment,Restaurant,,,BENNINGTON,BENNINGTON,,,,,1
443104.9449,42268.97982,4450,redacted,0.63,Food Establishment,Restaurant,Bars/Pubs,,BENNINGTON,BENNINGTON,,,,,1
443121.1929,42257.73599,4451,redacted,0.26,Food Establishment,Restaurant,,,BENNINGTON,BENNINGTON,,,,,1
443121.1929,42257.73599,4452,redacted,0.4935,Food Establishment,Restaurant,,,BENNINGTON,BENNINGTON,,,,,1
443203.0756,42279.27835,4456,redacted,0.26,Food Establishment,Cafeteria,,,BENNINGTON,BENNINGTON,,,,,1
454828.5486,75488.14591,4458,redacted,,Food Manufacturer,Sweets,,,BENNINGTON,BENNINGTON,,,,,1
453499.0724,74874.95032,4459,redacted,0.18,Food Establishment,Convenience Store,,,BENNINGTON,BENNINGTON,,,,,1
441902.9295,43123.34891,4461,redacted,0.2205,Food Establishment,Camp,,,BENNINGTON,BENNINGTON,,,,,1
442506.0408,43929.27399,4462,redacted,0.13125,Nursing/Assisted Living,Residential Facility,,,BENNINGTON,BENNINGTON,,,,,1
441009.4636,45630.60607,4463,redacted,0.378,Food Establishment,Lodging,,,BENNINGTON,BENNINGTON,,,,,1
443131.3808,41513.3183,4464,redacted,0.18,Food Establishment,Grocery,,,BENNINGTON,BENNINGTON,,,,,1
443382.1733,42200.03577,4467,redacted,1.05,Food Establishment,Restaurant,,,BENNINGTON,BENNINGTON,,,,,1
443309.0096,42245.07614,4468,redacted,0.63,Food Establishment,Restaurant,,,BENNINGTON,BENNINGTON,,,,,1
443439.6373,42232.89141,4472,redacted,0.7875,Food Establishment,Restaurant,,,BENNINGTON,BENNINGTON,,,,,1
442727.4426,40105.76894,4473,redacted,0.13,Food Establishment,Bakery,,,BENNINGTON,BENNINGTON,,,,,1
442245.2723,44975.75499,4474,redacted,0.11025,Food Establishment,Bakery,,,BENNINGTON,BENNINGTON,,,,,1
443900.3256,42617.94949,4475,redacted,0.07875,Nursing/Assisted Living,Residential Facility,,,BENNINGTON,BENNINGTON,,,,,1
442625.0512,42528.48369,4476,redacted,0.20878,Food Establishment,School,,,BENNINGTON,BENNINGTON,,,,,1
441934.5734,43000.87704,4477,redacted,0.086445,Food Establishment,School,,,BENNINGTON,BENNINGTON,,,,,1
441277.6107,45472.77535,4479,redacted,0.26,Food Establishment,Restaurant,,,BENNINGTON,BENNINGTON,,,,,1
443823.8064,42251.96234,4482,redacted,0.18,Food Establishment,Restaurant,,,BENNINGTON,BENNINGTON,,,,,1
443955.4303,42361.9831,4484,redacted,0.5145,Food Establishment,B&B,,,BENNINGTON,BENNINGTON,,,,,1
444110.7466,42371.82886,4485,redacted,0.05,Food Establishment,Caterer,,,BENNINGTON,BENNINGTON,,,,,1
441886.6957,46034.1852,4487,redacted,1.9425,Food Establishment,Restaurant,,,BENNINGTON,BENNINGTON,,,,,1
444331.1508,42347.82277,4489,redacted,0.72,Food Establishment,Grocery,,,BENNINGTON,BENNINGTON,,,,,1
444355.75,42358.73316,4490,redacted,0.18,Food Establishment,Convenience Store,,,BENNINGTON,BENNINGTON,,,,,1
439420.9572,47933.0146,4491,redacted,0.1575,Food Establishment,Restaurant,,,BENNINGTON,BENNINGTON,,,,,1
444495.264,42435.37199,4492,redacted,1.575,Food Establishment,Private Club,,,BENNINGTON,BENNINGTON,,,,,1
441920.4816,45200.68281,4493,redacted,0.252,Food Establishment,Restaurant,,,BENNINGTON,BENNINGTON,,,,,1
442395.9887,39564.1721,4494,redacted,0.525,Food Establishment,Restaurant,,,BENNINGTON,BENNINGTON,,,,,1
441289.3468,41106.62846,4495,redacted,0.313575,Food Establishment,Cafeteria,,,BENNINGTON,BENNINGTON,,,,,1
439870.7157,43351.89898,4496,redacted,0.18,Food Establishment,Grocery,Farmers' Market,,BENNINGTON,BENNINGTON,,,,,1
439838.4496,48062.66007,4497,redacted,0.05,Food Establishment,Caterer,,,BENNINGTON,BENNINGTON,,,,,1
443020.2095,41903.06895,4498,redacted,0.0315,Nursing/Assisted Living,Residential Facility,,,BENNINGTON,BENNINGTON,,,,,1
469348.6403,71685.62265,4499,redacted,3.675,Food Establishment,Restaurant,,,BONDVILLE,BENNINGTON,,,,,1
467952.5816,74080.57436,4500,redacted,0.189,Food Establishment,B&B,,,WINHALL,BENNINGTON,,,,,1
464929.3757,76028.53035,4501,redacted,0.63,Food Establishment,B&B,,,BONDVILLE,BENNINGTON,,,,,1
469315.7515,71608.00484,4502,redacted,0.42,Food Establishment,Restaurant,,,BONDVILLE,BENNINGTON,,,,,1
454023.96,80348.51903,4506,redacted,0.10622,Food Establishment,School,,,DORSET,BENNINGTON,,,,,1
450939.912,84191.90633,4507,redacted,0.05,Food Establishment,Private Club,,,DORSET,BENNINGTON,,,,,1
452789.7216,81623.50743,4508,redacted,0.05,Food Establishment,Caterer,,,DORSET,BENNINGTON,,,,,1
458545.2175,82319.19882,4510,redacted,0.18,Food Establishment,Convenience Store,,,EAST DORSET,BENNINGTON,,,,,1
459052.306,86937.80663,4512,redacted,0.05,Food Establishment,Concession Stand,,,DORSET,BENNINGTON,,,,,1
451915.335,83185.03088,4513,redacted,0.18,Food Establishment,Convenience Store,,,DORSET,BENNINGTON,,,,,1
451836.2519,83485.56016,4515,redacted,0.672,Food Establishment,Lodging,,,DORSET,BENNINGTON,,,,,1
451336.3518,83989.07331,4516,redacted,0.18,Food Establishment,Convenience Store,,,DORSET,BENNINGTON,,,,,1
451635.7667,83842.50414,4518,redacted,1.2075,Food Establishment,Lodging,,,DORSET,BENNINGTON,,,,,1
451530.4411,83876.58515,4519,redacted,0.105,Food Establishment,B&B,,,DORSET,BENNINGTON,,,,,1
450281.715,84130.03467,4521,redacted,0.084,Food Establishment,B&B,,,DORSET,BENNINGTON,,,,,1
453512.9568,80474.20325,4522,redacted,0.18,Food Establishment,Grocery,Farmers' Market,,DORSET,BENNINGTON,,,,,1
451689.5083,82264.50773,4524,redacted,0.05,Food Establishment,Home-based Business,,,DORSET,BENNINGTON,,,,,1
459175.324,87148.15238,4527,redacted,0.13,Food Establishment,Restaurant,Concession,,DORSET,BENNINGTON,,,,,1
453830.6854,79405.492,4528,redacted,0.05,Food Establishment,Convenience Store,,,DORSET,BENNINGTON,,,,,1
451328.7096,84055.78799,4529,redacted,1.365,Food Establishment,Lodging,,,DORSET,BENNINGTON,,,,,1
458327.7941,79976.36771,4530,redacted,0.05,Food Establishment,Caterer,,,DORSET,BENNINGTON,,,,,1
475035.2646,49477.50122,4532,redacted,0.336,Food Establishment,B&B,,,DOVER,BENNINGTON,,,,,1
478081.4771,50133.63068,4533,redacted,0.05,Food Establishment,Caterer,,,EAST DORSET,BENNINGTON,,,,,1
477642.9935,50801.58019,4534,redacted,0.05,Food Establishment,Caterer,,,EAST DORSET,BENNINGTON,,,,,1
458328.2027,80043.02371,4535,redacted,0.945,Food Establishment,Restaurant,,,DORSET,BENNINGTON,,,,,1
470670.4732,85799.98516,4536,redacted,0.42,Food Establishment,Lodging,,,LANDGROVE,BENNINGTON,,,,,1
459627.8628,77246.64636,4537,redacted,1.029,Food Establishment,Restaurant,,,WINHALL,BENNINGTON,,,,,1
453604.7327,73674.37603,4538,redacted,1.785,Food Establishment,Restaurant,,,MANCHESTER,BENNINGTON,,,,,1
455013.0479,75109.19299,4540,redacted,0.26,Food Establishment,Restaurant,,,MANCHESTER,BENNINGTON,,,,,1
455524.6275,75005.84432,4541,redacted,0.18,Food Establishment,Restaurant,,,MANCHESTER,BENNINGTON,,,,,1
454697.6517,75366.8085,4543,redacted,0.735,Food Establishment,Restaurant,,,MANCHESTER,BENNINGTON,,,,,1
457036.9556,74996.13321,4545,redacted,1.3125,Food Establishment,Restaurant,,,MANCHESTER,BENNINGTON,,,,,1
452028.6868,71607.7678,4548,redacted,0.252,Food Establishment,Lodging,,,MANCHESTER,BENNINGTON,,,,,1
454940.0189,75131.89541,4550,redacted,0.945,Food Establishment,Restaurant,,,MANCHESTER,BENNINGTON,,,,,1
457655.1725,75036.6989,4551,redacted,0.9135,Food Establishment,Restaurant,,,MANCHESTER,BENNINGTON,,,,,1
457582.4803,75114.91915,4552,redacted,0.0315,Food Establishment,B&B,,,MANCHESTER,BENNINGTON,,,,,1
457762.2506,75258.22729,4553,redacted,0.18,Food Establishment,Grocery,Farmers' Market,,MANCHESTER,BENNINGTON,,,,,1
457876.6959,75357.50529,4555,redacted,0.105,Food Establishment,Lodging,,,MANCHESTER,BENNINGTON,,,,,1
457983.0076,75456.83539,4556,redacted,0.5145,Food Establishment,Restaurant,,,MANCHESTER,BENNINGTON,,,,,1
457603.7352,78525.46741,4557,redacted,0.05,Food Establishment,Private Club,,,MANCHESTER,BENNINGTON,,,,,1
455804.7752,76826.01623,4558,redacted,0.13,Food Establishment,Bakery,,,MANCHESTER,BENNINGTON,,,,,1
454138.6872,72048.74126,4559,redacted,1.7325,Food Establishment,Lodging,,,MANCHESTER,BENNINGTON,,,,,1
458480.0363,75631.54047,4560,redacted,1.365,Food Establishment,Caterer,,,MANCHESTER,BENNINGTON,,,,,1
455078.753,75208.74677,4561,redacted,0.26,Food Establishment,Restaurant,,,MANCHESTER,BENNINGTON,,,,,1
455078.753,75208.74677,4562,redacted,0.378,Food Establishment,Restaurant,,,MANCHESTER,BENNINGTON,,,,,1
455078.753,75208.74677,4563,redacted,0.72,Food Establishment,Caterer,,,MANCHESTER,BENNINGTON,,,,,1
455069.9627,75108.81715,4564,redacted,0.0945,Food Establishment,Restaurant,,,MANCHESTER,BENNINGTON,,,,,1
455086.2973,75119.81911,4565,redacted,0.18,Food Establishment,Convenience Store,,,MANCHESTER,BENNINGTON,,,,,1
455095.8202,75330.84129,4566,redacted,0.18,Food Establishment,Grocery,,,MANCHESTER,BENNINGTON,,,,,1
453722.7945,73095.86661,4570,redacted,0.05,Food Establishment,Private Club,,,MANCHESTER,BENNINGTON,,,,,1
455039.2008,75375.65395,4571,redacted,0.18,Food Establishment,Grocery,"Beer, wine, liquor store",,MANCHESTER,BENNINGTON,,,,,1
453500.0733,73830.62619,4574,redacted,0.504,Food Establishment,Lodging,,,MANCHESTER,BENNINGTON,,,,,1
455207.4533,74996.81388,4575,redacted,0.3465,Food Establishment,Bakery,,,MANCHESTER,BENNINGTON,,,,,1
455320.1912,74829.42723,4576,redacted,0.13,Food Establishment,Restaurant,Deli,,MANCHESTER,BENNINGTON,,,,,1
455207.3802,74985.70463,4577,redacted,0.13,Food Establishment,Restaurant,Deli,,MANCHESTER,BENNINGTON,,,,,1
453443.8312,73930.99816,4579,redacted,1.2495,Food Establishment,Lodging,,,MANCHESTER,BENNINGTON,,,,,1
453721.9079,74162.4077,4580,redacted,1.4175,Food Establishment,Restaurant,,,MANCHESTER,BENNINGTON,,,,,1
453730.719,74262.33559,4581,redacted,0.2625,Food Establishment,B&B,,,MANCHESTER,BENNINGTON,,,,,1
455446.3158,76706.14653,4582,redacted,0.756,Food Establishment,Concession Stand,Concession,,MANCHESTER,BENNINGTON,,,,,1
457623.7269,79125.26899,4583,redacted,0.13,Food Establishment,Bakery,,,MANCHESTER,BENNINGTON,,,,,1
453968.5659,74560.68696,4585,redacted,0.2205,Food Establishment,Restaurant,,,MANCHESTER,BENNINGTON,,,,,1
454100.3149,74804.21212,4586,redacted,0.13,Food Establishment,Bakery,,,MANCHESTER,BENNINGTON,,,,,1
454222.8035,74881.15576,4588,redacted,0.26,Food Establishment,Restaurant,,,MANCHESTER,BENNINGTON,,,,,1
454255.4766,74903.15567,4589,redacted,0.13,Food Establishment,Restaurant,Deli,,MANCHESTER,BENNINGTON,,,,,1
454361.4766,74946.88332,4591,redacted,0.525,Food Establishment,Restaurant,,,MANCHESTER,BENNINGTON,,,,,1
454435.0262,75001.93944,4593,redacted,0.26,Food Establishment,Bakery,,,MANCHESTER,BENNINGTON,,,,,1
454623.812,75267.31254,4595,redacted,0.05,Food Establishment,Caterer,,,MANCHESTER,BENNINGTON,,,,,1
454762.4733,75333.04821,4596,redacted,0.2415,Food Establishment,Restaurant,,,MANCHESTER,BENNINGTON,,,,,1
454795.3638,75388.37847,4597,redacted,0.84,Food Establishment,Restaurant,,,MANCHESTER,BENNINGTON,,,,,1
454803.4941,75388.32448,4598,redacted,0.336,Food Establishment,Restaurant,,,MANCHESTER,BENNINGTON,,,,,1
454819.6073,75365.99803,4601,redacted,0.903,Food Establishment,Restaurant,,,MANCHESTER,BENNINGTON,,,,,1
454803.7891,75432.76151,4602,redacted,0.525,Food Establishment,Restaurant,,,MANCHESTER,BENNINGTON,,,,,1
454860.4802,75399.05613,4603,redacted,0.168,Food Establishment,Restaurant,,,MANCHESTER,BENNINGTON,,,,,1
454933.9474,75443.00836,4604,redacted,0.18,Food Establishment,Convenience Store,,,MANCHESTER,BENNINGTON,,,,,1
455056.0483,75464.42063,4606,redacted,0.26,Food Establishment,Mobile Unit,,,MANCHESTER,BENNINGTON,,,,,1
455434.7524,74939.77367,4607,redacted,0.3465,Food Establishment,Restaurant,,,MANCHESTER,BENNINGTON,,,,,1
455178.2215,75496.94434,4608,redacted,0.945,Food Establishment,Restaurant,,,MANCHESTER,BENNINGTON,,,,,1
455434.4616,74895.33668,4609,redacted,0.1875,Food Establishment,,,,MANCHESTER,BENNINGTON,,,,,1
455750.9475,76048.68403,4611,redacted,,Food Manufacturer,Food Processor,,,MANCHESTER,BENNINGTON,,,,,1
455523.9744,74905.86109,4612,redacted,0.4305,Food Establishment,Restaurant,,,MANCHESTER,BENNINGTON,,,,,1
455845.0579,76770.20598,4613,redacted,0.26,Food Establishment,Restaurant,,,MANCHESTER,BENNINGTON,,,,,1
454352.3775,74802.5176,4614,redacted,0.72,Food Establishment,Bakery,,,MANCHESTER,BENNINGTON,,,,,1
457007.3353,78029.27281,4618,redacted,0.4725,Food Establishment,Restaurant,,,MANCHESTER,BENNINGTON,,,,,1
457393.5579,78704.53681,4620,redacted,0.42,Food Establishment,Restaurant,,,MANCHESTER,BENNINGTON,,,,,1
455913.8268,74836.66737,4621,redacted,,Food Manufacturer,Food Processor,,,MANCHESTER,BENNINGTON,,,,,1
450814.7508,69105.61573,4624,redacted,0.252,Food Establishment,Lodging,,,MANCHESTER,BENNINGTON,,,,,1
453485.9333,74141.79581,4625,redacted,0.13,Food Establishment,Restaurant,Bars/Pubs,,MANCHESTER,BENNINGTON,,,,,1
453321.469,73876.28692,4627,redacted,0.1225,Food Establishment,School,,,MANCHESTER,BENNINGTON,,,,,1
451696.1284,70599.12981,4628,redacted,,Food Manufacturer,Food Processor,,,MANCHESTER,BENNINGTON,,,,,1
454983.3902,75542.66892,4630,redacted,0.24747,School,School,,,MANCHESTER,BENNINGTON,,,,,1
457118.2636,74995.62063,4631,redacted,1.05,Food Establishment,Restaurant,,,MANCHESTER,BENNINGTON,,,,,1
455118.1609,75019.62138,4632,redacted,0.603636177,Food Manufacturer,Food Processor,,,MANCHESTER,BENNINGTON,,,,,1
451716.6495,71198.91043,4635,redacted,0.05,Food Establishment,Mobile Unit,,,MANCHESTER,BENNINGTON,,,,,1
454807.4214,74755.0432,4638,redacted,0.483,Nursing/Assisted Living,Residential Facility,,,MANCHESTER CENTER,BENNINGTON,,,,,1
454279.6456,74869.66408,4639,redacted,0.084,Food Establishment,Restaurant,,,MANCHESTER,BENNINGTON,,,,,1
454393.9257,74935.55614,4640,redacted,0.945,Food Establishment,Restaurant,,,MANCHESTER,BENNINGTON,,,,,1
454468.1438,75090.59587,4641,redacted,0.147,Food Establishment,Restaurant,,,MANCHESTER,BENNINGTON,,,,,1
454958.0442,75398.40991,4642,redacted,0.168,Food Establishment,Restaurant,,,MANCHESTER,BENNINGTON,,,,,1
456156.3819,77145.92422,4643,redacted,0.2625,Food Establishment,Restaurant,,,MANCHESTER,BENNINGTON,,,,,1
440382.3853,47713.51694,4644,redacted,0.042,Nursing/Assisted Living,Residential Facility,,,NORTH BENNINGTON,BENNINGTON,,,,,1
439639.7043,47742.22399,4645,redacted,0.084,Nursing/Assisted Living,Residential Facility,,,NORTH BENNINGTON,BENNINGTON,,,,,1
439034.327,47603.14592,4646,redacted,0.084,Food Establishment,B&B,,,BENNINGTON,BENNINGTON,,,,,1
443362.9983,41855.80065,4647,redacted,0.05,Food Establishment,Mobile Unit,,,BENNINGTON,BENNINGTON,,,,,1
439664.3563,46831.01577,4648,redacted,4.725,Food Establishment,Restaurant,,,NORTH BENNINGTON,BENNINGTON,,,,,1
439533.8216,46843.27322,4649,redacted,2.2365,Food Establishment,College/University,,,BENNINGTON,BENNINGTON,,,,,1
467742.9392,81313.86892,4650,redacted,0.18,Food Establishment,Grocery,Specialty foods,,PERU,BENNINGTON,,,,,1
465198.7288,79415.56822,4653,redacted,0.18,Food Establishment,Restaurant,,,PERU,BENNINGTON,,,,,1
464873.5385,79383.91168,4654,redacted,8.2845,Food Establishment,Restaurant,,,PERU,BENNINGTON,,,,,1
464531.3406,79207.93437,4655,redacted,1.89,Food Establishment,Lodging,,,PERU,BENNINGTON,,,,,1
467571.7165,81181.36875,4656,redacted,0.13,Food Establishment,Restaurant,Deli,,PERU,BENNINGTON,,,,,1
441499.4638,30228.74464,4658,redacted,0.13,Food Establishment,Home-based Business,,,POWNAL,BENNINGTON,,,,,1
441010.7339,33376.84498,4660,redacted,0.18,Food Establishment,Convenience Store,,,POWNAL,BENNINGTON,,,,,1
440101.0174,29418.64362,4663,redacted,0.72,Food Establishment,Grocery,,,POWNAL,BENNINGTON,,,,,1
441464.7418,28062.72994,4666,redacted,0.26,Food Establishment,Restaurant,,,POWNAL,BENNINGTON,,,,,1
441274.6848,33630.10818,4667,redacted,0.16046,Food Establishment,School,,,POWNAL,BENNINGTON,,,,,1
439780.6812,30232.41089,4668,redacted,0.05,Food Establishment,Private Club,,,POWNAL,BENNINGTON,,,,,1
463941.6405,30286.15109,4669,redacted,0.03164,Food Establishment,School,,,READSBORO,BENNINGTON,,,,,1
463067.0884,30501.84035,4670,redacted,0.18,Food Establishment,Convenience Store,,,READSBORO,BENNINGTON,,,,,1
463278.919,30322.97006,4671,redacted,0.21,Food Establishment,Restaurant,,,READSBORO,BENNINGTON,,,,,1
463417.9864,30311.1231,4672,redacted,0.7875,Food Establishment,B&B,,,READSBORO,BENNINGTON,,,,,1
457804.6161,34486.77206,4673,redacted,0.05,Food Establishment,Caterer,,,READSBORO,BENNINGTON,,,,,1
439700.6976,82304.79922,4674,redacted,0.13,Food Establishment,Bakery,,,RUPERT,BENNINGTON,,,,,1
438365.7882,81105.75657,4677,redacted,0.0525,Food Establishment,Convenience Store,,,RUPERT,BENNINGTON,,,,,1
443289.872,72419.24593,4678,redacted,0.504,Food Establishment,Lodging,,,SANDGATE,BENNINGTON,,,,,1
440833.3833,53619.96523,4679,redacted,0.603636177,Food Manufacturer,Food Processor,,,SHAFTSBURY,BENNINGTON,,,,,1
441881.3043,49256.01287,4680,redacted,0.05,Food Establishment,Caterer,,,SHAFTSBURY,BENNINGTON,,,,,1
441996.138,50288.23688,4681,redacted,0.18,Food Establishment,Convenience Store,,,SHAFTSBURY,BENNINGTON,,,,,1
442219.6718,49697.54079,4682,redacted,0.14577,Food Establishment,School,,,SHAFTSBURY,BENNINGTON,,,,,1
441698.683,49857.48178,4684,redacted,0.055,Food Establishment,Home-based Business,,,SHAFTSBURY,BENNINGTON,,,,,1
444631.3216,58265.40188,4686,redacted,0.13,Food Establishment,Concession Stand,Concession,,SHAFTSBURY,BENNINGTON,,,,,1
443175.7099,56721.96963,4687,redacted,0.13,Food Establishment,Bakery,,,SHAFTSBURY,BENNINGTON,,,,,1
439812.0371,52495.66272,4688,redacted,0.105,Food Establishment,Lodging,,,SHAFTSBURY,BENNINGTON,,,,,1
443291.2366,219910.7108,4689,redacted,1.9215,Food Establishment,Caterer,,,BURLINGTON,CHITTENDEN,,,,,1
443171.2205,219833.9696,4690,redacted,1.68,Food Establishment,Restaurant,,,BURLINGTON,CHITTENDEN,,,,,1
443107.865,219867.8612,4691,redacted,0.525,Food Establishment,Restaurant,,,BURLINGTON,CHITTENDEN,,,,,1
443330.7252,219877.0288,4693,redacted,2.2155,Food Establishment,Restaurant,,,BURLINGTON,CHITTENDEN,,,,,1
440641.8966,223412.6297,4694,redacted,0.1785,Nursing/Assisted Living,Residential Facility,,,BURLINGTON,CHITTENDEN,,,,,1
443290.9461,219877.3754,4695,redacted,0.26,Food Establishment,Restaurant,,,BURLINGTON,CHITTENDEN,,,,,1
438856.1456,225473.9488,4697,redacted,0.05,Food Establishment,Caterer,,,BURLINGTON,CHITTENDEN,,,,,1
442971.9665,220702.4989,4698,redacted,0.12091,Food Establishment,School,,,BURLINGTON,CHITTENDEN,,,,,1
442781.3824,219837.3865,4700,redacted,1.3125,Food Establishment,Restaurant,,,BURLINGTON,CHITTENDEN,,,,,1
443115.8208,219867.7917,4701,redacted,0.18,Food Establishment,Grocery,,,BURLINGTON,CHITTENDEN,,,,,1
441046.0134,223253.3725,4704,redacted,0.13,Food Establishment,Bakery,,,BURLINGTON,CHITTENDEN,,,,,1
442902.01,218169.4343,4705,redacted,0.42,Food Establishment,Restaurant,,,BURLINGTON,CHITTENDEN,,,,,1
443156.7651,220000.7853,4709,redacted,0.26,Food Establishment,Restaurant,,,BURLINGTON,CHITTENDEN,,,,,1
440380.2117,224359.6116,4711,redacted,0.13,Food Establishment,Bakery,,,BURLINGTON,CHITTENDEN,,,,,1
443330.5316,219854.8053,4712,redacted,0.4305,Food Establishment,Restaurant,,,BURLINGTON,CHITTENDEN,,,,,1
443238.5518,220255.6616,4713,redacted,0.168,Food Establishment,Restaurant,,,BURLINGTON,CHITTENDEN,,,,,1
443186.6471,219778.2718,4714,redacted,0.13,Food Establishment,Restaurant,Bars/Pubs,,BURLINGTON,CHITTENDEN,,,,,1
443330.338,219832.5817,4717,redacted,0.26,Food Establishment,Restaurant,,,BURLINGTON,CHITTENDEN,,,,,1
443330.338,219832.5817,4718,redacted,0.5145,Food Establishment,Restaurant,,,BURLINGTON,CHITTENDEN,,,,,1
443330.4348,219843.6935,4719,redacted,1.05525,Food Establishment,Bar,Bars/Pubs,,BURLINGTON,CHITTENDEN,,,,,1
440432.1968,223959.0745,4720,redacted,0.139795,Food Establishment,School,,,BURLINGTON,CHITTENDEN,,,,,1
443234.0919,219744.5198,4721,redacted,0.945,Food Establishment,Restaurant,,,BURLINGTON,CHITTENDEN,,,,,1
442892.5159,220714.3086,4722,redacted,0.4095,Food Establishment,Bakery,,,BURLINGTON,CHITTENDEN,,,,,1
440208.6524,223861.1127,4723,redacted,0.72,Food Establishment,Restaurant,,,BURLINGTON,CHITTENDEN,,,,,1
440208.6524,223861.1127,4724,redacted,0.05,Food Establishment,Caterer,,,BURLINGTON,CHITTENDEN,,,,,1
439997.6701,224263.1182,4725,redacted,0.05,Food Establishment,Caterer,,,BURLINGTON,CHITTENDEN,,,,,1
444073.9603,220259.5383,4726,redacted,0.002625,School,School,,,BURLINGTON,CHITTENDEN,,,,,1
443308.3102,220043.9134,4727,redacted,0.18375,Food Establishment,Bakery,,,BURLINGTON,CHITTENDEN,,,,,1
443433.7325,220742.917,4728,redacted,0.13,Food Establishment,Bakery,,,BURLINGTON,CHITTENDEN,,,,,1
443164.0412,219922.9334,4731,redacted,0,Food Establishment,Restaurant,Brewer,,BURLINGTON,CHITTENDEN,,,,,1
443020.1821,220757.6395,4733,redacted,0.05,Food Establishment,Caterer,,,BURLINGTON,CHITTENDEN,,,,,1
444321.9701,219490.6421,4734,redacted,0.05,Food Establishment,Caterer,,,BURLINGTON,CHITTENDEN,,,,,1
443415.793,220509.7078,4735,redacted,0.055,Food Establishment,Caterer,,,BURLINGTON,CHITTENDEN,,,,,1
443386.0039,220743.3323,4736,redacted,0.26,Food Establishment,Restaurant,,,BURLINGTON,CHITTENDEN,,,,,1
443330.1445,219810.3582,4738,redacted,0.882,Food Establishment,Restaurant,,,BURLINGTON,CHITTENDEN,,,,,1
443194.9925,220733.8851,4740,redacted,0.525,Food Establishment,Restaurant,,,BURLINGTON,CHITTENDEN,,,,,1
443379.3305,219976.6192,4741,redacted,1.05,Food Establishment,Restaurant,,,BURLINGTON,CHITTENDEN,,,,,1
443115.8208,219867.7917,4742,redacted,1.575,Food Establishment,Restaurant,,,BURLINGTON,CHITTENDEN,,,,,1
439470.5564,224012.413,4743,redacted,0.05,Food Establishment,Caterer,,,BURLINGTON,CHITTENDEN,,,,,1
442732.6371,220626.8131,4744,redacted,0.05,Food Establishment,Mobile Unit,,,BURLINGTON,CHITTENDEN,,,,,1
443349.1527,220165.7965,4745,redacted,0.735,Food Establishment,Restaurant,,,BURLINGTON,CHITTENDEN,,,,,1
446448.0552,222584.3096,4746,redacted,,Food Manufacturer,Sweets,,,COLCHESTER,CHITTENDEN,,,,,1
444728.0928,220465.0865,4747,redacted,0.04972,School,School,,,BURLINGTON,CHITTENDEN,,,,,1
443217.792,219700.2116,4749,redacted,1.3125,Food Establishment,Restaurant,,,BURLINGTON,CHITTENDEN,,,,,1
443217.792,219700.2116,4750,redacted,0.44625,Food Establishment,Bar,Bars/Pubs,,BURLINGTON,CHITTENDEN,,,,,1
443258.0568,219755.4234,4751,redacted,0.2625,Food Establishment,Restaurant,,,BURLINGTON,CHITTENDEN,,,,,1
439747.2737,224698.8353,4753,redacted,0.13,Food Establishment,Bakery,,,BURLINGTON,CHITTENDEN,,,,,1
443236.3218,220000.0907,4754,redacted,0.945,Food Establishment,Restaurant,,,BURLINGTON,CHITTENDEN,,,,,1
443273.9687,219755.2846,4755,redacted,0.05,Food Establishment,Caterer,,,BURLINGTON,CHITTENDEN,,,,,1
439845.7876,224175.6203,4757,redacted,0.055,Food Establishment,Caterer,,,BURLINGTON,CHITTENDEN,,,,,1
443329.9509,219788.1346,4758,redacted,0.84,Food Establishment,Restaurant,,,BURLINGTON,CHITTENDEN,,,,,1
443217.695,219689.0998,4759,redacted,0.7875,Food Establishment,Restaurant,,,BURLINGTON,CHITTENDEN,,,,,1
439806.4464,224220.4359,4760,redacted,0.1875,Food Establishment,Caterer,,,BURLINGTON,CHITTENDEN,,,,,1
443281.9247,219755.2153,4761,redacted,0.7875,Food Establishment,Restaurant,,,BURLINGTON,CHITTENDEN,,,,,1
443317.815,220221.6326,4762,redacted,2.3625,Food Establishment,Restaurant,,,BURLINGTON,CHITTENDEN,,,,,1
443430.1569,220331.7809,4763,redacted,0.588,Food Establishment,Restaurant,,,BURLINGTON,CHITTENDEN,,,,,1
443252.6209,220044.399,4764,redacted,2.4465,Food Establishment,Restaurant,,,BURLINGTON,CHITTENDEN,,,,,1
442642.1679,217582.7507,4766,redacted,,Food Establishment,Restaurant,Brewer,,BURLINGTON,CHITTENDEN,,,,,1
444236.6414,219746.9623,4770,redacted,0.05,Food Establishment,Caterer,,,BURLINGTON,CHITTENDEN,,,,,1
443297.6429,219732.853,4771,redacted,1.0185,Food Establishment,Bar,Bars/Pubs,,BURLINGTON,CHITTENDEN,,,,,1
443289.8806,219755.1459,4772,redacted,0.1575,Food Establishment,Restaurant,,,BURLINGTON,CHITTENDEN,,,,,1
439577.2239,224367.0302,4773,redacted,0.19775,Food Establishment,School,,,BURLINGTON,CHITTENDEN,,,,,1
443297.6429,219732.853,4775,redacted,1.05,Food Establishment,Restaurant,,,BURLINGTON,CHITTENDEN,,,,,1
443091.7749,220757.0127,4776,redacted,0.05,Food Establishment,Caterer,,,BURLINGTON,CHITTENDEN,,,,,1
443297.8366,219755.0766,4777,redacted,0.924,Food Establishment,Restaurant,,,BURLINGTON,CHITTENDEN,,,,,1
443404.551,220131.9764,4778,redacted,0.7245,Food Establishment,Mobile Unit,,,BURLINGTON,CHITTENDEN,,,,,1
443305.5021,219721.6719,4779,redacted,1.029,Food Establishment,Restaurant,,,BURLINGTON,CHITTENDEN,,,,,1
443275.1313,219888.6259,4781,redacted,0.26,Food Establishment,Restaurant,,,BURLINGTON,CHITTENDEN,,,,,1
443345.9595,219799.1078,4783,redacted,0.42,Food Establishment,Restaurant,,,BURLINGTON,CHITTENDEN,,,,,1
443305.3085,219699.4484,4784,redacted,0.2625,Food Establishment,Restaurant,,,BURLINGTON,CHITTENDEN,,,,,1
443020.5715,220802.0867,4785,redacted,0.05,Food Establishment,Caterer,,,BURLINGTON,CHITTENDEN,,,,,1
442814.378,219970.4481,4786,redacted,1.05,Food Establishment,Restaurant,,,BURLINGTON,CHITTENDEN,,,,,1
442803.1987,219603.8294,4788,redacted,1.029,Food Establishment,Restaurant,,,BURLINGTON,CHITTENDEN,,,,,1
439507.8434,224601.0451,4789,redacted,0.0315,Nursing/Assisted Living,Residential Facility,,,BURLINGTON,CHITTENDEN,,,,,1
443361.8713,219798.9693,4790,redacted,0.441,Food Establishment,Restaurant,,,BURLINGTON,CHITTENDEN,,,,,1
443147.5553,220767.6375,4791,redacted,0.18,Food Establishment,Grocery,Specialty foods,,BURLINGTON,CHITTENDEN,,,,,1
443373.793,220254.4829,4793,redacted,2.0475,Food Establishment,Restaurant,,,BURLINGTON,CHITTENDEN,,,,,1
443405.5177,220243.0942,4794,redacted,0.315,Food Establishment,Restaurant,,,BURLINGTON,CHITTENDEN,,,,,1
443432.0255,219631.6697,4795,redacted,,Food Manufacturer,Dairy,Milk,,BURLINGTON,CHITTENDEN,,,,,1
443377.7832,219798.8308,4796,redacted,2.7825,Food Establishment,Restaurant,,,BURLINGTON,CHITTENDEN,,,,,1
443355.7537,220010.1623,4797,redacted,0.4725,Food Establishment,Restaurant,,,BURLINGTON,CHITTENDEN,,,,,1
443103.3107,220256.8431,4799,redacted,0.525,Food Establishment,Restaurant,,,BURLINGTON,CHITTENDEN,,,,,1
443385.7391,219798.7615,4800,redacted,0.315,Food Establishment,Restaurant,Bars/Pubs,,BURLINGTON,CHITTENDEN,,,,,1
443179.3742,220767.3594,4801,redacted,0.05,Food Establishment,Caterer,,,BURLINGTON,CHITTENDEN,,,,,1
443393.695,219798.6923,4803,redacted,0.4725,Food Establishment,Restaurant,,,BURLINGTON,CHITTENDEN,,,,,1
443318.0086,220243.8561,4805,redacted,0.1875,Food Establishment,Caterer,,,BURLINGTON,CHITTENDEN,,,,,1
444665.0354,219598.8412,4809,redacted,5.565,Food Establishment,Restaurant,,,BURLINGTON,CHITTENDEN,,,,,1
442433.9895,221040.618,4810,redacted,0.05,Food Establishment,Caterer,,,BURLINGTON,CHITTENDEN,,,,,1
442433.9895,221040.618,4811,redacted,0.13,Food Establishment,Bakery,,,BURLINGTON,CHITTENDEN,,,,,1
440685.3906,222078.7023,4812,redacted,0.05,Food Establishment,Caterer,,,BURLINGTON,CHITTENDEN,,,,,1
442918.1357,220914.1114,4813,redacted,0.05,Food Establishment,Caterer,,,BURLINGTON,CHITTENDEN,,,,,1
443474.6652,220875.9127,4814,redacted,0.13,Food Establishment,Bakery,,,BURLINGTON,CHITTENDEN,,,,,1
443474.6652,220875.9127,4815,redacted,0.231,Food Establishment,Restaurant,,,BURLINGTON,CHITTENDEN,,,,,1
443901.3409,219616.4937,4816,redacted,0.063,Food Establishment,B&B,,,BURLINGTON,CHITTENDEN,,,,,1
443378.5568,219887.725,4817,redacted,0.378,Food Establishment,Restaurant,,,BURLINGTON,CHITTENDEN,,,,,1
443409.6069,219798.5539,4818,redacted,0.7875,Food Establishment,Restaurant,,,BURLINGTON,CHITTENDEN,,,,,1
443680.3476,217984.8522,4819,redacted,0.189,Food Establishment,Bakery,,,BURLINGTON,CHITTENDEN,,,,,1
444918.8267,220441.2434,4820,redacted,0.84,Food Establishment,Restaurant,,,BURLINGTON,CHITTENDEN,,,,,1
442849.3851,217614.2662,4821,redacted,0.13,Food Establishment,Restaurant,Deli,,BURLINGTON,CHITTENDEN,,,,,1
442849.3851,217614.2662,4822,redacted,0.315,Food Establishment,Caterer,,,BURLINGTON,CHITTENDEN,,,,,1
443522.4893,220886.6099,4823,redacted,0.18,Food Establishment,Grocery,"Beer, wine, liquor store",,BURLINGTON,CHITTENDEN,,,,,1
443671.7164,217907.1389,4824,redacted,0.525,Food Establishment,Bakery,,,BURLINGTON,CHITTENDEN,,,,,1
443402.4243,219887.5173,4825,redacted,0.525,Food Establishment,Bakery,,,BURLINGTON,CHITTENDEN,,,,,1
443410.3801,219887.4481,4827,redacted,0.525,Food Establishment,Restaurant,,,BURLINGTON,CHITTENDEN,,,,,1
442857.5256,219447.7753,4828,redacted,0.05,Food Establishment,Caterer,,,BURLINGTON,CHITTENDEN,,,,,1
440087.4027,222784.2897,4829,redacted,0.357,Food Establishment,Mobile Unit,,,BURLINGTON,CHITTENDEN,,,,,1
443410.3801,219887.4481,4830,redacted,0.231,Food Establishment,Bakery,,,BURLINGTON,CHITTENDEN,,,,,1
443472.7715,219742.4417,4831,redacted,0.26,Food Establishment,Caterer,,,BURLINGTON,CHITTENDEN,,,,,1
443472.7715,219742.4417,4832,redacted,0.26,Food Establishment,Restaurant,,,BURLINGTON,CHITTENDEN,,,,,1
440541.5583,224613.7271,4833,redacted,0.05,Food Establishment,Caterer,,,BURLINGTON,CHITTENDEN,,,,,1
443261.8298,221100.0188,4834,redacted,0.1875,Food Establishment,Convenience Store,,,BURLINGTON,CHITTENDEN,,,,,1
439376.1522,223268.7349,4835,redacted,0.05,Food Establishment,Caterer,,,BURLINGTON,CHITTENDEN,,,,,1
442614.0977,220716.7591,4836,redacted,0.378,Food Establishment,Restaurant,,,BURLINGTON,CHITTENDEN,,,,,1
443858.0208,221050.3942,4837,redacted,0.05,Food Establishment,Caterer,,,BURLINGTON,CHITTENDEN,,,,,1
436367.7115,272007.2639,4839,redacted,0.26,Food Manufacturer,Food Processor,,,BURLINGTON,CHITTENDEN,,,,,1
443581.1142,220308.2446,4840,redacted,0.18,Food Establishment,Grocery,"Beer, wine, liquor store",,BURLINGTON,CHITTENDEN,,,,,1
443545.0503,219819.6024,4841,redacted,0.26,Food Establishment,Restaurant,,,BURLINGTON,CHITTENDEN,,,,,1
443183.057,219367.1363,4843,redacted,0.26,Food Establishment,Restaurant,,,BURLINGTON,CHITTENDEN,,,,,1
442855.3279,220103.4399,4844,redacted,0.588,Food Establishment,Lodging,,,BURLINGTON,CHITTENDEN,,,,,1
440048.8596,224640.481,4845,redacted,0.05,Food Establishment,Caterer,,,BURLINGTON,CHITTENDEN,,,,,1
447484.1799,227776.5495,4846,redacted,0.05,Food Establishment,Caterer,,,BURLINGTON,CHITTENDEN,,,,,1
447484.1799,227776.5495,4847,redacted,0.05,Food Establishment,Caterer,,,BURLINGTON,CHITTENDEN,,,,,1
442944.5584,219391.4484,4848,redacted,0.18,Food Establishment,Grocery,"Beer, wine, liquor store",,BURLINGTON,CHITTENDEN,,,,,1
443378.2426,220765.6251,4849,redacted,0.26,Food Establishment,Caterer,,,BURLINGTON,CHITTENDEN,,,,,1
444321.5898,219446.195,4850,redacted,0.05,Food Establishment,Caterer,,,BURLINGTON,CHITTENDEN,,,,,1
443963.2674,219415.9333,4851,redacted,1.826645,Food Establishment,Caterer,,,BURLINGTON,CHITTENDEN,,,,,1
443342.3794,219387.9723,4852,redacted,0.3465,Nursing/Assisted Living,Residential Facility,,,BURLINGTON,CHITTENDEN,,,,,1
445094.7773,220550.8816,4853,redacted,0.055,Food Establishment,Caterer,,,BURLINGTON,CHITTENDEN,,,,,1
443647.6107,219718.6998,4854,redacted,0.138335,Food Establishment,School,,,BURLINGTON,CHITTENDEN,,,,,1
442630.3013,220749.9542,4855,redacted,0.13,Food Establishment,Restaurant,Bars/Pubs,,BURLINGTON,CHITTENDEN,,,,,1
444719.0989,220342.9245,4856,redacted,0.05,Food Establishment,Caterer,,,BURLINGTON,CHITTENDEN,,,,,1
443649.4769,218096.2452,4858,redacted,0.26,Food Establishment,Restaurant,,,BURLINGTON,CHITTENDEN,,,,,1
443649.4769,218096.2452,4859,redacted,0.26,Food Establishment,Restaurant,,,BURLINGTON,CHITTENDEN,,,,,1
443681.6472,219973.995,4861,redacted,0.05,Food Establishment,Private Club,,,BURLINGTON,CHITTENDEN,,,,,1
443719.1187,219706.9682,4862,redacted,0.20905,School,School,,,BURLINGTON,CHITTENDEN,,,,,1
442895.886,220191.9848,4863,redacted,0.15225,Nursing/Assisted Living,Residential Facility,,,BURLINGTON,CHITTENDEN,,,,,1
443317.5245,220188.2972,4864,redacted,0.18,Food Establishment,Grocery,Specialty foods,,BURLINGTON,CHITTENDEN,,,,,1
442844.7366,219803.4918,4865,redacted,0.26,Food Establishment,Restaurant,,,BURLINGTON,CHITTENDEN,,,,,1
442630.3013,220749.9542,4867,redacted,0.042,Food Establishment,Restaurant,,,BURLINGTON,CHITTENDEN,,,,,1
443780.4768,220362.0816,4868,redacted,0.6615,Nursing/Assisted Living,Residential Facility,,,BURLINGTON,CHITTENDEN,,,,,1
443930.4844,219305.0898,4869,redacted,0.05,Food Establishment,Caterer,,,BURLINGTON,CHITTENDEN,,,,,1
439045.9042,224516.4604,4870,redacted,0.05,Food Establishment,Caterer,,,BURLINGTON,CHITTENDEN,,,,,1
443157.6346,219189.5565,4871,redacted,0.2625,Food Establishment,Restaurant,,,BURLINGTON,CHITTENDEN,,,,,1
443747.3322,221129.1391,4872,redacted,0.05,Food Establishment,Caterer,,,BURLINGTON,CHITTENDEN,,,,,1
443581.6722,217618.9917,4873,redacted,0.0525,Food Establishment,Restaurant,Deli,,BURLINGTON,CHITTENDEN,,,,,1
443182.8704,217522.4467,4874,redacted,0.063,Food Establishment,Restaurant,Deli,,BURLINGTON,CHITTENDEN,,,,,1
444685.6546,221087.7525,4875,redacted,1.8375,Food Establishment,Mobile Unit,,,BURLINGTON,CHITTENDEN,,,,,1
443308.908,219199.3495,4876,redacted,0.084,Nursing/Assisted Living,Residential Facility,,,BURLINGTON,CHITTENDEN,,,,,1
443418.3063,220798.6144,4877,redacted,0.2625,Food Establishment,Restaurant,,,BURLINGTON,CHITTENDEN,,,,,1
443418.3063,220798.6144,4878,redacted,0.72,Food Establishment,Grocery,,,BURLINGTON,CHITTENDEN,,,,,1
442214.1294,221364.8355,4879,redacted,0.13,Food Establishment,Caterer,Deli,,BURLINGTON,CHITTENDEN,,,,,1
439695.0355,224210.3562,4880,redacted,0.05,Food Establishment,Caterer,,,BURLINGTON,CHITTENDEN,,,,,1
440924.8472,223921.2384,4881,redacted,0.16385,Food Establishment,School,,,BURLINGTON,CHITTENDEN,,,,,1
440209.7771,223983.343,4882,redacted,0.05,Food Establishment,Caterer,,,BURLINGTON,CHITTENDEN,,,,,1
443857.6295,219161.2543,4883,redacted,0.2625,Food Establishment,Lodging,,,BURLINGTON,CHITTENDEN,,,,,1
443317.3308,220166.0737,4885,redacted,0.13,Food Establishment,Bakery,,,BURLINGTON,CHITTENDEN,,,,,1
443353.7219,219776.815,4886,redacted,0.231,Food Establishment,B&B,,,BURLINGTON,CHITTENDEN,,,,,1
438892.0226,225062.4355,4887,redacted,0.13,Food Establishment,Bakery,,,BURLINGTON,CHITTENDEN,,,,,1
443667.5822,217429.3342,4888,redacted,0.26,Food Establishment,Restaurant,,,BURLINGTON,CHITTENDEN,,,,,1
443667.5822,217429.3342,4889,redacted,0.105,Food Establishment,Restaurant,Deli,,BURLINGTON,CHITTENDEN,,,,,1
443980.0412,219515.8022,4890,redacted,0.26,Food Establishment,Restaurant,,,BURLINGTON,CHITTENDEN,,,,,1
442996.6519,218979.825,4891,redacted,0.13125,Food Establishment,Bakery,,,BURLINGTON,CHITTENDEN,,,,,1
443076.3183,218990.2403,4892,redacted,0.13,Food Establishment,Bakery,,,BURLINGTON,CHITTENDEN,,,,,1
443131.9196,218978.6416,4893,redacted,0.05775,Food Establishment,Bakery,,,BURLINGTON,CHITTENDEN,,,,,1
443069.4471,220023.7741,4895,redacted,0.05,Food Establishment,Caterer,,,BURLINGTON,CHITTENDEN,,,,,1
443429.867,220298.4455,4896,redacted,0.6825,Food Establishment,Restaurant,,,BURLINGTON,CHITTENDEN,,,,,1
443051.8642,218923.7786,4899,redacted,0.05,Food Establishment,Caterer,,,BURLINGTON,CHITTENDEN,,,,,1
447308.6719,216898.7887,4901,redacted,0.63,Food Establishment,Lodging,,,BURLINGTON,CHITTENDEN,,,,,1
443123.0886,218878.7053,4902,redacted,0.26,Food Establishment,Restaurant,,,BURLINGTON,CHITTENDEN,,,,,1
443324.8991,220121.5572,4904,redacted,0.625,Food Establishment,Caterer,,,BURLINGTON,CHITTENDEN,,,,,1
443324.8991,220121.5572,4905,redacted,0.26,Food Establishment,Restaurant,,,BURLINGTON,CHITTENDEN,,,,,1
443247.8644,220411.1572,4906,redacted,0.021,Food Establishment,Restaurant,,,BURLINGTON,CHITTENDEN,,,,,1
442826.2403,220414.8494,4907,redacted,0.13,Food Establishment,Restaurant,Deli,,BURLINGTON,CHITTENDEN,,,,,1
439576.1904,224255.9117,4909,redacted,0.756,Nursing/Assisted Living,Residential Facility,,,BURLINGTON,CHITTENDEN,,,,,1
444383.3902,221090.3305,4910,redacted,0.13,Food Establishment,Bakery,,,BURLINGTON,CHITTENDEN,,,,,1
444332.7498,218890.4707,4911,redacted,0.05,Food Establishment,Caterer,,,BURLINGTON,CHITTENDEN,,,,,1
444280.1743,221113.4392,4912,redacted,0.055,Food Establishment,Caterer,,,BURLINGTON,CHITTENDEN,,,,,1
443846.7005,218816.8584,4914,redacted,0.13,Food Establishment,Bakery,,,BURLINGTON,CHITTENDEN,,,,,1
438452.043,272898.2054,4915,redacted,0.05,Food Establishment,Caterer,,,BURLINGTON,CHITTENDEN,,,,,1
444233.1155,221191.6309,4917,redacted,0.21,Food Establishment,Bakery,,,BURLINGTON,CHITTENDEN,,,,,1
440128.5648,224661.9715,4918,redacted,,Food Manufacturer,Sweets,,,BURLINGTON,CHITTENDEN,,,,,1
443284.8308,220088.5686,4920,redacted,0.05,Food Establishment,Caterer,,,BURLINGTON,CHITTENDEN,,,,,1
443284.8308,220088.5686,4921,redacted,0.05,Food Establishment,Caterer,,,BURLINGTON,CHITTENDEN,,,,,1
443284.8308,220088.5686,4922,redacted,0.05,Food Establishment,Caterer,,,BURLINGTON,CHITTENDEN,,,,,1
443284.8308,220088.5686,4923,redacted,0.2625,Food Establishment,Restaurant,,,BURLINGTON,CHITTENDEN,,,,,1
442994.244,219613.2654,4924,redacted,0.05,Food Establishment,Caterer,,,BURLINGTON,CHITTENDEN,,,,,1
440787.8076,224589.2523,4925,redacted,0.05,Food Establishment,Caterer,,,BURLINGTON,CHITTENDEN,,,,,1
443318.5755,221221.763,4926,redacted,0.05,Food Establishment,Caterer,,,BURLINGTON,CHITTENDEN,,,,,1
444169.1957,221158.8415,4927,redacted,0.055,Food Establishment,Caterer,,,BURLINGTON,CHITTENDEN,,,,,1
444169.1957,221158.8415,4928,redacted,0.18,Food Establishment,Caterer,,,BURLINGTON,CHITTENDEN,,,,,1
444161.8139,221225.5806,4930,redacted,0.05,Food Establishment,Caterer,,,BURLINGTON,CHITTENDEN,,,,,1
444161.8139,221225.5806,4931,redacted,0.05,Food Establishment,Restaurant,,,BURLINGTON,CHITTENDEN,,,,,1
441520.2726,222048.9135,4932,redacted,0.1875,Food Establishment,Caterer,,,BURLINGTON,CHITTENDEN,,,,,1
441520.2726,222048.9135,4933,redacted,0.1876,Food Establishment,School,,,BURLINGTON,CHITTENDEN,,,,,1
443889.7413,220116.6608,4934,redacted,0.05,Food Establishment,Caterer,,,BURLINGTON,CHITTENDEN,,,,,1
439966.3815,224318.9713,4935,redacted,0.05,Food Establishment,Caterer,,,BURLINGTON,CHITTENDEN,,,,,1
443491.4286,219142.1989,4937,redacted,0.05,Food Establishment,Caterer,,,BURLINGTON,CHITTENDEN,,,,,1
443509.9065,216686.1586,4939,redacted,2.688,Food Establishment,Restaurant,,,BURLINGTON,CHITTENDEN,,,,,1
442740.9946,217959.7092,4940,redacted,0.05,Food Establishment,Caterer,,,BURLINGTON,CHITTENDEN,,,,,1
444657.2868,218687.6767,4941,redacted,2.625,Food Establishment,Restaurant,,,BURLINGTON,CHITTENDEN,,,,,1
443637.839,216751.7254,4942,redacted,0.4305,Food Establishment,Restaurant,,,BURLINGTON,CHITTENDEN,,,,,1
444580.1681,219910.7158,4943,redacted,0.13,Food Establishment,Bakery,,,BURLINGTON,CHITTENDEN,,,,,1
444580.1681,219910.7158,4944,redacted,0.26,Food Establishment,Restaurant,,,BURLINGTON,CHITTENDEN,,,,,1
444580.1681,219910.7158,4945,redacted,0.13,Food Establishment,Restaurant,Deli,,BURLINGTON,CHITTENDEN,,,,,1
443415.7415,216842.5519,4948,redacted,0.72,Food Establishment,Bakery,,,BURLINGTON,CHITTENDEN,,,,,1
444634.1564,219710.2297,4949,redacted,0.05,Food Establishment,Restaurant,,,BURLINGTON,CHITTENDEN,,,,,1
443214.2009,221111.5472,4950,redacted,0.168935,Food Establishment,School,,,BURLINGTON,CHITTENDEN,,,,,1
442862.5027,220014.4758,4951,redacted,0.26,Food Establishment,Restaurant,,,BURLINGTON,CHITTENDEN,,,,,1
442862.5027,220014.4758,4953,redacted,6.3,Food Establishment,Lodging,,,BURLINGTON,CHITTENDEN,,,,,1
442734.9187,219982.2596,4954,redacted,1.995,Food Establishment,Mobile Unit,,,BURLINGTON,CHITTENDEN,,,,,1
442931.6669,219736.0529,4957,redacted,0.4725,Food Establishment,Bakery,,,BURLINGTON,CHITTENDEN,,,,,1
443293.5613,220177.3934,4958,redacted,,Food Manufacturer,Sweets,,,BURLINGTON,CHITTENDEN,,,,,1
443343.3709,218587.8562,4959,redacted,0.05,Food Establishment,Caterer,,,BURLINGTON,CHITTENDEN,,,,,1
443172.1911,218122.6196,4961,redacted,0.462,Food Establishment,Bakery,,,BURLINGTON,CHITTENDEN,,,,,1
443092.32,218089.9796,4962,redacted,0.055,Food Establishment,Caterer,,,BURLINGTON,CHITTENDEN,,,,,1
443549.729,221275.3156,4963,redacted,0.05,Food Establishment,Caterer,,,BURLINGTON,CHITTENDEN,,,,,1
443412.9621,221098.702,4964,redacted,0.72,Food Establishment,Grocery,,,BURLINGTON,CHITTENDEN,,,,,1
442904.5241,220269.6975,4966,redacted,,Food Manufacturer,Food Processor,,,BURLINGTON,CHITTENDEN,,,,,1
443179.4701,218044.7679,4967,redacted,0.084,Food Establishment,Restaurant,,,BURLINGTON,CHITTENDEN,,,,,1
443171.124,218000.3904,4969,redacted,0.63,Food Establishment,Bakery,,,BURLINGTON,CHITTENDEN,,,,,1
445097.5744,219939.6665,4970,redacted,0.05,Food Establishment,Home-based Business,,,BURLINGTON,CHITTENDEN,,,,,1
443292.399,220044.0521,4971,redacted,1.05,Food Establishment,Restaurant,,,BURLINGTON,CHITTENDEN,,,,,1
443431.7031,220509.5694,4972,redacted,0.042,Nursing/Assisted Living,Residential Facility,,,BURLINGTON,CHITTENDEN,,,,,1
442969.5964,219524.5804,4973,redacted,0.2625,Food Establishment,Restaurant,,,BURLINGTON,CHITTENDEN,,,,,1
443396.0154,220065.3749,4974,redacted,0.18,Food Establishment,Grocery,,,BURLINGTON,CHITTENDEN,,,,,1
443185.8765,217866.9105,4975,redacted,,Food Manufacturer,Sweets,,,BURLINGTON,CHITTENDEN,,,,,1
443185.8765,217866.9105,4976,redacted,,Food Manufacturer,Sweets,,,BURLINGTON,CHITTENDEN,,,,,1
442920.4348,220269.5578,4980,redacted,0.21,Food Establishment,Bakery,,,BURLINGTON,CHITTENDEN,,,,,1
443063.5338,220257.1911,4981,redacted,0.05,Food Establishment,Home-based Business,,,BURLINGTON,CHITTENDEN,,,,,1
443430.0603,220320.6691,4983,redacted,0.525,Food Establishment,Restaurant,,,BURLINGTON,CHITTENDEN,,,,,1
443323.931,220010.4394,4984,redacted,0.42,Food Establishment,Restaurant,,,BURLINGTON,CHITTENDEN,,,,,1
443239.9376,217677.525,4985,redacted,0.063845,Food Establishment,School,,,BURLINGTON,CHITTENDEN,,,,,1
455605.4248,216114.6458,4986,redacted,0.05,Food Establishment,Caterer,,,BURLINGTON,CHITTENDEN,,,,,1
444032.2716,220037.6448,4987,redacted,0.13,Food Establishment,Bakery,,,BURLINGTON,CHITTENDEN,,,,,1
443451.3182,220020.4435,4989,redacted,0.231,Food Establishment,Restaurant,,,BURLINGTON,CHITTENDEN,,,,,1
443451.3182,220020.4435,4990,redacted,0.13,Food Establishment,Restaurant,Deli,,BURLINGTON,CHITTENDEN,,,,,1
443071.392,220246.0097,4993,redacted,0.05,Food Establishment,Caterer,,,BURLINGTON,CHITTENDEN,,,,,1
443128.033,217622.9387,4994,redacted,0.042,Nursing/Assisted Living,Residential Facility,,,BURLINGTON,CHITTENDEN,,,,,1
443193.3427,220544.9847,4995,redacted,0.05,Food Establishment,Caterer,,,BURLINGTON,CHITTENDEN,,,,,1
444223.1112,220024.8931,4996,redacted,0.4725,Food Establishment,Restaurant,,,BURLINGTON,CHITTENDEN,,,,,1
444223.1112,220024.8931,4997,redacted,7.40037,Food Establishment,Restaurant,,,BURLINGTON,CHITTENDEN,,,,,1
443151.0356,217522.7246,4998,redacted,0.0315,Nursing/Assisted Living,Residential Facility,,,BURLINGTON,CHITTENDEN,,,,,1
442936.2481,220258.3065,5000,redacted,0.4725,Food Establishment,Restaurant,,,BURLINGTON,CHITTENDEN,,,,,1
443205.5833,217388.8975,5001,redacted,0.05,Food Establishment,Home-based Business,,,BURLINGTON,CHITTENDEN,,,,,1
443203.917,219933.6977,5003,redacted,0.26,Food Establishment,Restaurant,,,BURLINGTON,CHITTENDEN,,,,,1
443323.8342,219999.3277,5004,redacted,0.42,Food Establishment,Restaurant,,,BURLINGTON,CHITTENDEN,,,,,1
443525.9631,221286.6346,5006,redacted,0.2205,Food Establishment,Restaurant,,,BURLINGTON,CHITTENDEN,,,,,1
443379.4272,219987.731,5008,redacted,0.525,Food Establishment,Restaurant,,,BURLINGTON,CHITTENDEN,,,,,1
442614.7413,218083.0596,5009,redacted,2.1525,Food Establishment,Restaurant,,,BURLINGTON,CHITTENDEN,,,,,1
441184.4185,222729.8197,5011,redacted,0.05,Food Establishment,Private Club,,,BURLINGTON,CHITTENDEN,,,,,1
443291.8178,219977.3814,5012,redacted,0.26,Food Establishment,Restaurant,,,BURLINGTON,CHITTENDEN,,,,,1
443403.1976,219976.4115,5013,redacted,0.18,Food Establishment,Restaurant,,,BURLINGTON,CHITTENDEN,,,,,1
443012.3949,219868.6968,5015,redacted,0.18,Food Establishment,Restaurant,"Beer, wine, liquor store",,BURLINGTON,CHITTENDEN,,,,,1
443164.2353,219945.1569,5016,redacted,0.231,Food Establishment,Restaurant,,,BURLINGTON,CHITTENDEN,,,,,1
442550.95,220772.8799,5017,redacted,0.18,Food Establishment,Caterer,,,BURLINGTON,CHITTENDEN,,,,,1
443180.7291,220011.6886,5018,redacted,0.05,Food Establishment,Caterer,,,BURLINGTON,CHITTENDEN,,,,,1
442667.4307,220449.5852,5021,redacted,0.05,Food Establishment,Caterer,,,BURLINGTON,CHITTENDEN,,,,,1
443345.6692,219765.7725,5022,redacted,0.05,Food Establishment,Mobile Unit,,,WINOOSKI,CHITTENDEN,,,,,1
443278.278,217510.5022,5023,redacted,3.15,Food Establishment,Concession Stand,,,BURLINGTON,CHITTENDEN,,,,,1
442511.3735,219895.3301,5024,redacted,0.26,Food Establishment,Restaurant,,,BURLINGTON,CHITTENDEN,,,,,1
441432.7875,222049.701,5025,redacted,0.441,Food Establishment,Restaurant,,,BURLINGTON,CHITTENDEN,,,,,1
443301.2262,220143.9888,5026,redacted,0.05,Food Establishment,Caterer,,,BURLINGTON,CHITTENDEN,,,,,1
443301.2262,220143.9888,5027,redacted,0.05,Food Establishment,Caterer,,,BURLINGTON,CHITTENDEN,,,,,1
443301.2262,220143.9888,5028,redacted,0.05,Food Establishment,Caterer,,,BURLINGTON,CHITTENDEN,,,,,1
451625.4648,221521.3749,5029,redacted,0.05,Food Establishment,Mobile Unit,,,BURLINGTON,CHITTENDEN,,,,,1
443290.7524,219855.1519,5030,redacted,0.05,Food Establishment,Mobile Unit,,,WINOOSKI,CHITTENDEN,,,,,1
443301.2262,220143.9888,5031,redacted,0.05,Food Establishment,Mobile Unit,,,COLCHESTER,CHITTENDEN,,,,,1
444256.9149,217468.7121,5034,redacted,2.73,Food Establishment,Cafeteria,,,BURLINGTON,CHITTENDEN,,,,,1
438712.7485,225441.9619,5035,redacted,0.18,Food Establishment,Grocery,,,BURLINGTON,CHITTENDEN,,,,,1
441463.0996,221882.7373,5036,redacted,0.05,Food Establishment,Caterer,,,BURLINGTON,CHITTENDEN,,,,,1
444749.5042,220175.9774,5038,redacted,0.05,Food Establishment,Hospital,,,BURLINGTON,CHITTENDEN,,,,,1
450889.6339,236728.887,5042,redacted,0.13724,School,School,,,MILTON,CHITTENDEN,,,,,1
450889.6339,236728.887,5043,redacted,0.0903,Food Establishment,School,,,MILTON,CHITTENDEN,,,,,1
451094.1833,236493.9713,5044,redacted,0.21,Food Establishment,Restaurant,,,MILTON,CHITTENDEN,,,,,1
451046.2348,236449.883,5045,redacted,0.18,Food Establishment,Convenience Store,,,MILTON,CHITTENDEN,,,,,1
450942.4001,236361.7677,5047,redacted,0.336,Food Establishment,Restaurant,,,MILTON,CHITTENDEN,,,,,1
450878.5783,236317.801,5048,redacted,0.63,Food Establishment,Restaurant,,,MILTON,CHITTENDEN,,,,,1
448873.7648,236700.0479,5049,redacted,0.05,Food Establishment,Caterer,,,MILTON,CHITTENDEN,,,,,1
449884.8535,240192.6594,5052,redacted,,Food Manufacturer,Feed/Animal Products,Dog/Cat Food,,MILTON,CHITTENDEN,,,,,1
451549.3003,237924.0861,5053,redacted,0.084,Food Establishment,B&B,,,MILTON,CHITTENDEN,,,,,1
451181.0536,236437.752,5054,redacted,0.1,Food Establishment,Senior meals,,,MILTON,CHITTENDEN,,,,,1
450281.1828,242223.2417,5055,redacted,,Food Manufacturer,Sweets,,,MILTON,CHITTENDEN,,,,,1
450620.6546,235797.4667,5056,redacted,0.756,Food Establishment,Restaurant,,,MILTON,CHITTENDEN,,,,,1
450685.4991,235974.7755,5057,redacted,0.126,Food Establishment,Bakery,,,MILTON,CHITTENDEN,,,,,1
448835.692,239911.9448,5058,redacted,0.05,Food Establishment,Caterer,,,MILTON,CHITTENDEN,,,,,1
452290.2625,239418.794,5059,redacted,1.26,Food Establishment,Cafeteria,,,MILTON,CHITTENDEN,,,,,1
447734.9896,243076.8063,5061,redacted,0.2625,Food Establishment,Restaurant,,,MILTON,CHITTENDEN,,,,,1
449718.1659,236093.3446,5062,redacted,0.13,Food Establishment,Bakery,,,MILTON,CHITTENDEN,,,,,1
450659.5736,235697.1557,5063,redacted,2.268,Food Establishment,Restaurant,,,MILTON,CHITTENDEN,,,,,1
451606.6192,237101.3172,5064,redacted,0.442395,Food Establishment,School,,,MILTON,CHITTENDEN,,,,,1
448752.644,235434.1523,5065,redacted,0.05,Food Establishment,Caterer,,,MILTON,CHITTENDEN,,,,,1
449943.0944,232335.5134,5066,redacted,0.1,Food Establishment,Senior meals,,,MILTON,CHITTENDEN,,,,,1
450534.9692,236009.2622,5067,redacted,0.26,Food Establishment,Restaurant,,,MILTON,CHITTENDEN,,,,,1
448776.6959,236467.4475,5068,redacted,0.84,Food Establishment,Restaurant,,,MILTON,CHITTENDEN,,,,,1
451733.0271,233833.2507,5069,redacted,0.26,Food Establishment,Restaurant,,,MILTON,CHITTENDEN,,,,,1
450661.6338,237008.4391,5070,redacted,0.13,Food Establishment,Restaurant,Deli,,MILTON,CHITTENDEN,,,,,1
448475.3011,235491.9173,5071,redacted,0.18,Food Establishment,Grocery,Specialty foods,,MILTON,CHITTENDEN,,,,,1
450769.6688,235562.9652,5072,redacted,0.18,Food Establishment,Convenience Store,,,MILTON,CHITTENDEN,,,,,1
443441.5017,234400.4228,5074,redacted,0.26,Food Establishment,Restaurant,,,MILTON,CHITTENDEN,,,,,1
447329.7738,233223.0197,5075,redacted,0.315,Food Establishment,Restaurant,,,MILTON,CHITTENDEN,,,,,1
449912.9642,232546.8867,5076,redacted,0.13,Food Establishment,Restaurant,Deli,,MILTON,CHITTENDEN,,,,,1
453711.9896,236352.4802,5077,redacted,,Food Manufacturer,Food Processor,,,MILTON,CHITTENDEN,,,,,1
447368.6646,234100.6107,5078,redacted,10.01201923,Food Manufacturer,Dairy,,,MILTON,CHITTENDEN,,,,,1
460679.1057,212615.0724,5080,redacted,0.16272,Food Establishment,School,,,RICHMOND,CHITTENDEN,,,,,1
460641.2796,211626.3292,5081,redacted,0.336,Food Establishment,Restaurant,,,RICHMOND,CHITTENDEN,,,,,1
460713.9083,211781.4598,5082,redacted,0.055,Food Establishment,Convenience Store,,,RICHMOND,CHITTENDEN,,,,,1
460673.4106,211670.5835,5083,redacted,0.18,Food Establishment,Grocery,Farmers' Market,,RICHMOND,CHITTENDEN,,,,,1
459722.0563,213698.7854,5084,redacted,0.1875,Food Establishment,Caterer,,,RICHMOND,CHITTENDEN,,,,,1
464372.3191,209249.1524,5085,redacted,0.26,Food Establishment,Restaurant,,,RICHMOND,CHITTENDEN,,,,,1
460647.6499,212681.9345,5086,redacted,0.136145,Food Establishment,School,,,RICHMOND,CHITTENDEN,,,,,1
459126.069,213902.5131,5087,redacted,1.3545,Food Establishment,Restaurant,,,RICHMOND,CHITTENDEN,,,,,1
461015.5367,211601.8575,5088,redacted,0.1575,Food Establishment,B&B,,,RICHMOND,CHITTENDEN,,,,,1
463377.3785,210877.003,5089,redacted,3.15,Food Establishment,Restaurant,,,RICHMOND,CHITTENDEN,,,,,1
458993.0056,214270.0485,5090,redacted,0.05,Food Establishment,Caterer,,,RICHMOND,CHITTENDEN,,,,,1
460721.6062,211736.9653,5091,redacted,0.609,Food Establishment,Restaurant,,,RICHMOND,CHITTENDEN,,,,,1
464823.6528,210191.2171,5093,redacted,0.13,Food Establishment,Bakery,,,RICHMOND,CHITTENDEN,,,,,1
458115.9539,209130.7304,5095,redacted,0.26,Food Establishment,Restaurant,,,RICHMOND,CHITTENDEN,,,,,1
460777.3654,211736.6297,5096,redacted,0.26,Food Establishment,Restaurant,,,RICHMOND,CHITTENDEN,,,,,1
459153.2312,214424.6119,5097,redacted,0.13,Food Establishment,Bakery,,,RICHMOND,CHITTENDEN,,,,,1
522210.9399,153911.3945,5099,redacted,0.13,Food Establishment,Bakery,,,RICHMOND,CHITTENDEN,,,,,1
460562.0925,211704.5917,5100,redacted,0.18,Food Establishment,Bakery,,,RICHMOND,CHITTENDEN,,,,,1
460007.9668,210974.5713,5103,redacted,0.11025,Nursing/Assisted Living,Residential Facility,,,RICHMOND,CHITTENDEN,,,,,1
461619.1047,211287.1419,5104,redacted,0.13,Food Establishment,Bakery,,,RICHMOND,CHITTENDEN,,,,,1
460072.2432,211063.0738,5106,redacted,0.18,Food Establishment,Grocery,,,RICHMOND,CHITTENDEN,,,,,1
461584.4921,210820.6416,5107,redacted,0.2625,Food Establishment,Restaurant,,,RICHMOND,CHITTENDEN,,,,,1
460991.2407,211535.3307,5108,redacted,,Food Manufacturer,Meat/Poultry/Seafood,,,RICHMOND,CHITTENDEN,,,,,1
460777.2986,211725.5181,5109,redacted,0.399,Food Establishment,Restaurant,,,RICHMOND,CHITTENDEN,,,,,1
460304.2165,211217.2266,5110,redacted,0.05,Food Establishment,Caterer,,,RICHMOND,CHITTENDEN,,,,,1
443423.2206,210363.897,5111,redacted,0.13,Food Establishment,Bakery,,,SHELBURNE,CHITTENDEN,,,,,1
440616.5553,210155.4725,5112,redacted,0.13,Food Establishment,Bakery,,,SHELBURNE,CHITTENDEN,,,,,1
440348.3169,214802.9771,5113,redacted,0.13,Food Establishment,Bakery,,,SHELBURNE,CHITTENDEN,,,,,1
443705.5206,212606.1719,5114,redacted,0.05,Food Establishment,Caterer,,,SHELBURNE,CHITTENDEN,,,,,1
440974.876,211007.8861,5115,redacted,0.26,Food Establishment,Restaurant,,,SHELBURNE,CHITTENDEN,,,,,1
440487.7931,210890.0731,5116,redacted,0.525,Food Establishment,Lodging,,,SHELBURNE,CHITTENDEN,,,,,1
440487.7931,210890.0731,5117,redacted,0.05,Food Establishment,Mobile Unit,,,SHELBURNE,CHITTENDEN,,,,,1
441941.0385,209454.5803,5118,redacted,0.05,Food Establishment,Restaurant,,,SHELBURNE,CHITTENDEN,,,,,1
441876.8089,207610.4835,5119,redacted,0.05,Food Establishment,Mobile Unit,,,SHELBURNE,CHITTENDEN,,,,,1
443042.7952,213334.2399,5120,redacted,0.48825,Nursing/Assisted Living,Residential Facility,,,SHELBURNE,CHITTENDEN,,,,,1
443203.1366,213455.0785,5121,redacted,0.399,Nursing/Assisted Living,Residential Facility,,,SHELBURNE,CHITTENDEN,,,,,1
442199.7709,208974.4481,5123,redacted,0.72,Food Establishment,Bakery,,,SHELBURNE,CHITTENDEN,,,,,1
447030.3451,212033.8092,5124,redacted,0.13,Food Establishment,Bakery,,,SHELBURNE,CHITTENDEN,,,,,1
440348.0896,206935.2934,5125,redacted,0.16275,Nursing/Assisted Living,Residential Facility,,,SHELBURNE,CHITTENDEN,,,,,1
440348.0896,206935.2934,5126,redacted,0.26775,Nursing/Assisted Living,Residential Facility,,,SHELBURNE,CHITTENDEN,,,,,1
438984.7084,206069.9971,5127,redacted,0.13,Food Establishment,Bakery,,,SHELBURNE,CHITTENDEN,,,,,1
443331.7146,213587.3096,5128,redacted,1.029,Food Establishment,Restaurant,,,SHELBURNE,CHITTENDEN,,,,,1
443323.5578,213565.1555,5129,redacted,0.2625,Food Establishment,Lodging,,,SHELBURNE,CHITTENDEN,,,,,1
443346.7725,213487.1662,5130,redacted,0.21,Food Establishment,Restaurant,,,SHELBURNE,CHITTENDEN,,,,,1
443242.181,213365.8384,5131,redacted,0.05,Food Establishment,Caterer,,,SHELBURNE,CHITTENDEN,,,,,1
443194.2047,213344.0313,5132,redacted,0.26,Food Establishment,Restaurant,,,SHELBURNE,CHITTENDEN,,,,,1
443194.2047,213344.0313,5133,redacted,0.315,Food Establishment,Lodging,,,SHELBURNE,CHITTENDEN,,,,,1
443129.6218,213244.5818,5134,redacted,0.525,Food Establishment,Restaurant,,,SHELBURNE,CHITTENDEN,,,,,1
443232.6692,213188.1212,5135,redacted,0.13,Food Establishment,Restaurant,Deli,,SHELBURNE,CHITTENDEN,,,,,1
443232.6692,213188.1212,5136,redacted,0.18,Food Establishment,Grocery,"Beer, wine, liquor store",,SHELBURNE,CHITTENDEN,,,,,1
443232.6692,213188.1212,5137,redacted,0.05,Food Establishment,Restaurant,,,SHELBURNE,CHITTENDEN,,,,,1
443207.3253,213021.6544,5138,redacted,0.26,Food Establishment,Bakery,,,SHELBURNE,CHITTENDEN,,,,,1
442065.9717,209164.5461,5139,redacted,0.18,Food Establishment,Grocery,,,SHELBURNE,CHITTENDEN,,,,,1
443148.96,212722.1256,5140,redacted,0.26,Food Establishment,Bakery,,,SHELBURNE,CHITTENDEN,,,,,1
442907.8826,212479.7569,5141,redacted,0.2625,Food Establishment,Restaurant,,,SHELBURNE,CHITTENDEN,,,,,1
442978.7891,212390.2365,5142,redacted,0.8925,Food Establishment,Restaurant,,,SHELBURNE,CHITTENDEN,,,,,1
443073.6898,212311.6199,5143,redacted,0.525,Food Establishment,Lodging,,,SHELBURNE,CHITTENDEN,,,,,1
438888.9624,206915.4434,5144,redacted,0.05,Food Establishment,Caterer,,,SHELBURNE,CHITTENDEN,,,,,1
441436.6258,209192.3869,5146,redacted,0.39897,Food Establishment,School,,,SHELBURNE,CHITTENDEN,,,,,1
442692.0093,211481.5257,5147,redacted,0.42,Food Establishment,Restaurant,,,SHELBURNE,CHITTENDEN,,,,,1
442695.0952,210925.8744,5150,redacted,0.42,Food Establishment,Restaurant,,,SHELBURNE,CHITTENDEN,,,,,1
442144.4792,209030.5002,5151,redacted,0.126,Food Establishment,Restaurant,,,SHELBURNE,CHITTENDEN,,,,,1
442604.7238,210615.5194,5152,redacted,0.504,Food Establishment,Restaurant,,,SHELBURNE,CHITTENDEN,,,,,1
443286.5807,212976.5145,5153,redacted,0.13,Food Establishment,Home-based Business,,,SHELBURNE,CHITTENDEN,,,,,1
441947.0307,209232.2776,5154,redacted,0.26,Food Establishment,Restaurant,,,SHELBURNE,CHITTENDEN,,,,,1
442058.5945,209231.2863,5155,redacted,0.84,Food Establishment,Restaurant,,,SHELBURNE,CHITTENDEN,,,,,1
442002.9113,209242.8933,5157,redacted,0.05,Food Establishment,Caterer,,,SHELBURNE,CHITTENDEN,,,,,1
442002.319,209176.2238,5158,redacted,0.147,Food Establishment,Restaurant,,,SHELBURNE,CHITTENDEN,,,,,1
442017.3685,209076.0779,5159,redacted,0.189,Food Establishment,B&B,,,SHELBURNE,CHITTENDEN,,,,,1
444183.0749,210701.8382,5160,redacted,0.84,Food Establishment,Restaurant,,,SHELBURNE,CHITTENDEN,,,,,1
441910.3106,208688.0933,5162,redacted,0.26,Food Establishment,Restaurant,,,SHELBURNE,CHITTENDEN,,,,,1
441893.8771,208632.6773,5163,redacted,0.055,Food Establishment,Caterer,,,SHELBURNE,CHITTENDEN,,,,,1
441893.8771,208632.6773,5164,redacted,0.18,Food Establishment,Convenience Store,,,SHELBURNE,CHITTENDEN,,,,,1
446159.5305,209796.24,5165,redacted,0.063,Food Establishment,Lodging,,,SHELBURNE,CHITTENDEN,,,,,1
441689.6763,208078.8747,5166,redacted,2.562,Food Establishment,Restaurant,,,SHELBURNE,CHITTENDEN,,,,,1
443025.3633,208600.4803,5167,redacted,0.13,Food Establishment,Bakery,,,SHELBURNE,CHITTENDEN,,,,,1
441597.6313,207590.7491,5168,redacted,0.168,Food Establishment,Restaurant,,,SHELBURNE,CHITTENDEN,,,,,1
441815.6682,207010.9561,5169,redacted,0.26,Food Establishment,Restaurant,,,SHELBURNE,CHITTENDEN,,,,,1
440936.6965,209430.2538,5170,redacted,0.063,Nursing/Assisted Living,Residential Facility,,,SHELBURNE,CHITTENDEN,,,,,1
440936.6965,209430.2538,5171,redacted,0.273,Nursing/Assisted Living,Residential Facility,,,SHELBURNE,CHITTENDEN,,,,,1
441305.7267,208815.738,5172,redacted,,Food Manufacturer,Food Processor,,,SHELBURNE,CHITTENDEN,,,,,1
447087.298,207266.1585,5174,redacted,0.05,Food Establishment,Caterer,,,SHELBURNE,CHITTENDEN,,,,,1
442933.7221,212701.7807,5175,redacted,0.05,Food Establishment,Caterer,,,SHELBURNE,CHITTENDEN,,,,,1
442449.6732,206583.0678,5176,redacted,0.042,Food Establishment,Restaurant,,,SHELBURNE,CHITTENDEN,,,,,1
442574.7656,208115.4808,5177,redacted,0.055,Food Establishment,Caterer,,,SHELBURNE,CHITTENDEN,,,,,1
442088.8927,209053.218,5179,redacted,0.525,Food Establishment,Restaurant,,,SHELBURNE,CHITTENDEN,,,,,1
443961.5072,216437.781,5180,redacted,0.1575,Food Establishment,Bakery,,,SOUTH BURLINGTON,CHITTENDEN,,,,,1
443961.5072,216437.781,5181,redacted,0.05,Food Establishment,Caterer,,,SOUTH BURLINGTON,CHITTENDEN,,,,,1
446106.0608,218742.1934,5182,redacted,0.18871,Food Establishment,School,,,SOUTH BURLINGTON,CHITTENDEN,,,,,1
445867.8999,218810.8451,5183,redacted,0.05,Food Establishment,Caterer,,,SOUTH BURLINGTON,CHITTENDEN,,,,,1
445867.8999,218810.8451,5184,redacted,0.924,Food Establishment,Restaurant,,,SOUTH BURLINGTON,CHITTENDEN,,,,,1
447105.1571,217322.7121,5185,redacted,0.26,Food Establishment,Restaurant,,,SOUTH BURLINGTON,CHITTENDEN,,,,,1
443518.9848,215897.0888,5186,redacted,0.26,Food Establishment,Restaurant,,,SOUTH BURLINGTON,CHITTENDEN,,,,,1
443518.9848,215897.0888,5187,redacted,0.2625,Food Establishment,Restaurant,,,SOUTH BURLINGTON,CHITTENDEN,,,,,1
445843.2889,218722.1497,5188,redacted,0.26,Food Establishment,Restaurant,,,SOUTH BURLINGTON,CHITTENDEN,,,,,1
448428.0079,217523.2359,5189,redacted,,Food Manufacturer,Sweets,,,SOUTH BURLINGTON,CHITTENDEN,,,,,1
443431.0313,215853.4019,5190,redacted,0.26,Food Establishment,Restaurant,,,SOUTH BURLINGTON,CHITTENDEN,,,,,1
445837.2738,218955.5628,5191,redacted,0.05,Food Establishment,Caterer,,,SOUTH BURLINGTON,CHITTENDEN,,,,,1
445814.6058,219100.2144,5192,redacted,4.2,Food Establishment,Restaurant,,,SOUTH BURLINGTON,CHITTENDEN,,,,,1
446013.7088,219120.7846,5193,redacted,0.13,Food Establishment,Restaurant,Bars/Pubs,,SOUTH BURLINGTON,CHITTENDEN,,,,,1
446013.7088,219120.7846,5194,redacted,3.465,Food Establishment,Restaurant,,,SOUTH BURLINGTON,CHITTENDEN,,,,,1
447863.0846,218538.9687,5195,redacted,0.13,Food Establishment,Bakery,,,SOUTH BURLINGTON,CHITTENDEN,,,,,1
446986.1354,217368.13,5196,redacted,0.18,Food Establishment,Convenience Store,,,SOUTH BURLINGTON,CHITTENDEN,,,,,1
443508.2297,215574.9184,5197,redacted,0.18,Food Establishment,Grocery,,,SOUTH BURLINGTON,CHITTENDEN,,,,,1
443508.2297,215574.9184,5198,redacted,0.05,Food Establishment,Convenience Store,,,SOUTH BURLINGTON,CHITTENDEN,,,,,1
445948.1169,218887.9661,5199,redacted,7.455,Food Establishment,Restaurant,,,SOUTH BURLINGTON,CHITTENDEN,,,,,1
445956.8122,218976.794,5200,redacted,0.126,Food Establishment,Mobile Unit,,,SOUTH BURLINGTON,CHITTENDEN,,,,,1
443412.1176,215509.0774,5201,redacted,0.26,Food Establishment,Restaurant,,,SOUTH BURLINGTON,CHITTENDEN,,,,,1
446052.2028,218964.89,5202,redacted,1.134,Food Establishment,Restaurant,,,SOUTH BURLINGTON,CHITTENDEN,,,,,1
446775.3239,219814.5988,5203,redacted,0.05,Food Establishment,Caterer,,,SOUTH BURLINGTON,CHITTENDEN,,,,,1
446083.8463,218942.4028,5204,redacted,0.42,Food Establishment,Restaurant,,,SOUTH BURLINGTON,CHITTENDEN,,,,,1
446083.8463,218942.4028,5206,redacted,0.26,Food Establishment,Restaurant,,,SOUTH BURLINGTON,CHITTENDEN,,,,,1
446107.7171,218942.205,5207,redacted,0.26,Food Establishment,Restaurant,,,SOUTH BURLINGTON,CHITTENDEN,,,,,1
446115.5821,218931.0274,5208,redacted,0.2205,Food Establishment,Bakery,,,SOUTH BURLINGTON,CHITTENDEN,,,,,1
446187.4703,218963.7701,5209,redacted,0.18,Food Establishment,Grocery,Specialty foods,,SOUTH BURLINGTON,CHITTENDEN,,,,,1
445106.924,219161.7083,5210,redacted,0.05,Food Establishment,Private Club,,,SOUTH BURLINGTON,CHITTENDEN,,,,,1
446623.3079,217771.1437,5212,redacted,0.05,Food Establishment,Caterer,,,SOUTH BURLINGTON,CHITTENDEN,,,,,1
447898.3837,218972.0722,5216,redacted,0.2625,Food Establishment,Restaurant,,,SOUTH BURLINGTON,CHITTENDEN,,,,,1
446202.9248,218908.0797,5217,redacted,1.344,Food Establishment,Restaurant,,,SOUTH BURLINGTON,CHITTENDEN,,,,,1
446901.5556,220658.119,5218,redacted,1.575,Food Establishment,Restaurant,,,SOUTH BURLINGTON,CHITTENDEN,,,,,1
446241.8836,218807.7451,5219,redacted,0.26,Food Establishment,Restaurant,,,SOUTH BURLINGTON,CHITTENDEN,,,,,1
446242.5261,218885.5274,5220,redacted,0.4095,Food Establishment,Restaurant,,,SOUTH BURLINGTON,CHITTENDEN,,,,,1
446893.0964,218646.8236,5221,redacted,0.42,Food Establishment,Restaurant,,,SOUTH BURLINGTON,CHITTENDEN,,,,,1
446235.2117,218963.3755,5222,redacted,0.735,Food Establishment,Restaurant,,,SOUTH BURLINGTON,CHITTENDEN,,,,,1
446235.2117,218963.3755,5223,redacted,0.05,Food Establishment,Caterer,,,SOUTH BURLINGTON,CHITTENDEN,,,,,1
446267.1311,218974.2244,5224,redacted,0.945,Food Establishment,Restaurant,,,SOUTH BURLINGTON,CHITTENDEN,,,,,1
446274.2624,218874.1529,5225,redacted,0.336,Food Establishment,Bakery,,,SOUTH BURLINGTON,CHITTENDEN,,,,,1
447715.2861,218962.4282,5226,redacted,0.05,Food Establishment,Caterer,,,SOUTH BURLINGTON,CHITTENDEN,,,,,1
447715.2861,218962.4282,5227,redacted,0.05,Food Establishment,Caterer,,,SOUTH BURLINGTON,CHITTENDEN,,,,,1
446156.9738,215274.6768,5229,redacted,2.205,Food Establishment,Restaurant,,,SOUTH BURLINGTON,CHITTENDEN,,,,,1
446337.9185,218873.6276,5230,redacted,0.603636177,Food Establishment,Caterer,,,SOUTH BURLINGTON,CHITTENDEN,,,,,1
446337.9185,218873.6276,5231,redacted,3.045,Food Establishment,Restaurant,,,SOUTH BURLINGTON,CHITTENDEN,,,,,1
446345.1427,218784.668,5232,redacted,1.68,Food Establishment,Restaurant,,,SOUTH BURLINGTON,CHITTENDEN,,,,,1
446448.1282,218728.2572,5233,redacted,0.26,Food Establishment,Lodging,,,SOUTH BURLINGTON,CHITTENDEN,,,,,1
446488.0969,218750.1535,5234,redacted,0.18,Food Establishment,Grocery,Specialty foods,,SOUTH BURLINGTON,CHITTENDEN,,,,,1
446519.7429,218727.6683,5235,redacted,0.525,Food Establishment,Restaurant,,,SOUTH BURLINGTON,CHITTENDEN,,,,,1
446496.4194,218794.5351,5236,redacted,0.05,Food Establishment,Caterer,,,SOUTH BURLINGTON,CHITTENDEN,,,,,1
446519.6516,218716.5566,5237,redacted,1.4175,Food Establishment,Restaurant,,,SOUTH BURLINGTON,CHITTENDEN,,,,,1
443472.6255,215141.8385,5239,redacted,0.26,Food Establishment,Restaurant,,,SOUTH BURLINGTON,CHITTENDEN,,,,,1
443472.6255,215141.8385,5240,redacted,0.26,Food Establishment,Restaurant,,,SOUTH BURLINGTON,CHITTENDEN,,,,,1
446630.8703,218693.4186,5241,redacted,0.05,Food Establishment,Caterer,,,SOUTH BURLINGTON,CHITTENDEN,,,,,1
443351.7523,214976.2003,5242,redacted,0.2415,Food Establishment,Caterer,,,SOUTH BURLINGTON,CHITTENDEN,,,,,1
446646.8759,218704.3999,5243,redacted,0.924,Food Establishment,Restaurant,,,SOUTH BURLINGTON,CHITTENDEN,,,,,1
445071.8788,215005.9226,5244,redacted,,Food Manufacturer,Food Processor,,,SOUTH BURLINGTON,CHITTENDEN,,,,,1
446482.1705,217061.1035,5245,redacted,0.26,Food Establishment,Restaurant,,,SOUTH BURLINGTON,CHITTENDEN,,,,,1
443129.5004,215055.9241,5248,redacted,,Food Manufacturer,Meat/Poultry/Seafood,,,SOUTH BURLINGTON,CHITTENDEN,,,,,1
445976.9935,218532.1256,5250,redacted,0.231,Food Establishment,Restaurant,,,SOUTH BURLINGTON,CHITTENDEN,,,,,1
445976.9935,218532.1256,5251,redacted,2.3625,Food Establishment,Restaurant,,,SOUTH BURLINGTON,CHITTENDEN,,,,,1
445976.9935,218532.1256,5252,redacted,0.63,Food Establishment,Restaurant,,,SOUTH BURLINGTON,CHITTENDEN,,,,,1
447107.9432,218645.074,5253,redacted,0.21,Nursing/Assisted Living,Residential Facility,,,SOUTH BURLINGTON,CHITTENDEN,,,,,1
447187.2456,218611.0925,5254,redacted,0.18375,Nursing/Assisted Living,Residential Facility,,,SOUTH BURLINGTON,CHITTENDEN,,,,,1
445555.1562,218524.5282,5255,redacted,0.79,Food Establishment,Restaurant,,,SOUTH BURLINGTON,CHITTENDEN,,,,,1
445555.1562,218524.5282,5256,redacted,0.13,Food Establishment,Bakery,,,SOUTH BURLINGTON,CHITTENDEN,,,,,1
445555.1562,218524.5282,5257,redacted,0.05,Food Establishment,Caterer,,,SOUTH BURLINGTON,CHITTENDEN,,,,,1
445555.1562,218524.5282,5258,redacted,0.1875,Food Establishment,Restaurant,,,SOUTH BURLINGTON,CHITTENDEN,,,,,1
445555.1562,218524.5282,5260,redacted,0.13,Food Establishment,Restaurant,Deli,,SOUTH BURLINGTON,CHITTENDEN,,,,,1
445555.1562,218524.5282,5262,redacted,0.26,Food Establishment,Caterer,,,SOUTH BURLINGTON,CHITTENDEN,,,,,1
445555.1562,218524.5282,5263,redacted,0.26,Food Establishment,Restaurant,,,SOUTH BURLINGTON,CHITTENDEN,,,,,1
445555.1562,218524.5282,5265,redacted,0.05,Food Establishment,Caterer,,,SOUTH BURLINGTON,CHITTENDEN,,,,,1
445555.1562,218524.5282,5266,redacted,1.7325,Food Establishment,Restaurant,,,SOUTH BURLINGTON,CHITTENDEN,,,,,1
445555.1562,218524.5282,5267,redacted,0.05,Food Establishment,Caterer,,,SOUTH BURLINGTON,CHITTENDEN,,,,,1
444919.5722,214884.971,5268,redacted,0.084,Food Establishment,Restaurant,,,SOUTH BURLINGTON,CHITTENDEN,,,,,1
446400.4075,213894.7277,5269,redacted,0.13,Food Manufacturer,Juice/Cider,,,SOUTH BURLINGTON,CHITTENDEN,,,,,1
447511.6144,218375.1066,5271,redacted,2.1,Food Establishment,Restaurant,,,SOUTH BURLINGTON,CHITTENDEN,,,,,1
447536.3829,218486.0316,5274,redacted,0.63,Food Establishment,Restaurant,,,SOUTH BURLINGTON,CHITTENDEN,,,,,1
447718.7801,218406.7767,5275,redacted,0.5145,Food Establishment,Restaurant,,,SOUTH BURLINGTON,CHITTENDEN,,,,,1
443384.8042,214198.0364,5276,redacted,0.26,Food Establishment,Lodging,,,SOUTH BURLINGTON,CHITTENDEN,,,,,1
443392.0914,214120.1855,5279,redacted,2.0685,Food Establishment,Restaurant,,,SOUTH BURLINGTON,CHITTENDEN,,,,,1
443535.1341,214085.6071,5280,redacted,0.2625,Food Establishment,Restaurant,,,SOUTH BURLINGTON,CHITTENDEN,,,,,1
443535.1341,214085.6071,5281,redacted,2.604,Food Establishment,Restaurant,,,SOUTH BURLINGTON,CHITTENDEN,,,,,1
443543.097,214085.5382,5282,redacted,0.05,Food Establishment,Restaurant,,,SOUTH BURLINGTON,CHITTENDEN,,,,,1
443415.5941,214075.5313,5283,redacted,0.525,Food Establishment,Restaurant,,,SOUTH BURLINGTON,CHITTENDEN,,,,,1
443341.32,213776.1388,5284,redacted,0.13,Food Establishment,Convenience Store,Deli,,SOUTH BURLINGTON,CHITTENDEN,,,,,1
443340.8371,213720.5804,5285,redacted,1.575,Food Establishment,Restaurant,,,SOUTH BURLINGTON,CHITTENDEN,,,,,1
448040.0522,216781.7875,5286,redacted,0.05,Food Establishment,Caterer,,,SOUTH BURLINGTON,CHITTENDEN,,,,,1
443245.0834,213699.1884,5287,redacted,0.13,Food Establishment,Convenience Store,Deli,,SOUTH BURLINGTON,CHITTENDEN,,,,,1
448147.0729,218225.5513,5288,redacted,0.294,Food Establishment,Restaurant,,,SOUTH BURLINGTON,CHITTENDEN,,,,,1
448273.4262,218102.3091,5290,redacted,0.09975,Food Establishment,Caterer,,,SOUTH BURLINGTON,CHITTENDEN,,,,,1
448273.4262,218102.3091,5291,redacted,0.798,Food Establishment,Restaurant,,,SOUTH BURLINGTON,CHITTENDEN,,,,,1
443661.0279,215751.3958,5292,redacted,0.20792,Food Establishment,School,,,SOUTH BURLINGTON,CHITTENDEN,,,,,1
443781.0256,213972.3565,5293,redacted,0.1575,Nursing/Assisted Living,Residential Facility,,,SOUTH BURLINGTON,CHITTENDEN,,,,,1
443781.0256,213972.3565,5294,redacted,0.3675,Nursing/Assisted Living,Residential Facility,,,SOUTH BURLINGTON,CHITTENDEN,,,,,1
445576.613,218235.423,5296,redacted,0.13,Food Establishment,Bakery,,,SOUTH BURLINGTON,CHITTENDEN,,,,,1
443146.5783,216100.3545,5297,redacted,0.72,Food Establishment,Bakery,,,SOUTH BURLINGTON,CHITTENDEN,,,,,1
445903.3448,218288.262,5298,redacted,0.8085,Food Establishment,Bakery,,,SOUTH BURLINGTON,CHITTENDEN,,,,,1
444112.6565,221059.3136,5299,redacted,0.21525,Nursing/Assisted Living,Residential Facility,,,SOUTH BURLINGTON,CHITTENDEN,,,,,1
446622.7308,218671.2603,5300,redacted,0.18,Food Establishment,Grocery,"Beer, wine, liquor store",,SOUTH BURLINGTON,CHITTENDEN,,,,,1
447056.9431,219223.3383,5302,redacted,0.24747,Food Establishment,School,,,SOUTH BURLINGTON,CHITTENDEN,,,,,1
446574.6459,217660.418,5303,redacted,0.13,Food Establishment,Home-based Business,,,SOUTH BURLINGTON,CHITTENDEN,,,,,1
448677.0795,216810.073,5304,redacted,0.26,Food Manufacturer,Food Processor,,,SOUTH BURLINGTON,CHITTENDEN,,,,,1
448677.0795,216810.073,5305,redacted,0.504,Food Establishment,Bakery,,,SOUTH BURLINGTON,CHITTENDEN,,,,,1
446013.1864,218098.4374,5306,redacted,0.26,Food Establishment,Caterer,,,SOUTH BURLINGTON,CHITTENDEN,,,,,1
453053.994,132207.0817,5307,redacted,0.05,Food Establishment,Caterer,,,SOUTH BURLINGTON,CHITTENDEN,,,,,1
445909.8252,218110.4079,5308,redacted,0.13,Food Establishment,Restaurant,Deli,,SOUTH BURLINGTON,CHITTENDEN,,,,,1
445909.8252,218110.4079,5309,redacted,0.18,Food Establishment,Grocery,"Beer, wine, liquor store",,SOUTH BURLINGTON,CHITTENDEN,,,,,1
446512.5163,218816.6278,5310,redacted,0.26,Food Establishment,Restaurant,,,SOUTH BURLINGTON,CHITTENDEN,,,,,1
482084.0179,101058.2014,5311,redacted,0.525,Food Establishment,Restaurant,,,SOUTH BURLINGTON,CHITTENDEN,,,,,1
443829.8289,216861.1921,5312,redacted,0.05,Food Establishment,Caterer,,,SOUTH BURLINGTON,CHITTENDEN,,,,,1
445931.484,217843.5278,5313,redacted,0.231,Food Establishment,Restaurant,,,SOUTH BURLINGTON,CHITTENDEN,,,,,1
445931.484,217843.5278,5314,redacted,0.26,Food Establishment,Caterer,,,SOUTH BURLINGTON,CHITTENDEN,,,,,1
444953.3973,218885.1914,5315,redacted,0.4725,Food Establishment,Restaurant,,,SOUTH BURLINGTON,CHITTENDEN,,,,,1
443667.5822,217429.3342,5316,redacted,0.378,Food Establishment,Restaurant,,,SOUTH BURLINGTON,CHITTENDEN,,,,,1
443309.7568,213809.7507,5317,redacted,0.924,Food Establishment,Restaurant,,,SHELBURNE,CHITTENDEN,,,,,1
443762.0251,215461.5973,5318,redacted,0.05,Food Establishment,Caterer,,,SOUTH BURLINGTON,CHITTENDEN,,,,,1
443558.3745,214929.9571,5319,redacted,0.26,Food Establishment,Restaurant,Cafeteria,,SOUTH BURLINGTON,CHITTENDEN,,,,,1
447516.9911,219041.8118,5320,redacted,0.13,Food Establishment,Bakery,,,SOUTH BURLINGTON,CHITTENDEN,,,,,1
445859.3975,217788.5644,5321,redacted,0.26,Food Establishment,Restaurant,,,SOUTH BURLINGTON,CHITTENDEN,,,,,1
445859.3975,217788.5644,5322,redacted,0.7875,Food Establishment,B&B,,,SOUTH BURLINGTON,CHITTENDEN,,,,,1
443743.0423,216950.8417,5324,redacted,0.1,Food Establishment,Senior meals,,,SOUTH BURLINGTON,CHITTENDEN,,,,,1
447869.4623,220328.0268,5325,redacted,,Food Manufacturer,Food Processor,,,SOUTH BURLINGTON,CHITTENDEN,,,,,1
445976.9935,218532.1256,5326,redacted,,Food Establishment,Restaurant,,,SOUTH BURLINGTON,CHITTENDEN,,,,,1
443188.8348,214555.3425,5327,redacted,,Food Establishment,Restaurant,Brewer,,SOUTH BURLINGTON,CHITTENDEN,,,,,1
445717.3638,218889.8867,5328,redacted,0.2625,Food Establishment,Lodging,,,SOUTH BURLINGTON,CHITTENDEN,,,,,1
446032.7877,218542.7753,5329,redacted,0.26,Food Establishment,Restaurant,,,SOUTH BURLINGTON,CHITTENDEN,,,,,1
446032.7877,218542.7753,5330,redacted,0.26,Food Establishment,Restaurant,,,SOUTH BURLINGTON,CHITTENDEN,,,,,1
446121.2873,217697.4916,5331,redacted,0.196005,Food Establishment,School,,,SOUTH BURLINGTON,CHITTENDEN,,,,,1
443630.482,217740.8072,5332,redacted,0.72,Food Establishment,Caterer,,,SOUTH BURLINGTON,CHITTENDEN,,,,,1
443630.482,217740.8072,5333,redacted,0.26,Food Establishment,Restaurant,,,SOUTH BURLINGTON,CHITTENDEN,,,,,1
445979.6026,217887.5783,5334,redacted,0.231,Food Establishment,Restaurant,,,SOUTH BURLINGTON,CHITTENDEN,,,,,1
446047.2671,217409.1797,5335,redacted,0.15225,Food Establishment,School,,,SOUTH BURLINGTON,CHITTENDEN,,,,,1
447933.1041,220327.5171,5336,redacted,0.05,Food Establishment,Caterer,,,SOUTH BURLINGTON,CHITTENDEN,,,,,1
443718.2998,216851.0425,5337,redacted,0.26,Food Establishment,Restaurant,,,SOUTH BURLINGTON,CHITTENDEN,,,,,1
443718.2998,216851.0425,5338,redacted,0.72,Food Establishment,Bakery,,,BURLINGTON,CHITTENDEN,,,,,1
443637.839,216751.7254,5339,redacted,0.357,Food Establishment,Restaurant,,,SOUTH BURLINGTON,CHITTENDEN,,,,,1
443938.1054,216493.5451,5340,redacted,0.13,Food Establishment,Restaurant,Deli,,SOUTH BURLINGTON,CHITTENDEN,,,,,1
446287.1164,216573.7606,5341,redacted,0.05,Food Establishment,Caterer,,,SOUTH BURLINGTON,CHITTENDEN,,,,,1
447300.2875,220777.1137,5342,redacted,0.05,Food Establishment,Caterer,,,SOUTH BURLINGTON,CHITTENDEN,,,,,1
446521.7518,218972.127,5344,redacted,0.504,Food Establishment,Restaurant,,,SOUTH BURLINGTON,CHITTENDEN,,,,,1
445715.5912,217723.0868,5346,redacted,0.05,Food Establishment,Caterer,,,SOUTH BURLINGTON,CHITTENDEN,,,,,1
443850.4501,216483.1877,5347,redacted,0.9345,Correctional Facility,,,,SOUTH BURLINGTON,CHITTENDEN,,,,,1
443324.8349,215543.1737,5348,redacted,1.785,Food Establishment,Restaurant,,,SOUTH BURLINGTON,CHITTENDEN,,,,,1
445092.5928,218406.176,5349,redacted,0.0315,Nursing/Assisted Living,Residential Facility,,,SOUTH BURLINGTON,CHITTENDEN,,,,,1
444933.3816,219340.9756,5350,redacted,3.15,Food Establishment,Restaurant,,,BURLINGTON,CHITTENDEN,,,,,1
443571.6587,216463.3722,5351,redacted,1.89,Food Establishment,Restaurant,,,SOUTH BURLINGTON,CHITTENDEN,,,,,1
443339.2722,216287.5889,5352,redacted,1.155,Food Establishment,Restaurant,,,SOUTH BURLINGTON,CHITTENDEN,,,,,1
443563.121,216396.7708,5353,redacted,0.13,Food Establishment,Restaurant,Deli,,SOUTH BURLINGTON,CHITTENDEN,,,,,1
446592.5973,216937.9597,5355,redacted,0.13,Food Establishment,Bakery,,,SOUTH BURLINGTON,CHITTENDEN,,,,,1
442603.7712,216838.5454,5356,redacted,6.442307692,Food Manufacturer,Bakery,Ice Cream,,BURLINGTON,CHITTENDEN,,,,,1
443570.3109,216307.8081,5357,redacted,2.016,Food Establishment,Restaurant,,,SOUTH BURLINGTON,CHITTENDEN,,,,,1
447774.7136,216450.537,5358,redacted,0.05,Food Establishment,Caterer,,,SOUTH BURLINGTON,CHITTENDEN,,,,,1
445163.5572,219272.3564,5360,redacted,0.05,Food Establishment,Caterer,,,SOUTH BURLINGTON,CHITTENDEN,,,,,1
445338.9745,219315.3307,5361,redacted,15.015,Food Establishment,Lodging,,,SOUTH BURLINGTON,CHITTENDEN,,,,,1
445838.5938,216244.1008,5362,redacted,0.13,Food Establishment,Bakery,,,SOUTH BURLINGTON,CHITTENDEN,,,,,1
443543.8299,216007.9989,5364,redacted,0.18,Food Establishment,Caterer,,,SOUTH BURLINGTON,CHITTENDEN,,,,,1
439251.5703,224403.4056,5365,redacted,0.7875,Nursing/Assisted Living,Residential Facility,,,SOUTH BURLINGTON,CHITTENDEN,,,,,1
443448.3033,216008.8275,5366,redacted,1.575,Food Establishment,Restaurant,,,SOUTH BURLINGTON,CHITTENDEN,,,,,1
443527.6198,215974.8018,5367,redacted,0.5775,Food Establishment,Restaurant,,,SOUTH BURLINGTON,CHITTENDEN,,,,,1
444515.2515,213221.5293,5368,redacted,0.26,Food Establishment,Restaurant,,,SOUTH BURLINGTON,CHITTENDEN,,,,,1
445555.1562,218524.5282,5369,redacted,0.05,Food Establishment,Bakery,,,SOUTH BURLINGTON,CHITTENDEN,,,,,1
450058.0386,208998.4986,5370,redacted,0.05,Food Establishment,Caterer,,,ST GEORGE,CHITTENDEN,,,,,1
450328.3744,209963.2005,5371,redacted,0.055,Food Establishment,Caterer,,,ST GEORGE,CHITTENDEN,,,,,1
508531.9378,117660.1453,5372,redacted,0.26,Food Establishment,Restaurant,,,ST GEORGE,CHITTENDEN,,,,,1
449722.7521,207889.8489,5373,redacted,0.63,Food Establishment,Restaurant,,,ST GEORGE,CHITTENDEN,,,,,1
468105.862,223097.5788,5374,redacted,0.18,Food Establishment,Grocery,,,UNDERHILL,CHITTENDEN,,,,,1
470991.5245,222906.2655,5375,redacted,0.21525,Food Establishment,Lodging,,,UNDERHILL,CHITTENDEN,,,,,1
464744.1834,224926.2288,5376,redacted,0.18,Food Establishment,Grocery,,,UNDERHILL,CHITTENDEN,,,,,1
464759.8412,224881.6951,5378,redacted,0.13,Food Establishment,Bakery,,,UNDERHILL,CHITTENDEN,,,,,1
464799.5887,224881.4796,5379,redacted,0.13,Food Establishment,Home-based Business,,,UNDERHILL,CHITTENDEN,,,,,1
467907.3446,223154.1165,5380,redacted,0.13,Food Establishment,Restaurant,Deli,,UNDERHILL,CHITTENDEN,,,,,1
468703.8426,223428.0342,5382,redacted,0.097745,Food Establishment,School,,,UNDERHILL,CHITTENDEN,,,,,1
467375.2294,224868.0324,5383,redacted,0.055,Food Establishment,Caterer,,,UNDERHILL,CHITTENDEN,,,,,1
466131.3198,234797.6339,5385,redacted,0.042,Nursing/Assisted Living,Residential Facility,,,WESTFORD,CHITTENDEN,,,,,1
458798.3553,233773.3434,5386,redacted,0.115825,Food Establishment,School,,,WESTFORD,CHITTENDEN,,,,,1
458718.9638,236263.0457,5387,redacted,0.72,Food Establishment,Grocery,,,WESTFORD,CHITTENDEN,,,,,1
458429.9681,233275.6362,5388,redacted,0.18,Food Establishment,Grocery,"Beer, wine, liquor store",,WESTFORD,CHITTENDEN,,,,,1
461101.3017,233881.3408,5389,redacted,0.05,Food Establishment,Home-based Business,,,WESTFORD,CHITTENDEN,,,,,1
461745.7651,234121.9754,5390,redacted,0.13,Food Establishment,Bakery,,,WESTFORD,CHITTENDEN,,,,,1
460783.2926,232494.2073,5391,redacted,0.05,Food Establishment,Caterer,,,WESTFORD,CHITTENDEN,,,,,1
458718.6094,236207.4854,5392,redacted,,Food Manufacturer,Food Processor,,,WESTFORD,CHITTENDEN,,,,,1
451795.565,216563.9957,5393,redacted,0.26,Food Establishment,Caterer,,,WILLISTON,CHITTENDEN,,,,,1
451795.565,216563.9957,5394,redacted,0.1875,Food Establishment,Caterer,,,WILLISTON,CHITTENDEN,,,,,1
499760.7248,203229.4856,5395,redacted,0.72,Food Establishment,Convenience Store,,,CALAIS,WASHINGTON,,,,,1
500510.4312,203518.3995,5396,redacted,0.05,Food Establishment,Caterer,,,ADAMANT,WASHINGTON,,,,,1
499569.3141,203373.9446,5397,redacted,0.05,Food Establishment,Caterer,,,CALAIS,WASHINGTON,,,,,1
499824.142,188695.8474,5398,redacted,0.23625,Food Establishment,Restaurant,Bars/Pubs,,BARRE,WASHINGTON,,,,,1
498696.9442,188151.5249,5399,redacted,0.13,Food Establishment,Home-based Business,,,BARRE,WASHINGTON,,,,,1
500071.951,187862.5048,5400,redacted,0.504,Food Establishment,Restaurant,,,BARRE,WASHINGTON,,,,,1
498544.0902,183795.9793,5401,redacted,0.08925,Nursing/Assisted Living,Residential Facility,,,BARRE,WASHINGTON,,,,,1
498504.08,183740.4326,5402,redacted,0.05,Food Establishment,Caterer,,,BARRE,WASHINGTON,,,,,1
500679.5065,188162.5421,5403,redacted,0.16275,Nursing/Assisted Living,Residential Facility,,,BARRE,WASHINGTON,,,,,1
495845.2904,191752.7515,5404,redacted,1.365,Food Establishment,Restaurant,,,BERLIN,WASHINGTON,,,,,1
498129.5548,188851.6683,5405,redacted,0.0525,Nursing/Assisted Living,Residential Facility,,,BARRE,WASHINGTON,,,,,1
498872.9235,188773.7202,5406,redacted,0.0315,Nursing/Assisted Living,Residential Facility,,,BARRE,WASHINGTON,,,,,1
503903.4023,184396.9775,5407,redacted,0.72,Food Establishment,Grocery,,,BARRE,WASHINGTON,,,,,1
500079.9473,187718.0593,5408,redacted,0.05,Food Establishment,Caterer,,,BARRE,WASHINGTON,,,,,1
500151.9002,187706.9494,5409,redacted,0.18,Food Establishment,Convenience Store,,,BARRE,WASHINGTON,,,,,1
495781.4575,191886.1275,5410,redacted,0.26,Food Establishment,Restaurant,,,BERLIN,WASHINGTON,,,,,1
499776.1796,188662.5152,5411,redacted,0.26,Food Establishment,Restaurant,,,BARRE,WASHINGTON,,,,,1
499776.1796,188662.5152,5412,redacted,0.13,Food Establishment,Bakery,,,BARRE,WASHINGTON,,,,,1
499952.0378,188573.6218,5413,redacted,0.1,Food Establishment,Caterer,,,BARRE,WASHINGTON,,,,,1
495909.4168,192086.0495,5414,redacted,0.26,Food Establishment,Restaurant,,,BERLIN,WASHINGTON,,,,,1
495093.9312,191331.0418,5415,redacted,0.80325,Nursing/Assisted Living,Residential Facility,,,BARRE,WASHINGTON,,,,,1
495789.6183,192152.793,5417,redacted,0.26,Food Establishment,Restaurant,,,BARRE,WASHINGTON,,,,,1
498513.1453,188451.5666,5418,redacted,0.0315,Nursing/Assisted Living,Residential Facility,,,BARRE,WASHINGTON,,,,,1
500575.6238,187684.7505,5419,redacted,0.12845,Food Establishment,School,,,BARRE,WASHINGTON,,,,,1
500535.6237,188006.9719,5420,redacted,0.18,Food Establishment,Convenience Store,,,BARRE,WASHINGTON,,,,,1
500143.9118,187418.0582,5421,redacted,0.26,Food Establishment,Restaurant,,,BARRE,WASHINGTON,,,,,1
496244.6419,191508.0629,5422,redacted,0.72,Food Establishment,Grocery,,,BARRE,WASHINGTON,,,,,1
500959.3243,188018.1313,5423,redacted,0.0315,Nursing/Assisted Living,Residential Facility,,,BARRE,WASHINGTON,,,,,1
500095.9454,187129.1663,5424,redacted,0.26,Food Establishment,Restaurant,,,BARRE,WASHINGTON,,,,,1
499704.2408,188740.2965,5425,redacted,1.47,Food Establishment,Restaurant,,,BARRE,WASHINGTON,,,,,1
500127.8972,188673.6238,5426,redacted,0.042,Nursing/Assisted Living,Residential Facility,,,BARRE,WASHINGTON,,,,,1
504212.0851,189497.2036,5430,redacted,0.05,Food Establishment,Caterer,,,BARRE,WASHINGTON,,,,,1
499792.1555,188306.9559,5432,redacted,0.05775,Nursing/Assisted Living,Residential Facility,,,BARRE,WASHINGTON,,,,,1
501574.9041,187962.694,5433,redacted,0.13,Food Establishment,Grocery,Deli,,BARRE TOWN,WASHINGTON,,,,,1
499624.3117,188840.3016,5434,redacted,1.575,Food Establishment,Restaurant,,,BARRE,WASHINGTON,,,,,1
498992.7844,188507.0316,5436,redacted,0.84,Food Establishment,Restaurant,,,BARRE,WASHINGTON,,,,,1
503903.3759,184441.4221,5438,redacted,0.525,Food Establishment,Restaurant,,,BARRE,WASHINGTON,,,,,1
499496.4254,188940.3111,5440,redacted,0.05,Food Establishment,Restaurant,,,BARRE,WASHINGTON,,,,,1
498185.9134,190318.3351,5443,redacted,0.252,Food Establishment,Restaurant,,,BARRE,WASHINGTON,,,,,1
499816.1528,188851.4046,5445,redacted,0.26,Food Establishment,Restaurant,,,BARRE,WASHINGTON,,,,,1
498345.2411,188318.2722,5446,redacted,0.504,Nursing/Assisted Living,Residential Facility,,,BARRE,WASHINGTON,,,,,1
499424.5027,189129.2078,5447,redacted,0.8925,Food Establishment,Restaurant,,,BARRE,WASHINGTON,,,,,1
499504.2226,186340.2905,5448,redacted,0.735,Food Establishment,Restaurant,,,BARRE,WASHINGTON,,,,,1
498185.9134,190318.3351,5451,redacted,0.18,Food Establishment,Grocery,,,BARRE,WASHINGTON,,,,,1
499320.6107,189295.886,5452,redacted,0.18,Food Establishment,Convenience Store,,,BARRE,WASHINGTON,,,,,1
499888.0889,188606.9563,5454,redacted,1.155,Food Establishment,Restaurant,,,BARRE,WASHINGTON,,,,,1
501439.4317,185984.8719,5455,redacted,,Food Manufacturer,Sweets,,,BARRE,WASHINGTON,,,,,1
499760.2022,188929.1849,5456,redacted,0.05,Food Establishment,Caterer,,,BARRE,WASHINGTON,,,,,1
498185.9134,190318.3351,5457,redacted,0.18,Food Establishment,Convenience Store,,,BARRE,WASHINGTON,,,,,1
500888.0005,183384.7665,5459,redacted,0.18,Food Establishment,Convenience Store,,,BARRE TOWN,WASHINGTON,,,,,1
473916.3241,238317.5112,5460,redacted,0.168,Food Establishment,Restaurant,,,BARRE,WASHINGTON,,,,,1
499840.114,188073.6192,5461,redacted,0.05,Food Establishment,Mobile Unit,,,BARRE,WASHINGTON,,,,,1
499920.0613,188429.1764,5462,redacted,0.735,Food Establishment,Restaurant,,,BARRE,WASHINGTON,,,,,1
500031.9776,187995.8389,5463,redacted,0.21,Food Establishment,Restaurant,,,BARRE,WASHINGTON,,,,,1
499456.4785,189173.6499,5464,redacted,0.84,Food Establishment,Restaurant,,,BARRE,WASHINGTON,,,,,1
495612.9024,190730.6664,5465,redacted,0.74025,Nursing/Assisted Living,Residential Facility,,,BARRE,WASHINGTON,,,,,1
495141.717,191119.8923,5466,redacted,0.6405,Hospital,,,,BARRE,WASHINGTON,,,,,1
499712.2538,189184.745,5467,redacted,0.2625,Food Establishment,Restaurant,,,BARRE,WASHINGTON,,,,,1
499944.0448,188651.4004,5469,redacted,3.15,Food Establishment,Restaurant,,,BARRE,WASHINGTON,,,,,1
495933.0408,191530.4711,5470,redacted,0.18,Food Establishment,Grocery,,,BARRE CITY,WASHINGTON,,,,,1
500143.9035,187795.8388,5471,redacted,0.21,Food Establishment,Restaurant,,,BARRE,WASHINGTON,,,,,1
499808.1546,188684.7366,5472,redacted,0.25725,Food Establishment,Bar,Bars/Pubs,,BARRE,WASHINGTON,,,,,1
500079.9473,187718.0593,5473,redacted,0.26,Food Establishment,Restaurant,,,BARRE CITY,WASHINGTON,,,,,1
499776.1796,188662.5152,5474,redacted,0.42,Food Establishment,Restaurant,,,BARRE,WASHINGTON,,,,,1
499848.1193,188551.401,5475,redacted,0.26,Food Establishment,Restaurant,,,BARRE CITY,WASHINGTON,,,,,1
499520.4173,189106.9776,5476,redacted,0.189,Food Establishment,Bakery,,,BARRE,WASHINGTON,,,,,1
499888.0849,188373.6208,5477,redacted,0.18,Food Establishment,Convenience Store,,,BARRE,WASHINGTON,,,,,1
499776.1815,188718.0713,5478,redacted,0.72,Food Establishment,Grocery,,,BARRE CITY,WASHINGTON,,,,,1
499776.1815,188718.0713,5479,redacted,0.18,Food Establishment,Grocery,,,BARRE CITY,WASHINGTON,,,,,1
499776.1815,188718.0713,5480,redacted,0.603636177,Food Manufacturer,Bakery,,,BARRE CITY,WASHINGTON,,,,,1
500087.9465,187384.7236,5482,redacted,,Food Manufacturer,Food Processor,,,BARRE CITY,WASHINGTON,,,,,1
500087.9465,187384.7236,5483,redacted,0.603636177,Food Manufacturer,Food Processor,,,BARRE CITY,WASHINGTON,,,,,1
500599.5828,187962.5326,5484,redacted,0.126,Food Establishment,Restaurant,,,BARRE,WASHINGTON,,,,,1
500095.9422,187351.3901,5485,redacted,0.26,Food Establishment,Restaurant,,,BARRE CITY,WASHINGTON,,,,,1
499088.8638,189618.1397,5486,redacted,2.7615,Food Establishment,Restaurant,,,BARRE,WASHINGTON,,,,,1
499928.0542,188340.2866,5487,redacted,0.462,Food Establishment,Restaurant,,,BARRE,WASHINGTON,,,,,1
499704.2408,188740.2965,5488,redacted,0.26,Food Establishment,Restaurant,,,BARRE CITY,WASHINGTON,,,,,1
499656.2828,188795.8549,5490,redacted,0.26,Food Establishment,Restaurant,,,BARRE CITY,WASHINGTON,,,,,1
499792.1851,189240.2981,5492,redacted,0.05,Food Establishment,Concession Stand,,,BARRE,WASHINGTON,,,,,1
499624.3117,188840.3016,5493,redacted,0.26,Food Establishment,Restaurant,,,BARRE CITY,WASHINGTON,,,,,1
498952.8208,188540.3715,5494,redacted,0.13,Food Establishment,Bakery,,,BARRE CITY,WASHINGTON,,,,,1
499560.3662,188862.528,5495,redacted,0.168,Food Establishment,Restaurant,,,BARRE,WASHINGTON,,,,,1
499536.3893,188906.9745,5496,redacted,1.2075,Food Establishment,Restaurant,,,BARRE,WASHINGTON,,,,,1
499520.4035,188918.0869,5497,redacted,3.99,Food Establishment,Restaurant,,,BARRE,WASHINGTON,,,,,1
499432.4948,189118.0958,5498,redacted,0.18,Food Establishment,Grocery,,,BARRE CITY,WASHINGTON,,,,,1
499576.383,189329.1982,5499,redacted,0.18,Food Establishment,Grocery,,,BARRE CITY,WASHINGTON,,,,,1
499056.8846,189551.4769,5501,redacted,0.18,Food Establishment,Convenience Store,,,BARRE,WASHINGTON,,,,,1
499016.9387,189662.595,5502,redacted,0.05,Food Establishment,Caterer,,,BARRE CITY,WASHINGTON,,,,,1
499696.2335,188440.2941,5503,redacted,0.1875,Food Establishment,Caterer,,,BARRE CITY,WASHINGTON,,,,,1
499920.0613,188429.1764,5504,redacted,0.26,Food Establishment,Restaurant,,,BARRE CITY,WASHINGTON,,,,,1
500383.829,186318.0607,5505,redacted,0.18,Food Establishment,Convenience Store,,,BARRE TOWN,WASHINGTON,,,,,1
498544.8993,187451.5512,5510,redacted,0.13,Food Establishment,Home-based Business,,,BARRE TOWN,WASHINGTON,,,,,1
499016.523,186884.7931,5511,redacted,,Food Manufacturer,Dairy,Milk,,BARRE TOWN,WASHINGTON,,,,,1
500679.2111,191018.1283,5513,redacted,0.18,Food Establishment,Convenience Store,,,BARRE TOWN,WASHINGTON,,,,,1
499664.1508,186340.2804,5514,redacted,0.18,Food Establishment,Grocery,,,BARRE TOWN,WASHINGTON,,,,,1
502319.6565,184362.895,5516,redacted,0.72,Food Establishment,Grocery,,,BARRE TOWN,WASHINGTON,,,,,1
501031.6259,185773.6831,5517,redacted,4.165,Food Manufacturer,Dairy,Cheese,,BARRE TOWN,WASHINGTON,,,,,1
500799.011,191518.1485,5518,redacted,3.15,Food Establishment,Restaurant,,,BARRE,WASHINGTON,,,,,1
499776.1255,187073.6135,5519,redacted,0.429195,Food Establishment,Caterer,,,BARRE,WASHINGTON,,,,,1
502767.6837,184140.8454,5521,redacted,0.084,Food Establishment,Lodging,,,BARRE TOWN,WASHINGTON,,,,,1
501695.5026,185318.2632,5522,redacted,0.483075,Food Establishment,School,,,BARRE,WASHINGTON,,,,,1
500095.8847,191284.7641,5523,redacted,4.2,Food Establishment,Restaurant,,,BARRE TOWN,WASHINGTON,,,,,1
504055.2694,184574.8477,5524,redacted,0.18,Food Establishment,Caterer,,,EAST BARRE,WASHINGTON,,,,,1
500583.8001,185640.2942,5525,redacted,,Food Manufacturer,Food Processor,,,BARRE TOWN,WASHINGTON,,,,,1
490090.6707,195758.9959,5526,redacted,0.18,Food Establishment,Grocery,,,BERLIN,WASHINGTON,,,,,1
495141.717,191119.8923,5527,redacted,2.016,Food Establishment,Hospital,,,BERLIN,WASHINGTON,,,,,1
495141.717,191119.8923,5528,redacted,0.6405,Hospital,,,,BERLIN,WASHINGTON,,,,,1
495885.3441,191919.3954,5529,redacted,1.47,Food Establishment,Restaurant,,,BERLIN,WASHINGTON,,,,,1
495646.2157,192764.0073,5532,redacted,1.302,Food Establishment,Restaurant,,,MONTPELIER,WASHINGTON,,,,,1
494797.2145,189975.697,5533,redacted,1.3965,Food Establishment,Restaurant,,,BERLIN,WASHINGTON,,,,,1
493902.4728,190365.3606,5534,redacted,1.974,Food Establishment,Restaurant,,,BERLIN,WASHINGTON,,,,,1
493902.4728,190365.3606,5535,redacted,0.2625,Food Establishment,Restaurant,,,BERLIN,WASHINGTON,,,,,1
493902.4728,190365.3606,5536,redacted,0.18,Food Establishment,Convenience Store,,,MONTPELIER,WASHINGTON,,,,,1
494805.813,190742.3666,5537,redacted,0.26,Food Establishment,Restaurant,,,BERLIN,WASHINGTON,,,,,1
495885.1281,191574.9461,5539,redacted,0.399,Food Establishment,Restaurant,,,BERLIN,WASHINGTON,,,,,1
495717.8883,192419.5102,5541,redacted,0.21,Food Establishment,Restaurant,,,BERLIN,WASHINGTON,,,,,1
494270.1795,190476.142,5542,redacted,0.11752,Food Establishment,School,,,BERLIN,WASHINGTON,,,,,1
489432.7479,188837.6787,5543,redacted,0.18,Food Establishment,Grocery,,,BERLIN,WASHINGTON,,,,,1
496587.9515,190996.7574,5544,redacted,0.21,Food Establishment,Bakery,,,BERLIN,WASHINGTON,,,,,1
497274.962,190529.7636,5545,redacted,0.72,Food Establishment,Grocery,,,BERLIN,WASHINGTON,,,,,1
519261.3212,208780.3206,5547,redacted,,Food Manufacturer,Food Processor,,,CABOT,WASHINGTON,,,,,1
515174.8083,211491.8977,5548,redacted,0.032375,Food Establishment,School,,,CABOT,WASHINGTON,,,,,1
515015.7996,211358.1896,5549,redacted,0.26,Food Establishment,Restaurant,,,CABOT,WASHINGTON,,,,,1
515023.74,211369.3195,5550,redacted,0.084,Food Establishment,Restaurant,,,CABOT,WASHINGTON,,,,,1
515063.544,211380.523,5551,redacted,0.18,Food Establishment,Convenience Store,,,CABOT,WASHINGTON,,,,,1
515174.6948,208113.9566,5552,redacted,0.063,Food Establishment,B&B,,,CABOT,WASHINGTON,,,,,1
516130.3171,211649.7542,5553,redacted,,Food Manufacturer,Food Processor,,,CABOT,WASHINGTON,,,,,1
516249.9117,211605.6043,5554,redacted,0.18,Food Establishment,Grocery,,,CABOT,WASHINGTON,,,,,1
519140.2952,206568.7471,5555,redacted,0.315,Food Establishment,Camp,,,CABOT,WASHINGTON,,,,,1
505964.8844,204376.685,5556,redacted,0.020024038,Food Manufacturer,Alcohol Manufacturer,Wine,,CALAIS,WASHINGTON,,,,,1
500382.5416,208329.678,5557,redacted,0.18,Food Establishment,Restaurant,,,CALAIS,WASHINGTON,,,,,1
503844.982,202163.911,5558,redacted,0.075145,Food Establishment,School,,,CALAIS,WASHINGTON,,,,,1
504575.8682,206464.5299,5559,redacted,0.26,Food Establishment,Restaurant,,,CALAIS,WASHINGTON,,,,,1
504575.8682,206464.5299,5560,redacted,0.05,Food Establishment,Caterer,,,CALAIS,WASHINGTON,,,,,1
500764.9283,209651.9886,5561,redacted,0.18,Food Establishment,Grocery,"Beer, wine, liquor store",,CALAIS,WASHINGTON,,,,,1
505539.8079,207243.0842,5563,redacted,0.18,Food Establishment,Grocery,,,CALAIS,WASHINGTON,,,,,1
505233.8195,211098.5508,5564,redacted,,Food Manufacturer,Food Processor,,,CALAIS,WASHINGTON,,,,,1
497839.0615,204785.4462,5565,redacted,0.055,Food Establishment,Caterer,,,CALAIS,WASHINGTON,,,,,1
497839.0615,204785.4462,5566,redacted,0.05,Food Establishment,Home-based Business,,,CALAIS,WASHINGTON,,,,,1
473988.4202,204692.3931,5567,redacted,0.05,Food Establishment,Caterer,,,DUXBURY,WASHINGTON,,,,,1
478150.5341,202177.0459,5568,redacted,0.0525,Food Establishment,Restaurant,,,DUXBURY,WASHINGTON,,,,,1
477088.0552,194902.6305,5569,redacted,0.10115,School,School,,,DUXBURY,WASHINGTON,,,,,1
477088.0552,194902.6305,5570,redacted,0.054385,Food Establishment,School,,,DUXBURY,WASHINGTON,,,,,1
473947.3982,206403.757,5571,redacted,0.05,Food Establishment,Caterer,,,DUXBURY,WASHINGTON,,,,,1
479874.2524,202382.6355,5572,redacted,0.103295,Food Establishment,School,,,DUXBURY,WASHINGTON,,,,,1
477506.2882,200412.4896,5573,redacted,0.105,Food Establishment,B&B,,,DUXBURY,WASHINGTON,,,,,1
472869.9219,204185.8021,5574,redacted,0.13,Food Establishment,Home-based Business,,,DUXBURY,WASHINGTON,,,,,1
478124.5548,199177.0135,5575,redacted,0.294,Food Establishment,Lodging,,,DUXBURY,WASHINGTON,,,,,1
503903.4023,184396.9775,5576,redacted,0.05,Food Establishment,Convenience Store,,,BARRE,WASHINGTON,,,,,1
504055.2694,184574.8477,5579,redacted,0.05,Food Establishment,Convenience Store,,,EAST BARRE,WASHINGTON,,,,,1
505539.8079,207243.0842,5581,redacted,0.18,Food Establishment,Convenience Store,,,CALAIS,WASHINGTON,,,,,1
496567.9014,198485.8005,5582,redacted,0,Food Manufacturer,Food Processor,,,EAST MONTPELIER,WASHINGTON,,,,,1
497572.549,195685.2873,5583,redacted,0.063,Food Establishment,B&B,,,EAST MONTPELIER,WASHINGTON,,,,,1
501013.9397,196718.2716,5584,redacted,0.05,Food Establishment,Caterer,,,EAST MONTPELIER,WASHINGTON,,,,,1
501013.9397,196718.2716,5585,redacted,0.18,Food Establishment,Grocery,,,EAST MONTPELIER,WASHINGTON,,,,,1
503704.3722,196897.0219,5586,redacted,0.1365,Food Establishment,Restaurant,,,EAST MONTPELIER,WASHINGTON,,,,,1
497851.4173,193829.5991,5587,redacted,0.137725,Food Establishment,School,,,EAST MONTPELIER,WASHINGTON,,,,,1
500375.1364,198484.9119,5588,redacted,0.13447,Food Establishment,School,,,EAST MONTPELIER,WASHINGTON,,,,,1
471781.0634,188356.4398,5590,redacted,,Food Manufacturer,Food Processor,,,FAYSTON,WASHINGTON,,,,,1
466477.2188,189203.6121,5591,redacted,2.3625,Food Establishment,Restaurant,,,FAYSTON,WASHINGTON,,,,,1
470392.5389,187129.1814,5592,redacted,0.63,Food Establishment,Lodging,,,FAYSTON,WASHINGTON,,,,,1
469754.5322,187487.6521,5593,redacted,0.21,Food Establishment,Restaurant,,,FAYSTON,WASHINGTON,,,,,1
468703.6768,188437.0464,5594,redacted,1.575,Food Establishment,Lodging,,,FAYSTON,WASHINGTON,,,,,1
472234.7897,193565.7808,5595,redacted,0.021,Food Establishment,Restaurant,,,FAYSTON,WASHINGTON,,,,,1
470529.7382,189195.2917,5596,redacted,0.055,Food Establishment,Caterer,,,FAYSTON,WASHINGTON,,,,,1
471767.3895,187034.2411,5598,redacted,0.168,Food Establishment,Restaurant,,,FAYSTON,WASHINGTON,,,,,1
467870.5234,186441.0041,5599,redacted,3.675,Food Establishment,Restaurant,,,FAYSTON,WASHINGTON,,,,,1
467750.1961,186363.8132,5600,redacted,1.365,Food Establishment,Restaurant,,,FAYSTON,WASHINGTON,,,,,1
470783.2831,186894.0933,5601,redacted,0.8925,Food Establishment,Lodging,,,FAYSTON,WASHINGTON,,,,,1
471519.2356,186968.6432,5602,redacted,1.05,Food Establishment,Restaurant,,,FAYSTON,WASHINGTON,,,,,1
471407.0538,186913.5732,5603,redacted,0.252,Food Establishment,B&B,,,FAYSTON,WASHINGTON,,,,,1
469262.7264,186612.1305,5604,redacted,0.06215,Food Establishment,School,,,FAYSTON,WASHINGTON,,,,,1
468998.0667,186446.7018,5605,redacted,0.26,Food Establishment,Lodging,,,FAYSTON,WASHINGTON,,,,,1
500704.0123,183273.633,5606,redacted,0.05,Food Establishment,Caterer,,,GRANITEVILLE,WASHINGTON,,,,,1
504705.0275,193119.8112,5607,redacted,0.05,Food Establishment,Caterer,,,GRANITEVILLE,WASHINGTON,,,,,1
500687.9307,184051.4102,5608,redacted,0.05,Food Establishment,Caterer,,,GRANITEVILLE,WASHINGTON,,,,,1
508395.0023,199790.3173,5609,redacted,0.073325,Food Establishment,School,,,PLAINFIELD,WASHINGTON,,,,,1
509347.3751,209025.2763,5610,redacted,0.26,Food Establishment,Restaurant,,,MARSHFIELD,WASHINGTON,,,,,1
511887.6938,205595.93,5611,redacted,0.05,Food Establishment,Home-based Business,,,MARSHFIELD,WASHINGTON,,,,,1
512150.5952,205707.529,5612,redacted,0.26,Food Establishment,Convenience Store,,,MARSHFIELD,WASHINGTON,,,,,1
512102.7582,205707.4402,5613,redacted,0.18,Food Establishment,Convenience Store,,,MARSHFIELD,WASHINGTON,,,,,1
507919.1752,203923.1887,5614,redacted,0.05,Food Establishment,Caterer,,,MARSHFIELD,WASHINGTON,,,,,1
511799.7906,205706.8861,5615,redacted,0.13,Food Manufacturer,Bakery,,,MARSHFIELD,WASHINGTON,,,,,1
511680.2775,205662.2252,5616,redacted,0.252,Food Establishment,Bakery,,,MARSHFIELD,WASHINGTON,,,,,1
512150.5952,205707.529,5617,redacted,0.18,Food Establishment,Grocery,,,MARSHFIELD,WASHINGTON,,,,,1
506223.4065,200865.7015,5618,redacted,0.063,Food Establishment,B&B,,,MARSHFIELD,WASHINGTON,,,,,1
508594.2262,200001.693,5619,redacted,0.05,Food Establishment,Mobile Unit,,,MARSHFIELD,WASHINGTON,,,,,1
508877.1858,203179.9489,5621,redacted,,Food Manufacturer,Food Processor,,,MARSHFIELD,WASHINGTON,,,,,1
508044.792,205534.5116,5622,redacted,0.13,Food Establishment,Home-based Business,,,MARSHFIELD,WASHINGTON,,,,,1
508010.75,200778.7536,5623,redacted,0.105,Food Establishment,B&B,,,MARSHFIELD,WASHINGTON,,,,,1
506266.2344,197798.9926,5624,redacted,0.18,Food Establishment,Restaurant,,,MARSHFIELD,WASHINGTON,,,,,1
508325.1927,204479.2683,5625,redacted,0.0525,Food Establishment,B&B,,,MARSHFIELD,WASHINGTON,,,,,1
484782.4502,199969.2931,5627,redacted,0.03675,Nursing/Assisted Living,Residential Facility,,,MIDDLESEX,WASHINGTON,,,,,1
493259.2584,202110.6965,5628,redacted,0.13,Food Establishment,Bakery,,,MIDDLESEX,WASHINGTON,,,,,1
491811.8326,205645.8049,5630,redacted,0.104525,Food Establishment,School,,,MIDDLESEX,WASHINGTON,,,,,1
485658.4071,199133.9559,5631,redacted,0.26,Food Establishment,Restaurant,,,MIDDLESEX,WASHINGTON,,,,,1
485778.0716,199111.472,5632,redacted,0.18,Food Establishment,Grocery,,,MIDDLESEX,WASHINGTON,,,,,1
485403.5894,199390.0825,5634,redacted,0.315,Food Establishment,Bakery,,,MIDDLESEX,WASHINGTON,,,,,1
485403.5894,199390.0825,5635,redacted,0.603636177,Food Manufacturer,Food Processor,,,MIDDLESEX,WASHINGTON,,,,,1
493480.0637,199543.7302,5636,redacted,2.415,Food Establishment,Restaurant,,,MONTPELIER,WASHINGTON,,,,,1
496261.8947,193741.4219,5637,redacted,4.2,Food Establishment,Restaurant,,,MONTPELIER,WASHINGTON,,,,,1
493268.0325,195121.616,5638,redacted,4.725,Food Establishment,Restaurant,,,MONTPELIER,WASHINGTON,,,,,1
494322.4853,195509.515,5639,redacted,0.28589,Food Establishment,School,,,MONTPELIER,WASHINGTON,,,,,1
486613.3413,158354.2439,5640,redacted,0.1365,Food Establishment,Restaurant,,,MONTPELIER,WASHINGTON,,,,,1
494817.5534,195486.8823,5641,redacted,0.26775,Nursing/Assisted Living,Residential Facility,,,MONTPELIER,WASHINGTON,,,,,1
494521.9402,195298.2298,5643,redacted,0.26,Food Establishment,Restaurant,,,MONTPELIER,WASHINGTON,,,,,1
493723.6764,195598.9517,5644,redacted,2.73,Food Establishment,Restaurant,,,MONTPELIER,WASHINGTON,,,,,1
493787.2417,195265.5509,5648,redacted,0.252,Food Establishment,Restaurant,,,MONTPELIER,WASHINGTON,,,,,1
493675.7762,195610.1091,5649,redacted,0.18,Food Establishment,Convenience Store,,,MONTPELIER,WASHINGTON,,,,,1
493675.7762,195610.1091,5650,redacted,0.18,Food Establishment,Grocery,,,MONTPELIER,WASHINGTON,,,,,1
494960.4088,194342.3038,5651,redacted,1.2075,Food Establishment,Restaurant,,,MONTPELIER,WASHINGTON,,,,,1
493572.1657,195810.2142,5652,redacted,1.9425,Food Establishment,Restaurant,,,MONTPELIER,WASHINGTON,,,,,1
494011.1721,195632.0168,5653,redacted,1.89,Food Establishment,Restaurant,,,MONTPELIER,WASHINGTON,,,,,1
494011.1721,195632.0168,5654,redacted,0.26,Food Establishment,Restaurant,,,MONTPELIER,WASHINGTON,,,,,1
494019.1673,195643.1209,5656,redacted,0.18,Food Establishment,Grocery,"Beer, wine, liquor store",,MONTPELIER,WASHINGTON,,,,,1
493452.3258,195743.6647,5657,redacted,0.525,Food Establishment,Restaurant,,,MONTPELIER,WASHINGTON,,,,,1
493979.1908,195587.6007,5659,redacted,0.315,Food Establishment,Bar,,,MONTPELIER,WASHINGTON,,,,,1
493380.4162,195699.2915,5660,redacted,0.13,Food Establishment,Convenience Store,Deli,,MONTPELIER,WASHINGTON,,,,,1
494218.9024,195765.1665,5661,redacted,0.315,Food Establishment,Lodging,,,MONTPELIER,WASHINGTON,,,,,1
493196.8183,195755.0362,5662,redacted,0.18,Food Establishment,Grocery,,,MONTPELIER,WASHINGTON,,,,,1
494234.8918,195787.3751,5663,redacted,0.08925,Nursing/Assisted Living,Residential Facility,,,MONTPELIER,WASHINGTON,,,,,1
493907.0766,195320.9951,5664,redacted,0.4725,Food Establishment,Restaurant,,,MONTPELIER,WASHINGTON,,,,,1
493827.0962,195187.7339,5665,redacted,0.055,Food Establishment,Caterer,,,MONTPELIER,WASHINGTON,,,,,1
493907.1385,195387.6631,5666,redacted,0.26,Food Establishment,Restaurant,,,MONTPELIER,WASHINGTON,,,,,1
488535.6842,196950.4492,5667,redacted,0.26,Food Establishment,Restaurant,,,MONTPELIER,WASHINGTON,,,,,1
494173.9477,190098.4441,5669,redacted,0.72,Food Establishment,Caterer,,,BERLIN,WASHINGTON,,,,,1
494434.5807,195864.982,5670,redacted,0.07154,Food Establishment,School,,,MONTPELIER,WASHINGTON,,,,,1
493474.3347,193788.0482,5671,redacted,0.13125,Nursing/Assisted Living,Residential Facility,,,MONTPELIER,WASHINGTON,,,,,1
494251.0663,196020.6993,5672,redacted,0.13,Food Establishment,Bakery,,,MONTPELIER,WASHINGTON,,,,,1
495791.8003,195552.8525,5674,redacted,,Food Manufacturer,Food Processor,,,MONTPELIER,WASHINGTON,,,,,1
486741.2945,158087.3295,5675,redacted,0.72,Food Establishment,Bakery,,,MONTPELIER,WASHINGTON,,,,,1
493907.2831,195543.2218,5676,redacted,1.05,Food Establishment,Restaurant,,,MONTPELIER,WASHINGTON,,,,,1
498920.9992,189473.7192,5682,redacted,0.2625,Food Establishment,Restaurant,,,MONTPELIER,WASHINGTON,,,,,1
494905.5728,195720.1515,5683,redacted,0.525,Food Establishment,Restaurant,,,MONTPELIER,WASHINGTON,,,,,1
496852.9307,193674.4439,5684,redacted,0.1875,Food Establishment,Caterer,,,MONTPELIER,WASHINGTON,,,,,1
494146.9089,195620.7829,5685,redacted,0.13,Food Establishment,Bakery,,,MONTPELIER,WASHINGTON,,,,,1
493907.3244,195587.6671,5686,redacted,0.4725,Food Establishment,Restaurant,,,MONTPELIER,WASHINGTON,,,,,1
494498.7297,196187.157,5687,redacted,0.042,Food Establishment,Bakery,,,MONTPELIER,WASHINGTON,,,,,1
493883.2238,195432.1308,5688,redacted,0.603636177,Food Manufacturer,Food Processor,,,MONTPELIER,WASHINGTON,,,,,1
493883.2238,195432.1308,5690,redacted,0.42,Food Establishment,Restaurant,,,MONTPELIER,WASHINGTON,,,,,1
494114.8687,195509.6981,5691,redacted,0.252,Food Establishment,Restaurant,,,MONTPELIER,WASHINGTON,,,,,1
494466.8108,196209.4066,5692,redacted,0.18,Food Establishment,Convenience Store,,,MONTPELIER,WASHINGTON,,,,,1
493795.1746,195209.9867,5694,redacted,0.18,Food Establishment,Convenience Store,,,MONTPELIER,WASHINGTON,,,,,1
493867.1283,195298.8097,5695,redacted,1.365,Food Establishment,Restaurant,,,MONTPELIER,WASHINGTON,,,,,1
493899.3082,195554.3406,5696,redacted,,Food Manufacturer,Sweets,,,MONTPELIER,WASHINGTON,,,,,1
494130.8292,195498.5725,5697,redacted,0.252,Food Establishment,Restaurant,,,MONTPELIER,WASHINGTON,,,,,1
491471.5765,195379.2678,5698,redacted,0.26,Food Establishment,Restaurant,,,MONTPELIER,WASHINGTON,,,,,1
493923.3874,195687.6544,5699,redacted,0.21,Food Establishment,Restaurant,,,MONTPELIER,WASHINGTON,,,,,1
493883.3378,195554.3554,5700,redacted,0.1575,Food Establishment,Restaurant,,,MONTPELIER,WASHINGTON,,,,,1
494609.5341,194998.1512,5701,redacted,0.18871,School,College/University,,,MONTPELIER,WASHINGTON,,,,,1
496309.7441,193608.0591,5702,redacted,0.05,Food Establishment,Convenience Store,,,MONTPELIER,WASHINGTON,,,,,1
493914.8455,195087.6498,5703,redacted,0.18,Food Establishment,Convenience Store,,,MONTPELIER,WASHINGTON,,,,,1
495670.2475,192863.993,5704,redacted,0.18,Food Establishment,Convenience Store,,,MONTPELIER,WASHINGTON,,,,,1
493939.3678,195698.7509,5705,redacted,0.4725,Food Establishment,Restaurant,,,MONTPELIER,WASHINGTON,,,,,1
493995.151,195576.4748,5706,redacted,0.5145,Food Establishment,Restaurant,,,MONTPELIER,WASHINGTON,,,,,1
494055.5291,191709.6834,5708,redacted,0.357,Food Establishment,Restaurant,,,MONTPELIER,WASHINGTON,,,,,1
493875.3941,195598.8082,5710,redacted,0.735,Food Establishment,Restaurant,,,MONTPELIER,WASHINGTON,,,,,1
493052.9242,195599.6283,5711,redacted,0.054075,Food Establishment,School,,,MONTPELIER,WASHINGTON,,,,,1
493715.4995,195398.9554,5712,redacted,0.18,Food Establishment,Convenience Store,,,MONTPELIER,WASHINGTON,,,,,1
493922.8106,195065.4197,5713,redacted,0.105,Food Establishment,Restaurant,,,MONTPELIER,WASHINGTON,,,,,1
493899.3186,195565.4519,5714,redacted,0.24675,Food Establishment,Restaurant,,,MONTPELIER,WASHINGTON,,,,,1
493851.4074,195565.4967,5715,redacted,0.756,Food Establishment,Restaurant,,,MONTPELIER,WASHINGTON,,,,,1
494713.4491,195120.2912,5717,redacted,0.292105,School,College/University,,,MONTPELIER,WASHINGTON,,,,,1
494744.7776,194353.5844,5718,redacted,0.18,Food Establishment,Caterer,,,MONTPELIER,WASHINGTON,,,,,1
494050.7447,195243.0838,5722,redacted,1.05,Food Establishment,Restaurant,,,MONTPELIER,WASHINGTON,,,,,1
494066.6957,195220.8467,5724,redacted,0.04725,Nursing/Assisted Living,Residential Facility,,,MONTPELIER,WASHINGTON,,,,,1
494273.9236,194765.0977,5725,redacted,0.441,Food Establishment,Caterer,,,MONTPELIER,WASHINGTON,,,,,1
494020.9112,197554.2738,5726,redacted,0.13,Food Establishment,Home-based Business,,,MONTPELIER,WASHINGTON,,,,,1
494258.6908,195609.5727,5727,redacted,0.042,Nursing/Assisted Living,Residential Facility,,,MONTPELIER,WASHINGTON,,,,,1
493947.1886,195520.9621,5729,redacted,0.336,Food Establishment,Restaurant,,,MONTPELIER,WASHINGTON,,,,,1
493955.1841,195532.0661,5730,redacted,0.168,Food Establishment,Restaurant,,,MONTPELIER,WASHINGTON,,,,,1
494418.1475,195320.5401,5731,redacted,0.2625,Food Establishment,Restaurant,,,MONTPELIER,WASHINGTON,,,,,1
494314.1049,195053.9574,5732,redacted,0.13,Food Establishment,Bakery,,,MONTPELIER,WASHINGTON,,,,,1
494003.0955,195532.0221,5734,redacted,0.504,Food Establishment,Restaurant,,,MONTPELIER,WASHINGTON,,,,,1
494106.5239,195109.6974,5735,redacted,0.13,Food Manufacturer,Bakery,,,MONTPELIER,WASHINGTON,,,,,1
494043.0519,195565.3197,5736,redacted,0.4935,Food Establishment,Bakery,,,MONTPELIER,WASHINGTON,,,,,1
494043.0519,195565.3197,5739,redacted,0.525,Food Establishment,Restaurant,,,MONTPELIER,WASHINGTON,,,,,1
493835.458,195587.7343,5740,redacted,0.05,Food Establishment,Caterer,,,MONTPELIER,WASHINGTON,,,,,1
491479.5763,195390.3687,5741,redacted,0.05,Food Establishment,Caterer,,,MONTPELIER,WASHINGTON,,,,,1
479123.0804,194451.3778,5743,redacted,0.18,Food Establishment,Convenience Store,,,MORETOWN,WASHINGTON,,,,,1
478018.1393,193621.6308,5744,redacted,0.126,Food Establishment,B&B,,,MORETOWN,WASHINGTON,,,,,1
479460.2572,195005.8847,5746,redacted,0.05,Food Establishment,Home-based Business,,,MORETOWN,WASHINGTON,,,,,1
483748.8876,198293.9455,5747,redacted,,Food Manufacturer,Bakery,Bread/related products,,MORETOWN,WASHINGTON,,,,,1
453608.5042,256145.127,5748,redacted,0.72,Food Establishment,Grocery,,,ST ALBANS,FRANKLIN,,,,,1
453812.6701,257032.6964,5749,redacted,0.252,Food Establishment,Restaurant,,,SAINT ALBANS,FRANKLIN,,,,,1
454045.4353,258609.0747,5750,redacted,0.7875,Food Establishment,Restaurant,,,ST ALBANS,FRANKLIN,,,,,1
453844.9488,257121.3686,5751,redacted,,Food Manufacturer,Caterer,,,ST ALBANS,FRANKLIN,,,,,1
453844.9488,257121.3686,5752,redacted,0.13,Food Establishment,Caterer,,,ST ALBANS,FRANKLIN,,,,,1
454060.891,259664.7014,5753,redacted,0.72,Food Establishment,Grocery,,,ST ALBANS,FRANKLIN,,,,,1
454116.4505,258586.3413,5754,redacted,0.819,Food Establishment,Restaurant,,,ST ALBANS,FRANKLIN,,,,,1
453496.3008,255945.9035,5755,redacted,0.26,Food Establishment,Restaurant,,,ST ALBANS,FRANKLIN,,,,,1
453496.3008,255945.9035,5756,redacted,0.18,Food Establishment,Grocery,,,ST ALBANS,FRANKLIN,,,,,1
453927.4298,259799.0134,5757,redacted,0.252,Food Establishment,Restaurant,,,ST ALBANS,FRANKLIN,,,,,1
454086.2,259886.7811,5758,redacted,0.26,Food Establishment,Restaurant,,,ST ALBANS,FRANKLIN,,,,,1
454054.8913,259931.4571,5759,redacted,0.18,Food Establishment,Grocery,,,ST ALBANS,FRANKLIN,,,,,1
454079.499,257842.0338,5760,redacted,0.4725,Food Establishment,Restaurant,,,ST ALBANS,FRANKLIN,,,,,1
456309.7094,256637.4063,5761,redacted,0.13,Food Establishment,Bakery,,,ST ALBANS,FRANKLIN,,,,,1
453234.7446,256970.1954,5762,redacted,0.18,Food Establishment,Grocery,"Beer, wine, liquor store",,ST ALBANS,FRANKLIN,,,,,1
454118.3027,259953.23,5763,redacted,0.26,Food Establishment,Restaurant,,,ST ALBANS CITY,FRANKLIN,,,,,1
450476.4893,269593.2024,5764,redacted,0.18,Food Establishment,Grocery,,,SWANTON ,FRANKLIN,,,,,1
453827.2138,256854.7841,5765,redacted,1.47,Food Establishment,Restaurant,,,ST ALBANS,FRANKLIN,,,,,1
453894.8224,256354.2148,5766,redacted,0.0315,Nursing/Assisted Living,Residential Facility,,,ST ALBANS,FRANKLIN,,,,,1
453256.0495,255547.5775,5767,redacted,0.055,Food Establishment,Caterer,,,ST ALBANS,FRANKLIN,,,,,1
453256.0495,255547.5775,5768,redacted,0.05,Food Establishment,Caterer,,,ST ALBANS,FRANKLIN,,,,,1
454126.183,258841.8711,5769,redacted,0.26,Food Establishment,Restaurant,,,ST ALBANS,FRANKLIN,,,,,1
453835.9219,256965.8515,5771,redacted,0.26,Food Establishment,Restaurant,,,ST ALBANS,FRANKLIN,,,,,1
453995.1229,258209.3662,5772,redacted,0.05,Food Establishment,Caterer,,,ST ALBANS,FRANKLIN,,,,,1
453635.923,256656.1266,5773,redacted,0.05,Food Establishment,Caterer,,,ST ALBANS,FRANKLIN,,,,,1
454970.56,256324.3676,5774,redacted,0.05,Food Establishment,Caterer,,,ST ALBANS,FRANKLIN,,,,,1
454206.9382,260185.9713,5775,redacted,0.26,Food Establishment,Restaurant,,,ST ALBANS,FRANKLIN,,,,,1
453843.9119,256976.9071,5776,redacted,1.05,Food Establishment,Restaurant,,,ST ALBANS,FRANKLIN,,,,,1
452885.7521,254683.4662,5777,redacted,0.294,Nursing/Assisted Living,Residential Facility,,,ST ALBANS,FRANKLIN,,,,,1
453765.2892,257044.1499,5778,redacted,0.588,Food Establishment,Restaurant,,,ST ALBANS,FRANKLIN,,,,,1
453843.9917,256988.0195,5779,redacted,0.2625,Food Establishment,Restaurant,,,ST ALBANS,FRANKLIN,,,,,1
453765.2892,257044.1499,5780,redacted,0.13,Food Establishment,Restaurant,Bars/Pubs,,ST ALBANS,FRANKLIN,,,,,1
454056.1629,260109.2566,5781,redacted,0.7875,Food Establishment,Restaurant,,,ST ALBANS,FRANKLIN,,,,,1
453984.9261,260098.6534,5782,redacted,0.7875,Food Establishment,Restaurant,,,ST ALBANS,FRANKLIN,,,,,1
452151.0433,256978.1678,5783,redacted,0.72,Food Establishment,Grocery,,,ST ALBANS,FRANKLIN,,,,,1
453818.9842,256810.3913,5784,redacted,0.13,Food Establishment,Restaurant,Bars/Pubs,,ST ALBANS,FRANKLIN,,,,,1
451067.9974,247695.8679,5785,redacted,0.055,Food Establishment,Caterer,,,GEORGIA,FRANKLIN,,,,,1
453733.7286,257055.4899,5786,redacted,0.13,Food Establishment,Restaurant,Bars/Pubs,,ST ALBANS,FRANKLIN,,,,,1
452868.268,256617.2546,5787,redacted,0.13,Food Establishment,Bakery,,,ST ALBANS,FRANKLIN,,,,,1
453858.1377,256754.5453,5788,redacted,0.7245,Food Establishment,Restaurant,,,ST ALBANS,FRANKLIN,,,,,1
454107.7845,256263.788,5789,redacted,0.05,Food Establishment,Home-based Business,,,ST ALBANS CITY,FRANKLIN,,,,,1
449530.7518,256742.5978,5790,redacted,0.13,Food Establishment,Home-based Business,,,ST ALBANS CITY,FRANKLIN,,,,,1
454201.2351,259385.8738,5791,redacted,1.26,Food Establishment,Restaurant,,,ST ALBANS,FRANKLIN,,,,,1
454868.0446,258625.4717,5792,redacted,0.60375,Nursing/Assisted Living,Residential Facility,,,ST ALBANS,FRANKLIN,,,,,1
454986.9786,258669.0896,5793,redacted,0.21,Nursing/Assisted Living,Residential Facility,,,ST ALBANS,FRANKLIN,,,,,1
453900.1597,257098.7465,5794,redacted,0.18,Food Establishment,Restaurant,,,ST ALBANS,FRANKLIN,,,,,1
453786.544,256699.4944,5795,redacted,0.18,Food Establishment,Grocery,,,ST ALBANS,FRANKLIN,,,,,1
454181.8343,256663.3271,5796,redacted,0.063,Food Establishment,Lodging,,,ST ALBANS CITY,FRANKLIN,,,,,1
454291.7929,256551.4149,5797,redacted,0.05,Food Establishment,Home-based Business,,,ST ALBANS CITY,FRANKLIN,,,,,1
454689.0521,256793.089,5798,redacted,0.1575,Nursing/Assisted Living,Residential Facility,,,ST ALBANS,FRANKLIN,,,,,1
454060.2986,258475.6123,5799,redacted,0.26,Food Establishment,Restaurant,,,ST ALBANS CITY,FRANKLIN,,,,,1
454279.1317,256996.0239,5800,redacted,0.13,Food Establishment,Home-based Business,,,ST ALBANS CITY,FRANKLIN,,,,,1
453770.4833,256666.2709,5801,redacted,0.05,Food Establishment,Convenience Store,,,ST ALBANS,FRANKLIN,,,,,1
454645.9726,255170.9017,5802,redacted,0.063,Food Establishment,Restaurant,,,ST ALBANS,FRANKLIN,,,,,1
454060.0603,258442.275,5803,redacted,0.05,Food Establishment,Caterer,,,ST ALBANS,FRANKLIN,,,,,1
454693.1341,255126.1176,5804,redacted,0.18,Food Establishment,Grocery,,,ST ALBANS,FRANKLIN,,,,,1
454693.1341,255126.1176,5805,redacted,0.063,Food Establishment,Bakery,,,ST ALBANS CITY,FRANKLIN,,,,,1
457023.0075,259199.6869,5806,redacted,0.13,Food Establishment,Bakery,,,ST ALBANS,FRANKLIN,,,,,1
453860.8486,257132.3674,5807,redacted,0.315,Food Establishment,Restaurant,,,ST ALBANS,FRANKLIN,,,,,1
453860.9284,257143.4799,5808,redacted,0.252,Food Establishment,Restaurant,,,ST ALBANS,FRANKLIN,,,,,1
452588.7411,255185.7319,5809,redacted,0.18,Food Establishment,Grocery,Specialty foods,,ST ALBANS,FRANKLIN,,,,,1
453861.0878,257165.7047,5810,redacted,0.2415,Food Establishment,Restaurant,,,ST ALBANS,FRANKLIN,,,,,1
453687.5485,257233.6302,5811,redacted,0.18,Food Establishment,Grocery,,,ST ALBANS,FRANKLIN,,,,,1
453685.3075,256922.4825,5812,redacted,1.365,Food Establishment,Restaurant,,,ST ALBANS,FRANKLIN,,,,,1
453524.8024,260979.8975,5813,redacted,0.05,Food Establishment,Caterer,,,ST ALBANS,FRANKLIN,,,,,1
454012.8876,257375.7641,5814,redacted,1.4595,Food Establishment,Restaurant,,,ST ALBANS CITY,FRANKLIN,,,,,1
453614.1149,256922.9957,5815,redacted,0.26,Food Establishment,Restaurant,,,ST ALBANS CITY,FRANKLIN,,,,,1
453812.6701,257032.6964,5816,redacted,0.26,Food Establishment,Restaurant,,,ST ALBANS CITY,FRANKLIN,,,,,1
454045.4353,258609.0747,5817,redacted,0.26,Food Establishment,Restaurant,,,ST ALBANS CITY,FRANKLIN,,,,,1
453720.7078,257444.5385,5818,redacted,,Food Manufacturer,Dairy,Creamery,,ST ALBANS CITY,FRANKLIN,,,,,1
453827.2138,256854.7841,5819,redacted,0.252,Food Establishment,Restaurant,,,ST ALBANS,FRANKLIN,,,,,1
453630.3956,255889.3706,5820,redacted,0.353865,Food Establishment,School,,,SAINT ALBANS,FRANKLIN,,,,,1
453112.365,241213.0397,5821,redacted,0.40425,Food Establishment,Bar,Bars/Pubs,,ST ALBANS CITY,FRANKLIN,,,,,1
453360.8388,255813.5285,5822,redacted,0.13,Food Establishment,Restaurant,Deli,,ST ALBANS CITY,FRANKLIN,,,,,1
453250.565,256970.0803,5823,redacted,0.13,Food Establishment,Restaurant,Deli,,ST ALBANS,FRANKLIN,,,,,1
453660.1353,256722.63,5824,redacted,0.05,Food Establishment,Caterer,,,ST ALBANS,FRANKLIN,,,,,1
453234.7446,256970.1954,5825,redacted,0.05,Food Establishment,Caterer,,,ST ALBANS CITY,FRANKLIN,,,,,1
454345.9848,256384.3355,5826,redacted,0.05,Food Establishment,Caterer,,,ST ALBANS CITY,FRANKLIN,,,,,1
453995.1229,258209.3662,5827,redacted,0.72,Food Establishment,Grocery,,,ST ALBANS CITY,FRANKLIN,,,,,1
454011.3378,258264.8152,5828,redacted,0.13,Food Establishment,Restaurant,Deli,,ST ALBANS,FRANKLIN,,,,,1
454091.2177,258375.3743,5829,redacted,0.18,Food Establishment,Convenience Store,,,ST ALBANS,FRANKLIN,,,,,1
453218.2914,257970.4863,5830,redacted,0.36084,Food Establishment,School,,,SAINT ALBANS,FRANKLIN,,,,,1
453693.2978,256933.538,5831,redacted,0.26,Food Establishment,Restaurant,,,ST ALBANS CITY,FRANKLIN,,,,,1
453733.7286,257055.4899,5832,redacted,0.63,Food Establishment,Restaurant,,,ST ALBANS,FRANKLIN,,,,,1
453732.8491,256933.2533,5833,redacted,0.05,Food Establishment,Lodging,,,ST ALBANS CITY,FRANKLIN,,,,,1
453709.9982,257055.6607,5834,redacted,0.86625,Food Establishment,Bar,Bars/Pubs,,ST ALBANS,FRANKLIN,,,,,1
453858.1377,256754.5453,5835,redacted,0.26,Food Establishment,Restaurant,,,ST ALBANS CITY,FRANKLIN,,,,,1
453900.1597,257098.7465,5836,redacted,0.05,Food Establishment,Caterer,,,ST ALBANS CITY,FRANKLIN,,,,,1
453786.544,256699.4944,5837,redacted,0.13,Food Establishment,Restaurant,Deli,,ST ALBANS CITY,FRANKLIN,,,,,1
453904.4855,256598.6311,5838,redacted,0.21,Food Establishment,School,,,SAINT ALBANS,FRANKLIN,,,,,1
453860.8486,257132.3674,5839,redacted,0.13,Food Establishment,Restaurant,,,ST ALBANS CITY,FRANKLIN,,,,,1
453750.508,257188.7251,5840,redacted,0.084,Food Establishment,Restaurant,,,ST ALBANS CITY,FRANKLIN,,,,,1
453861.0878,257165.7047,5841,redacted,0.26,Food Establishment,Restaurant,,,ST ALBANS CITY,FRANKLIN,,,,,1
453564.6502,261024.0615,5842,redacted,0.72,Food Establishment,Restaurant,,,ST ALBANS,FRANKLIN,,,,,1
451801.2478,257803.1458,5843,redacted,0.05,Food Establishment,Caterer,,,ST ALBANS TOWN,FRANKLIN,,,,,1
449434.5147,256576.6573,5844,redacted,0.3465,Food Establishment,Bar,Bars/Pubs,,ST ALBANS TOWN,FRANKLIN,,,,,1
454116.4505,258586.3413,5845,redacted,0.05,Food Establishment,Caterer,,,ST ALBANS TOWN,FRANKLIN,,,,,1
453823.6039,259655.2893,5846,redacted,0.72,Food Establishment,Grocery,,,ST ALBANS,FRANKLIN,,,,,1
453927.4298,259799.0134,5848,redacted,0.26,Food Establishment,Restaurant,,,ST ALBANS CITY,FRANKLIN,,,,,1
454045.5147,258620.1871,5849,redacted,0.13,Food Establishment,Restaurant,Deli,,ST ALBANS TOWN,FRANKLIN,,,,,1
454126.183,258841.8711,5850,redacted,0.26,Food Establishment,Restaurant,,,ST ALBANS TOWN,FRANKLIN,,,,,1
454198.3189,260086.0155,5851,redacted,0.8925,Food Establishment,Restaurant,,,ST ALBANS,FRANKLIN,,,,,1
454206.9382,260185.9713,5852,redacted,0.05,Food Establishment,Bakery,,,ST ALBANS,FRANKLIN,,,,,1
454056.1629,260109.2566,5853,redacted,0.26,Food Establishment,Restaurant,,,ST ALBANS TOWN,FRANKLIN,,,,,1
452254.3713,257044.078,5854,redacted,0.26,Food Establishment,Restaurant,,,SAINT ALBANS,FRANKLIN,,,,,1
452151.0433,256978.1678,5855,redacted,0.903,Food Establishment,Restaurant,,,ST ALBANS TOWN,FRANKLIN,,,,,1
453936.8504,260010.0936,5856,redacted,0.26,Food Establishment,Restaurant,,,ST ALBANS,FRANKLIN,,,,,1
452742.9137,255706.9083,5857,redacted,,Food Manufacturer,Sweets,,,ST ALBANS CITY,FRANKLIN,,,,,1
454765.9871,255358.9767,5858,redacted,0.315,Food Establishment,Restaurant,,,ST ALBANS CITY,FRANKLIN,,,,,1
446440.4788,263735.5983,5859,redacted,0.18,Food Establishment,Grocery,,,ST ALBANS TOWN,FRANKLIN,,,,,1
454645.9726,255170.9017,5860,redacted,0.13,Food Establishment,Restaurant,Deli,,ST ALBANS,FRANKLIN,,,,,1
454676.4481,255003.9929,5861,redacted,0.05,Food Establishment,Lodging,,,ST ALBANS,FRANKLIN,,,,,1
449512.8371,256476.0242,5862,redacted,0.26,Food Establishment,Restaurant,,,ST ALBANS TOWN,FRANKLIN,,,,,1
444282.9804,252774.0528,5863,redacted,0.05,Food Establishment,Caterer,,,ST ALBANS CITY,FRANKLIN,,,,,1
454462.9643,255027.7261,5864,redacted,0.05,Food Establishment,Caterer,,,ST ALBANS CITY,FRANKLIN,,,,,1
451523.4583,269185.1153,5866,redacted,0.2625,Food Establishment,Restaurant,,,SWANTON,FRANKLIN,,,,,1
451461.8781,268352.087,5867,redacted,0.26,Food Establishment,Restaurant,,,SWANTON,FRANKLIN,,,,,1
451572.5938,269418.1222,5868,redacted,0.05,Food Establishment,Caterer,,,SWANTON,FRANKLIN,,,,,1
451658.0122,269228.5515,5869,redacted,0.21,Food Establishment,Bakery,,,SWANTON,FRANKLIN,,,,,1
451729.9897,269350.2546,5870,redacted,0.05,Food Establishment,Bakery,,,SWANTON,FRANKLIN,,,,,1
450431.9593,269960.286,5871,redacted,,Food Manufacturer,Meat/Poultry/Seafood,,,SWANTON,FRANKLIN,,,,,1
449765.4805,270543.3723,5873,redacted,2.769230769,Food Manufacturer,Feed/Animal Products,,,SWANTON,FRANKLIN,,,,,1
451768.879,269272.1688,5874,redacted,0.7875,Food Establishment,Restaurant,,,SWANTON,FRANKLIN,,,,,1
451824.2282,269282.8656,5876,redacted,0.18,Food Establishment,Grocery,,,SWANTON,FRANKLIN,,,,,1
451824.2282,269282.8656,5877,redacted,0.189,Food Establishment,Restaurant,,,SWANTON,FRANKLIN,,,,,1
452171.6947,269291.3751,5878,redacted,0.21,Food Establishment,Caterer,,,SWANTON,FRANKLIN,,,,,1
454674.5208,261460.6546,5879,redacted,0.2625,Food Establishment,Bakery,,,SWANTON,FRANKLIN,,,,,1
450677.0459,268980.4239,5880,redacted,0.126,Food Establishment,Restaurant,,,SWANTON,FRANKLIN,,,,,1
453232.1146,265293.9106,5881,redacted,,Food Manufacturer,Food Processor,,,SWANTON,FRANKLIN,,,,,1
442898.6665,272434.6626,5882,redacted,0.72,Food Establishment,Grocery,,,SWANTON,FRANKLIN,,,,,1
450285.0326,269339.0796,5883,redacted,0.634615385,Food Manufacturer,Feed/Animal Products,,,SWANTON,FRANKLIN,,,,,1
451597.5411,268539.9861,5884,redacted,0.337305,Food Establishment,School,,,SWANTON,FRANKLIN,,,,,1
450739.2697,268857.6991,5885,redacted,0.05,Food Establishment,Caterer,,,SWANTON,FRANKLIN,,,,,1
450488.4996,269104.1245,5886,redacted,0.26,Food Establishment,Restaurant,,,SWANTON,FRANKLIN,,,,,1
450914.7613,269089.7309,5887,redacted,0.105,Nursing/Assisted Living,Residential Facility,,,SWANTON,FRANKLIN,,,,,1
450566.5952,268992.3885,5888,redacted,1.05,Food Establishment,Restaurant,,,SWANTON,FRANKLIN,,,,,1
449914.6841,261340.4314,5889,redacted,1.2915,Correctional Facility,,,,SWANTON,FRANKLIN,,,,,1
450747.4216,268890.9762,5890,redacted,0.72,Food Establishment,Grocery,,,SWANTON,FRANKLIN,,,,,1
456707.7581,264047.0724,5891,redacted,0,,,,,ST ALBANS CITY,FRANKLIN,,,,,1
450473.0526,269148.6971,5892,redacted,0.26,Food Establishment,Restaurant,,,SWANTON,FRANKLIN,,,,,1
451051.9586,270511.1822,5893,redacted,0.13,Food Establishment,Bakery,,,SWANTON,FRANKLIN,,,,,1
453497.3524,270270.6913,5894,redacted,0.18,Food Establishment,Grocery,,,SWANTON,FRANKLIN,,,,,1
450527.8045,269081.5943,5895,redacted,0.26,Food Establishment,Restaurant,,,SWANTON,FRANKLIN,,,,,1
444364.6534,270399.0914,5896,redacted,0.105,Food Establishment,Caterer,,,SWANTON,FRANKLIN,,,,,1
453253.6992,261748.6677,5897,redacted,0.26,Food Establishment,Restaurant,,,SWANTON,FRANKLIN,,,,,1
451238.5543,269098.3714,5898,redacted,0.26,Food Establishment,Restaurant,,,SWANTON,FRANKLIN,,,,,1
450802.8613,268912.7768,5899,redacted,0.18,Food Establishment,Grocery,"Beer, wine, liquor store",,SWANTON,FRANKLIN,,,,,1
450810.8422,268923.8288,5900,redacted,0.05,Food Establishment,Caterer,,,SWANTON,FRANKLIN,,,,,1
450668.9793,268958.2595,5901,redacted,0.42,Food Establishment,Restaurant,,,SWANTON,FRANKLIN,,,,,1
451444.3378,269163.488,5902,redacted,0.18,Food Establishment,Caterer,,,SWANTON,FRANKLIN,,,,,1
451444.3378,269163.488,5903,redacted,0.055,Food Establishment,Caterer,,,SWANTON,FRANKLIN,,,,,1
475317.4436,276672.6691,5905,redacted,0.21,Food Establishment,Restaurant,,,WEST BERKSHIRE,FRANKLIN,,,,,1
436730.5843,274382.0166,5906,redacted,0.72,Food Establishment,Grocery,,,ALBURGH,GRAND ISLE,,,,,1
437001.5393,277057.7727,5907,redacted,0.26,Food Establishment,Restaurant,,,ALBURGH,GRAND ISLE,,,,,1
436574.1756,275317.1267,5908,redacted,0.13,Food Establishment,Restaurant,Deli,,ALBURGH,GRAND ISLE,,,,,1
437051.6018,275734.7334,5909,redacted,0.09765,Food Establishment,School,,,ALBURGH,GRAND ISLE,,,,,1
436947.0943,275535.7145,5910,redacted,0.05,Food Establishment,Caterer,,,ALBURGH,GRAND ISLE,,,,,1
436947.0943,275535.7145,5911,redacted,0.18,Food Establishment,Restaurant,,,ALBURGH,GRAND ISLE,,,,,1
435854.6133,271212.193,5912,redacted,,Food Manufacturer,Sweets,,,ALBURGH,GRAND ISLE,,,,,1
441612.453,275046.859,5913,redacted,0.26,Food Establishment,Restaurant,,,ALBURGH,GRAND ISLE,,,,,1
436381.7943,267861.6993,5914,redacted,1.05,Food Establishment,Restaurant,,,ALBURGH,GRAND ISLE,,,,,1
438640.1389,273585.4496,5915,redacted,0.18,Food Establishment,Convenience Store,,,ALBURGH,GRAND ISLE,,,,,1
438640.1389,273585.4496,5916,redacted,0.18,Food Establishment,Grocery,,,ALBURGH,GRAND ISLE,,,,,1
442537.8661,277072.273,5917,redacted,0.13,Food Establishment,Bakery,,,ALBURGH,GRAND ISLE,,,,,1
434613.855,278015.3288,5918,redacted,0.18,Food Establishment,Grocery,,,ALBURGH,GRAND ISLE,,,,,1
437117.433,276011.9311,5919,redacted,0.18,Food Establishment,Grocery,,,ALBURGH,GRAND ISLE,,,,,1
437117.433,276011.9311,5920,redacted,0.055,Food Establishment,Caterer,,,ALBURGH,GRAND ISLE,,,,,1
439201.8769,272913.2641,5921,redacted,0.084,Food Establishment,B&B,,,ALBURGH,GRAND ISLE,,,,,1
436947.3135,275557.94,5922,redacted,0.26,Food Establishment,Restaurant,,,ALBURGH,GRAND ISLE,,,,,1
436670.8841,274727.1356,5923,redacted,0.05,Food Establishment,Caterer,,,ALBURGH,GRAND ISLE,,,,,1
440946.1485,273797.1335,5924,redacted,0.105,Food Establishment,B&B,,,ALBURGH,GRAND ISLE,,,,,1
434086.3945,248858.3933,5925,redacted,0.084,Food Establishment,Restaurant,,,GRAND ISLE,GRAND ISLE,,,,,1
437127.9654,247216.5826,5926,redacted,0.3465,Food Establishment,Restaurant,,,GRAND ISLE,GRAND ISLE,,,,,1
436466.1222,245178.2185,5927,redacted,0,Food Manufacturer,Sweets,,,COLCHESTER,CHITTENDEN,,,,,1
436369.3802,245012.4721,5928,redacted,0.05,Food Establishment,Caterer,,,GRAND ISLE,GRAND ISLE,,,,,1
453730.4129,215516.5211,5929,redacted,0.063,Food Establishment,B&B,,,GRAND ISLE,GRAND ISLE,,,,,1
432682.4477,243360.6328,5930,redacted,0.26,Food Establishment,Restaurant,,,GRAND ISLE,GRAND ISLE,,,,,1
437030.7272,246995.265,5931,redacted,0.05,Food Establishment,Caterer,,,GRAND ISLE,GRAND ISLE,,,,,1
437344.8924,247525.6443,5932,redacted,0.123735,Food Establishment,School,,,GRAND ISLE,GRAND ISLE,,,,,1
433895.1271,246426.5114,5933,redacted,0.05,Food Establishment,Caterer,,,GRAND ISLE,GRAND ISLE,,,,,1
437266.0746,248382.1357,5934,redacted,0.147,Food Establishment,Restaurant,,,GRAND ISLE,GRAND ISLE,,,,,1
435868.2657,248818.1951,5935,redacted,0.05,Food Establishment,Caterer,,,GRAND ISLE,GRAND ISLE,,,,,1
434187.8199,244045.2575,5936,redacted,0.05,Food Establishment,Home-based Business,,,GRAND ISLE,GRAND ISLE,,,,,1
438284.2619,247994.4582,5937,redacted,0.05,Food Manufacturer,Food Processor,,,GRAND ISLE,GRAND ISLE,,,,,1
434651.2732,262344.4828,5938,redacted,0.13125,Food Establishment,Lodging,,,ISLE LA MOTTE,GRAND ISLE,,,,,1
433457.0191,264568.3819,5939,redacted,0.13,Food Establishment,Lodging,,,ISLE LA MOTTE,GRAND ISLE,,,,,1
433893.755,264775.0276,5940,redacted,0.05,Food Establishment,Caterer,,,ISLE LA MOTTE,GRAND ISLE,,,,,1
432051.7408,262449.2668,5941,redacted,0.26,Food Establishment,Restaurant,,,ISLE LA MOTTE,GRAND ISLE,,,,,1
432051.7408,262449.2668,5942,redacted,0.252,Food Establishment,Lodging,,,ISLE LA MOTTE,GRAND ISLE,,,,,1
431713.8624,261152.5421,5943,redacted,0.13,Food Establishment,Home-based Business,,,ISLE LA MOTTE,GRAND ISLE,,,,,1
433144.1473,261081.925,5944,redacted,0.126,Food Establishment,Restaurant,,,ISLE LA MOTTE,GRAND ISLE,,,,,1
433066.3706,264994.7688,5945,redacted,0.01582,Food Establishment,School,,,ISLE LA MOTTE,GRAND ISLE,,,,,1
433630.4983,264533.2436,5946,redacted,0.05,Food Establishment,Caterer,,,ISLE LA MOTTE,GRAND ISLE,,,,,1
431722.9491,261263.583,5947,redacted,2.0895,Food Establishment,Restaurant,,,ISLE LA MOTTE,GRAND ISLE,,,,,1
435885.1609,252107.5955,5948,redacted,1.44375,Food Establishment,Camp,,,NORTH HERO,GRAND ISLE,,,,,1
436916.3176,253920.0133,5949,redacted,0.13,Food Establishment,Home-based Business,,,NORTH HERO,GRAND ISLE,,,,,1
436632.5342,259657.364,5950,redacted,0.105,Food Establishment,Mobile Unit,,,NORTH HERO,GRAND ISLE,,,,,1
437674.6187,256213.1059,5951,redacted,0.8925,Food Establishment,Lodging,,,NORTH HERO,GRAND ISLE,,,,,1
439009.5035,265135.5512,5952,redacted,0.05,Food Establishment,Mobile Unit,,,NORTH HERO,GRAND ISLE,,,,,1
437459.2414,257659.9474,5953,redacted,0.13,Food Establishment,Home-based Business,,,NORTH HERO,GRAND ISLE,,,,,1
437459.2414,257659.9474,5954,redacted,0.042,Food Establishment,Caterer,,,NORTH HERO,GRAND ISLE,,,,,1
439654.5645,261473.105,5956,redacted,0.029945,Food Establishment,School,,,NORTH HERO,GRAND ISLE,,,,,1
439528.1589,265675.2044,5957,redacted,0.13,Food Establishment,Home-based Business,,,NORTH HERO,GRAND ISLE,,,,,1
439040.5767,265079.6879,5958,redacted,0.18,Food Establishment,Bakery,,,NORTH HERO,GRAND ISLE,,,,,1
437516.3362,257837.208,5959,redacted,0.756,Food Establishment,Restaurant,,,NORTH HERO,GRAND ISLE,,,,,1
434733.5553,240783.5203,5960,redacted,0.13,Food Establishment,Bakery,Deli,,SOUTH HERO,GRAND ISLE,,,,,1
434733.5553,240783.5203,5961,redacted,0.72,Food Establishment,Caterer,,,SOUTH HERO,GRAND ISLE,,,,,1
436331.2182,237111.3468,5962,redacted,0.05,Food Establishment,Home-based Business,,,SOUTH HERO,GRAND ISLE,,,,,1
436230.8543,236590.017,5963,redacted,0.13,Food Establishment,Home-based Business,,,SOUTH HERO,GRAND ISLE,,,,,1
434076.3882,236222.6417,5964,redacted,0.063,Food Establishment,Lodging,,,SOUTH HERO,GRAND ISLE,,,,,1
433897.9479,236624.5377,5965,redacted,,Food Manufacturer,Alcohol Manufacturer,Wine,,SOUTH HERO,GRAND ISLE,,,,,1
436180.4847,238724.2417,5966,redacted,0.672,Food Establishment,Restaurant,,,SOUTH HERO,GRAND ISLE,,,,,1
436085.0712,238702.9575,5967,redacted,0.055,Food Establishment,Caterer,,,SOUTH HERO,GRAND ISLE,,,,,1
435981.3941,238648.4169,5968,redacted,0.13,Food Establishment,Convenience Store,Deli,,SOUTH HERO,GRAND ISLE,,,,,1
435981.3941,238648.4169,5969,redacted,0.18,Food Establishment,Grocery,,,SOUTH HERO,GRAND ISLE,,,,,1
437800.2562,236385.821,5970,redacted,2.1,Food Establishment,Restaurant,,,GRAND ISLE,GRAND ISLE,,,,,1
437506.48,240478.285,5972,redacted,0.1575,Food Establishment,Camp,,,SOUTH HERO,GRAND ISLE,,,,,1
434921.9695,239803.6538,5973,redacted,0.063,Food Establishment,Lodging,,,SOUTH HERO,GRAND ISLE,,,,,1
438501.5143,240024.2162,5974,redacted,0.063,Food Establishment,Home-based Business,,,SOUTH HERO,GRAND ISLE,,,,,1
434817.9873,240504.8366,5975,redacted,0.05,Food Establishment,Restaurant,,,SOUTH HERO,GRAND ISLE,,,,,1
434817.9873,240504.8366,5976,redacted,0.13,Food Establishment,Restaurant,Deli,,SOUTH HERO,GRAND ISLE,,,,,1
434748.9672,240738.9116,5977,redacted,0.525,Food Establishment,Restaurant,,,SOUTH HERO,GRAND ISLE,,,,,1
434682.3108,241206.3426,5978,redacted,0.05,Food Establishment,Caterer,,,SOUTH HERO,GRAND ISLE,,,,,1
434763.7064,240627.6301,5979,redacted,0.26,Food Establishment,Mobile Unit,,,SOUTH HERO,GRAND ISLE,,,,,1
439088.4645,237495.988,5980,redacted,0.18,Food Establishment,Convenience Store,,,SOUTH HERO,GRAND ISLE,,,,,1
439088.4645,237495.988,5981,redacted,0.18,Food Establishment,Grocery,,,SOUTH HERO,GRAND ISLE,,,,,1
436352.4442,237655.6827,5982,redacted,0.055335,Food Establishment,School,,,SOUTH HERO,GRAND ISLE,,,,,1
433850.8483,239003.2547,5983,redacted,0.05,Food Establishment,Camp,,,SOUTH HERO,GRAND ISLE,,,,,1
436294.8264,237445.0997,5984,redacted,0.13,Food Establishment,Bakery,,,SOUTH HERO,GRAND ISLE,,,,,1
434744.9638,241127.9167,5985,redacted,0.05,Food Establishment,Caterer,,,SOUTH HERO,GRAND ISLE,,,,,1
506656.6234,134778.7337,5986,redacted,0.042,Food Establishment,Restaurant,,,WEST HARTFORD,HARTFORD,,,,,1
466388.8058,241574.8488,5987,redacted,0.18,Food Establishment,Convenience Store,,,FLETCHER,LAMOILLE,,,,,1
465417.2368,237823.9735,5988,redacted,0.18,Food Establishment,Convenience Store,,,CAMBRIDGE,LAMOILLE,,,,,1
473425.936,232874.5153,5989,redacted,0.13,Food Establishment,Bakery,,,CAMBRIDGE,LAMOILLE,,,,,1
473972.4811,238472.8568,5992,redacted,2.4375,Food Establishment,Caterer,,,CAMBRIDGE,LAMOILLE,,,,,1
473972.4811,238472.8568,5993,redacted,0.18,Food Establishment,Grocery,Specialty foods,,CAMBRIDGE,LAMOILLE,,,,,1
469918.4575,238412.655,5994,redacted,0.063,Food Establishment,Restaurant,,,CAMBRIDGE,LAMOILLE,,,,,1
470558.0898,234275.9418,5995,redacted,,Food Manufacturer,Food Processor,,,CAMBRIDGE,LAMOILLE,,,,,1
473900.1891,238250.9027,5997,redacted,0.72,Food Establishment,Caterer,,,CAMBRIDGE,LAMOILLE,,,,,1
473964.2658,244306.8595,5998,redacted,0.72,Food Establishment,Grocery,,,CAMBRIDGE,LAMOILLE,,,,,1
476711.2012,232372.9401,6000,redacted,1.05,Food Establishment,Bar,,,CAMBRIDGE,LAMOILLE,,,,,1
476947.9468,231960.9451,6001,redacted,1.323,Food Establishment,Restaurant,,,CAMBRIDGE,LAMOILLE,,,,,1
476980.0651,232060.84,6002,redacted,3.36,Food Establishment,Restaurant,,,CAMBRIDGE,LAMOILLE,,,,,1
476980.0651,232060.84,6003,redacted,0.945,Food Establishment,Restaurant,,,CAMBRIDGE,LAMOILLE,,,,,1
476980.0651,232060.84,6004,redacted,0.315,Food Establishment,Bar,Bars/Pubs,,CAMBRIDGE,LAMOILLE,,,,,1
476980.0651,232060.84,6006,redacted,0.945,Food Establishment,Restaurant,,,CAMBRIDGE,LAMOILLE,,,,,1
476845.1932,232094.6568,6007,redacted,1.155,Food Establishment,Restaurant,,,CAMBRIDGE,LAMOILLE,,,,,1
473464.1436,238319.3505,6008,redacted,0.26,Food Establishment,Restaurant,,,CAMBRIDGE,LAMOILLE,,,,,1
473535.4496,238296.8338,6009,redacted,0.18,Food Establishment,Grocery,,,CAMBRIDGE,LAMOILLE,,,,,1
470195.7505,238333.585,6010,redacted,0.13,Food Establishment,Restaurant,Bars/Pubs,,CAMBRIDGE,LAMOILLE,,,,,1
473773.1248,238218.0798,6011,redacted,0.13,Food Establishment,Restaurant,,,CAMBRIDGE,LAMOILLE,,,,,1
473773.1248,238218.0798,6012,redacted,0.26,Food Establishment,Restaurant,,,CAMBRIDGE,LAMOILLE,,,,,1
469624.9924,238425.1388,6013,redacted,0.231,Food Establishment,Restaurant,,,CAMBRIDGE,LAMOILLE,,,,,1
478640.896,239644.763,6015,redacted,0.063,Food Establishment,B&B,,,CAMBRIDGE,LAMOILLE,,,,,1
474074.9395,238305.7612,6016,redacted,0.210745,Food Establishment,School,,,HYDE PARK,LAMOILLE,,,,,1
473868.3671,238228.8066,6017,redacted,2.478,Food Establishment,Restaurant,,,CAMBRIDGE,LAMOILLE,,,,,1
469181.651,238616.1459,6018,redacted,,Food Manufacturer,Alcohol Manufacturer,Wine,,CAMBRIDGE,LAMOILLE,,,,,1
478022.1286,230257.0637,6020,redacted,4.2,Food Establishment,Restaurant,,,CAMBRIDGE,LAMOILLE,,,,,1
494935.9945,244867.5188,6021,redacted,0.077405,Food Establishment,School,,,EDEN,LAMOILLE,,,,,1
495010.5255,249012.3284,6023,redacted,0.26,Food Establishment,Restaurant,,,EDEN,LAMOILLE,,,,,1
496410.2097,245199.8968,6024,redacted,0.18,Food Establishment,Caterer,,,EDEN,LAMOILLE,,,,,1
498137.9552,245921.4611,6025,redacted,0.05,Food Establishment,Caterer,,,EDEN,LAMOILLE,,,,,1
492769.9987,242636.0299,6026,redacted,1.05,Food Establishment,Camp,,,EDEN,LAMOILLE,,,,,1
490124.4981,228560.5456,6027,redacted,0.26,Food Establishment,Restaurant,,,MORRISTOWN,LAMOILLE,,,,,1
498148.3106,226697.6066,6028,redacted,0.055,Food Establishment,Caterer,,,ELMORE,LAMOILLE,,,,,1
499729.5121,219863.577,6029,redacted,0.13,Food Establishment,Bakery,,,ELMORE,LAMOILLE,,,,,1
495554.6386,222465.2493,6030,redacted,0.13,Food Establishment,Home-based Business,,,ELMORE,LAMOILLE,,,,,1
473964.4589,238450.6645,6033,redacted,1.8165,Food Establishment,Restaurant,,,JEFFERSONVILLE,LAMOILLE,,,,,1
473964.4589,238450.6645,6034,redacted,0.05,Food Establishment,Caterer,,,CAMBRIDGE,LAMOILLE,,,,,1
470928.6673,242541.8304,6035,redacted,0.05,Food Establishment,Caterer,,,JEFFERSONVILLE,LAMOILLE,,,,,1
474786.4366,239703.0946,6036,redacted,0.05,Food Establishment,Caterer,,,JEFFERSONVILLE,LAMOILLE,,,,,1
474098.8436,236349.9095,6037,redacted,0.05775,Nursing/Assisted Living,Residential Facility,,,JEFFERSONVILLE,LAMOILLE,,,,,1
476980.0651,232060.84,6039,redacted,0.189,Food Establishment,Restaurant,,,CAMBRIDGE,LAMOILLE,,,,,1
473464.1436,238319.3505,6040,redacted,0.84,Food Establishment,Restaurant,,,CAMBRIDGE,LAMOILLE,,,,,1
473535.4496,238296.8338,6041,redacted,0.168,Food Establishment,Restaurant,,,CAMBRIDGE,LAMOILLE,,,,,1
473488.0792,238352.5891,6042,redacted,0.13,Food Establishment,Convenience Store,Deli,,CAMBRIDGE,LAMOILLE,,,,,1
473678.9675,238474.0446,6043,redacted,0.05,Food Establishment,Mobile Unit,,,CAMBRIDGE,LAMOILLE,,,,,1
473773.1248,238218.0798,6044,redacted,0.59325,Food Establishment,Restaurant,,,CAMBRIDGE,LAMOILLE,,,,,1
473773.1248,238218.0798,6045,redacted,0.231,Food Establishment,Restaurant,,,JEFFERSONVILLE,LAMOILLE,,,,,1
476608.1382,232417.7598,6046,redacted,0.13,Food Establishment,Bakery,,,CAMBRIDGE,LAMOILLE,,,,,1
474553.0185,238837.2514,6049,redacted,0.987,Food Establishment,Restaurant,,,CAMBRIDGE,LAMOILLE,,,,,1
483467.107,238074.9168,6050,redacted,0.13,Food Establishment,Restaurant,Bars/Pubs,,JOHNSON,LAMOILLE,,,,,1
483467.107,238074.9168,6051,redacted,1.0395,Food Establishment,Restaurant,,,JOHNSON,LAMOILLE,,,,,1
485758.0796,237280.5058,6052,redacted,0.26,Food Establishment,Restaurant,,,JOHNSON,LAMOILLE,,,,,1
486202.0404,237112.8621,6054,redacted,0.04725,Nursing/Assisted Living,Residential Facility,,,JOHNSON,LAMOILLE,,,,,1
461929.0216,123384.466,6055,redacted,0.72,Food Establishment,Grocery,,,RUTLAND,RUTLAND,,,,,1
485995.8176,237146.6415,6056,redacted,0.18,Food Establishment,Grocery,,,JOHNSON,LAMOILLE,,,,,1
485995.8176,237146.6415,6057,redacted,0.18,Food Establishment,Convenience Store,,,JOHNSON,LAMOILLE,,,,,1
492318.1571,229290.9653,6058,redacted,0.05,Food Establishment,Caterer,,,MORRISVILLE,LAMOILLE,,,,,1
485750.0475,237236.075,6059,redacted,0.126,Food Establishment,Restaurant,,,JOHNSON,LAMOILLE,,,,,1
484694.8944,237282.9334,6062,redacted,0.105,Food Establishment,Convenience Store,,,JOHNSON,LAMOILLE,,,,,1
486377.7207,237645.8716,6065,redacted,1.007395,Food Establishment,Restaurant,,,JOHNSON,LAMOILLE,,,,,1
485726.3673,237291.6878,6067,redacted,0.2625,Food Establishment,Restaurant,,,JOHNSON,LAMOILLE,,,,,1
491546.614,240703.9983,6068,redacted,0.18,Food Establishment,Convenience Store,,,JOHNSON,LAMOILLE,,,,,1
486139.2792,237446.3598,6069,redacted,0.14125,Food Establishment,School,,,JOHNSON,LAMOILLE,,,,,1
485942.2328,238046.84,6071,redacted,,Food Manufacturer,Food Processor,,,JOHNSON,LAMOILLE,,,,,1
498164.2081,226708.714,6072,redacted,0.01017,School,School,,,LAKE ELMORE,LAMOILLE,,,,,1
492764.3227,230457.2073,6074,redacted,0.26,Food Establishment,Restaurant,,,MORRISTOWN,LAMOILLE,,,,,1
492285.9318,228913.1975,6075,redacted,0.1575,Food Establishment,Restaurant,,,MORRISTOWN,LAMOILLE,,,,,1
492526.3915,230757.5003,6076,redacted,0.26,Food Establishment,Restaurant,,,MORRISTOWN,LAMOILLE,,,,,1
492326.0748,229268.732,6077,redacted,,Food Manufacturer,Food Processor,,,MORRISTOWN,LAMOILLE,,,,,1
492549.3882,230035.1962,6078,redacted,0.72,Food Establishment,Grocery,,,MORRISTOWN,LAMOILLE,,,,,1
492431.0592,230735.3869,6079,redacted,0.26,Food Establishment,Restaurant,,,MORRISTOWN,LAMOILLE,,,,,1
492222.536,229046.6165,6080,redacted,0.18,Food Establishment,Caterer,,,MORRISTOWN,LAMOILLE,,,,,1
492794.624,229134.8514,6082,redacted,0.103295,Food Establishment,School,,,MORRISTOWN,LAMOILLE,,,,,1
492669.2003,230623.9936,6084,redacted,0.05,Food Establishment,Caterer,,,MORRISTOWN,LAMOILLE,,,,,1
492438.4701,230279.7877,6086,redacted,0.26,Food Establishment,Restaurant,,,MORRISTOWN,LAMOILLE,,,,,1
492748.1641,230212.7622,6087,redacted,0.18,Food Establishment,Grocery,,,MORRISTOWN,LAMOILLE,,,,,1
492891.2332,230301.4995,6088,redacted,0.63,Food Establishment,Restaurant,,,MORRISTOWN,LAMOILLE,,,,,1
497196.0197,229864.8433,6089,redacted,0.189,Food Establishment,Restaurant,,,MORRISTOWN,LAMOILLE,,,,,1
492104.305,229813.4837,6092,redacted,0.231,Food Establishment,Restaurant,,,MORRISTOWN,LAMOILLE,,,,,1
492835.1182,229834.8591,6093,redacted,,Food Manufacturer,Sweets,,,MORRISTOWN,LAMOILLE,,,,,1
492175.8354,229846.7329,6094,redacted,0.26,Food Establishment,Restaurant,,,MORRISTOWN,LAMOILLE,,,,,1
493184.0408,229278.8857,6096,redacted,0.21018,Food Establishment,School,,,MORRISTOWN,LAMOILLE,,,,,1
492533.63,230146.3339,6098,redacted,0.72,Food Establishment,Grocery,,,MORRISTOWN,LAMOILLE,,,,,1
492533.63,230146.3339,6100,redacted,1.3335,Food Establishment,Restaurant,,,MORRISTOWN,LAMOILLE,,,,,1
450477.0466,215896.0352,6102,redacted,0.72,Food Establishment,Grocery,,,MORRISTOWN,CHITTENDEN,,,,,1
462625.1347,123713.863,6103,redacted,0.72,Food Establishment,Grocery,,,RUTLAND,RUTLAND,,,,,1
494805.813,190742.3666,6104,redacted,0.72,Food Establishment,Grocery,,,BERLIN,WASHINGTON,,,,,1
441931.0898,44522.91109,6106,redacted,0.72,Food Establishment,Grocery,,,Bennington,BENNINGTON,,,,,1
494798.3238,191375.7145,6123,redacted,0.13,Hospital,Residential Facility,,,BERLIN,WASHINGTON,,,,,1
510759.1563,222694.8702,6125,redacted,,Food Establishment,Bakery,,,HARDWICK,,,,,,1
505971.1161,197543.1551,6129,redacted,0.13,Food Establishment,Bakery,,,Plainfield,Washington,,,,,1
442772.2537,219704.1152,6130,redacted,,Food Establishment,Restaurant,,,Burlington,,,,,,1
442860.6966,220714.5881,6131,redacted,,Food Establishment,Grocery,,,Burlington,,,,,,1
454156.1893,181855.4234,6133,redacted,,Food Establishment,Alcohol Manufacturer,,,Bristol,,,,,,1
510679.6539,222683.6272,6134,redacted,,Food Establishment,Restaurant,,,Hardwick,,,,,,1
456559.4876,74077.05849,6135,redacted,,Food Establishment,Bakery,,,Manchester,Bennington,,,,,1
485298.097,237370.4317,6137,redacted,,Food Manufacturer,Grocery,,,Johnson,Lamoille,,,,,1
482973.6611,219308.0363,6139,redacted,,Food Establishment,Restaurant,,,STOWE,,,,,,1
504313.6941,143831.7472,6140,redacted,0.3465,Food Establishment,Restaurant,,,Sharon,Windsor,,,,,1
487568.6854,183763.1171,6141,redacted,,Food Manufacturer,Bakery,Bread/related products,,Northfield,Washington,,,,,1
445866.5064,222466.8882,6142,redacted,,School,School,,,Winooski,,,,,,1
506091.3395,127201.0308,6143,redacted,0,Food Manufacturer,Food Processor,,,HARTFORD,WINDSOR,,,,,1
460175.1867,222674.6231,6146,redacted,0.26,Food Establishment,Bakery,,,JERICHO,Chittenden,,,,,1
464456.0574,224572.2091,6147,redacted,,Food Establishment,Bakery,,,JERICHO,,,,,,1
485543.8309,237269.8688,6150,redacted,,Food Establishment,Bakery,,,JOHNSON,Lamoille,,,,,1
446544.0709,218783.031,6151,redacted,0.18,Food Establishment,Convenience Store,,,SOUTH BURLINGTON,Chittenden,,,,,1
443424.9042,216064.5935,6152,redacted,0.18,Food Establishment,Convenience Store,,,SOUTH BURLINGTON,Chittenden,,,,,1
481832.7121,221011.2358,6153,redacted,0,Food Establishment,Restaurant,,,STOWE,LAMOILLE,,,,,1
453599.5521,74107.69149,6154,redacted,,Food Establishment,Restaurant,,,Manchester,Bennington,,,,,1
443117.9934,43846.41748,6156,redacted,,Food Establishment,Grocery,,,Bennington,Bennington,,,,,1
442716.1701,219660.1582,6158,redacted,0.1875,Food Establishment,Restaurant,,,BURLINGTON,Chittenden,,,,,1
451378.924,203365.7792,6161,redacted,0.13,Food Establishment,Bakery,,,HINESBURG,Chittenden,,,,,1
451221.877,188676.92,6162,redacted,,Food Manufacturer,Meat/Poultry/Seafood,,,Bristol,,,,,,1
500079.948,187662.5033,6163,redacted,,Food Manufacturer,Food Processor,,,Barre,,,,,,1
450336.5388,269872.1187,6164,redacted,0,Food Manufacturer,Dairy,Cheese,,SWANTON,FRANKLIN,,,,,1
486790.1426,158420.5538,6167,redacted,,Food Establishment,Restaurant,,,Randolph,Orange,,,,,1
477845.5637,77985.03011,6169,redacted,5.25,Food Establishment,Restaurant,,,LONDONDERRY,Windham,,,,,1
474776.1146,80884.17926,6170,redacted,,Food Establishment,Restaurant,,,LONDONDERRY,,,,,,1
475345.6139,234500.415,6171,redacted,0.26,Food Establishment,Restaurant,,,CAMBRIDGE,LAMOILLE,,,,,1
544111.662,231970.0551,6177,redacted,,Food Establishment,Lodging,,,BURKE,Caledonia,,,,,1
474889.7224,80850.43008,6178,redacted,1.8375,Food Establishment,Restaurant,,,LONDONDERRY,Windham,,,,,1
510822.884,222628.3049,6180,redacted,0.126,Food Establishment,Convenience Store,,,HARDWICK,Caledonia,,,,,1
477194.7363,232137.8659,6183,redacted,,Food Establishment,Restaurant,,,Cambridge,,,,,,1
443486.2892,221298.0919,6187,redacted,0.05,Food Establishment,Caterer,,,BURLINGTON,Chittenden,,,,,1
439398.0362,48110.97164,6190,redacted,,Food Establishment,Restaurant,,,North Bennington,,,,,,1
450892.7634,236095.4394,6191,redacted,1.05,Food Establishment,Restaurant,,,MILTON,Chittenden,,,,,1
515424.6452,134804.3321,6196,redacted,,Food Establishment,Restaurant,,,NORWICH,Windsor,,,,,1
447693.5545,222196.3418,6197,redacted,0.525,Food Establishment,Restaurant,,,COLCHESTER,Chittenden,,,,,1
444222.8741,220925.016,6198,redacted,,School,School,,,Burlington,,,,,,1
443277.1659,220121.9733,6205,redacted,,Food Establishment,Restaurant,,,Burlington,,,,,,1
443491.151,215441.7161,6206,redacted,0.59,Food Establishment,Bakery,,,SOUTH BURLINGTON,,,,,,1
451244.5928,216334.7382,6207,redacted,,Food Establishment,Bakery,,,WILLISTON,,,,,,1
443292.0115,219999.605,6208,redacted,0.26,Food Establishment,Restaurant,,,BURLINGTON,Chittenden,,,,,1
493699.8064,195687.8654,6210,redacted,,Food Establishment,Restaurant,,,MONTPELIER,Washington,,,,,1
451555.7795,216432.4271,6211,redacted,0.13,Food Establishment,Restaurant,,,WILLISTON,Chittenden,,,,,1
493923.1917,195476.539,6212,redacted,,Food Establishment,Home-based Business,,,MONTPELIER,Washington,,,,,1
492095.4002,229024.5463,6213,redacted,,Food Establishment,Restaurant,,,MORRISVILLE,,,,,,1
482934.1422,219408.1463,6214,redacted,,Food Establishment,Restaurant,,,STOWE,Lamoille,,,,,1
495703.5942,43545.81914,6220,redacted,3.8325,Food Establishment,Restaurant,Hotel,,Brattleboro,Windham,,,,,1
443115.0288,217956.43,6221,redacted,,Food Establishment,Restaurant,,,BURLINGTON,,,,,,1
506583.7386,126945.9634,6223,redacted,0.735,Food Establishment,Caterer,,,QUECHEE,,,,,,1
457492.2108,74982.16599,6226,redacted,0,Food Establishment,Restaurant,,,MANCHESTER,BENNINGTON,,,,,1
472407.8107,71805.8635,6227,redacted,,Food Establishment,Convenience Store,,,JAMAICA,,,,,,1
439679.1361,210464.1095,6229,redacted,,School,School,,,Shelburne,,,,,,1
449660.2806,216313.4537,6230,redacted,0.13,Food Manufacturer,Bakery,,,Williston,Chittenden,,,,,1
445611.137,218557.3977,6232,redacted,0,Food Establishment,Caterer,,,SOUTH BURLINGTON,,,,,,1
498692.5679,125065.2461,6234,redacted,0,Food Establishment,Restaurant,,,WOODSTOCK,WINDSOR,,,,,1
490444.5977,224726.4585,6238,redacted,,Food Establishment,Restaurant,,,Morristown,Lamoille,,,,,1
451136.7775,215757.7049,6241,redacted,0.18,Food Establishment,Caterer,,,WILLISTON,CHITTENDEN,,,,,1
454738.4513,75388.75662,6243,redacted,0.26,Food Establishment,Restaurant,,,Manchester,Bennington,,,,,1
443157.0214,212733.1678,6248,redacted,0.05,Food Establishment,Grocery,,,SHELBURNE,Chittenden,,,,,1
527427.2786,155608.6203,6250,redacted,,Food Establishment,Restaurant,,,Fairlee,,,,,,1
444727.6463,219476.0707,6251,redacted,,Food Establishment,Restaurant,,,Burlington,,,,,,1
446044.2459,218964.956,6258,redacted,,Food Establishment,Restaurant,,,SOUTH BURLINGTON,,,,,,1
443276.8753,220088.6379,6259,redacted,,Food Establishment,Restaurant,,,Burlington,,,,,,1
443645.7025,216740.5448,6260,redacted,,Food Establishment,Restaurant,,,SOUTH BURLINGTON,,,,,,1
451420.4604,216433.435,6261,redacted,0.2625,Food Establishment,Restaurant,,,Williston,Chittenden,,,,,1
529846.7238,166030.0257,6262,redacted,0,Food Establishment,Restaurant,,,BRADFORD,ORANGE,,,,,1
440404.7661,113263.6338,6263,redacted,,Food Establishment,Grocery,,,Poultney,Bennington,,,,,1
446383.5878,170757.9324,6264,redacted,,Food Manufacturer,Alcohol Manufacturer,,,Middlebury,,,,,,1
483381.9401,140995.6833,6265,redacted,,Food Establishment,Restaurant,,,STOCKBRIDGE,Windsor,,,,,1
482934.1422,219408.1463,6266,redacted,,Food Establishment,Restaurant,,,STOWE,,,,,,1
482647.7519,219420.0156,6267,redacted,,Food Establishment,Restaurant,,,Stowe,,,,,,1
440590.8452,226524.6787,6268,redacted,0.399,Food Establishment,Restaurant,,,COLCHESTER,Chittenden,,,,,1
434574.5463,278026.8452,6269,redacted,0.399,Food Establishment,Restaurant,,,ALBURGH,Chittenden,,,,,1
453937.0894,260043.431,6270,redacted,0.399,Food Establishment,Restaurant,,,St. Albans,Chittenden,,,,,1
453417.2789,260325.0056,6271,redacted,0.399,Food Establishment,Restaurant,,,St. Albans,Chittenden,,,,,1
513351.9415,127511.5446,6272,redacted,,Food Establishment,Restaurant,Deli,,White River Junction,,,,,,1
506583.7386,126945.9634,6273,redacted,,Food Establishment,Restaurant,Deli,,QUECHEE,,,,,,1
489989.2592,160437.1058,6274,redacted,0.168,Food Establishment,Restaurant,Deli,,RANDOLPH,Washington,,,,,1
443244.3343,227289.9446,6275,redacted,0.21,Food Establishment,Restaurant,,,COLCHESTER,Chittenden,,,,,1
455216.5341,75141.18065,6276,redacted,0.2415,Food Establishment,Restaurant,,,MANCHESTER,Bennington,,,,,1
475052.8284,267450.0317,6277,redacted,0.2415,Food Establishment,Restaurant,,,Enosburg Falls,Franklin,,,,,1
505171.6819,84872.03458,6278,redacted,0.252,Food Establishment,Restaurant,Deli,,Springfield,Windsor,,,,,1
485472.6474,237370.0374,6279,redacted,0.26,Food Establishment,Restaurant,,,JOHNSON,Lamoille,,,,,1
458826.5264,133480.1081,6280,redacted,0.26,Food Establishment,Restaurant,,,Pittsford,Rutland,,,,,1
473535.4041,238285.7217,6281,redacted,0.26,Food Establishment,Restaurant,,,Jeffersonville,Lamoille,,,,,1
443331.312,216287.6581,6282,redacted,0,Food Establishment,Restaurant,,,SOUTH BURLINGTON,,,,,,1
484008.3265,219449.8648,6283,redacted,,Food Establishment,Restaurant,,,STOWE,Lamoille,,,,,1
451447.4884,216855.5022,6284,redacted,0.336,Food Establishment,Restaurant,,,WILLISTON,CHITTENDEN,,,,,1
485000.3495,218369.6571,6286,redacted,,Food Establishment,Restaurant,,,STOWE,Lamoille,,,,,1
538510.3359,216343.888,6287,redacted,,Food Establishment,Restaurant,,,ST JOHNSBURY,,,,,,1
441061.8101,33609.70508,6288,redacted,,Food Establishment,Grocery,,,Pownal,Bennington,,,,,1
443297.6429,219732.853,6289,redacted,0.26,Food Establishment,Restaurant,,,BURLINGTON,Chittenden,,,,,1
485002.1166,219136.3675,6290,redacted,,Food Establishment,Restaurant,,,Morristown,,,,,,1
442066.5634,209231.2156,6291,redacted,0.13,Food Establishment,Restaurant,,,Shelburne,Chittenden,,,,,1
446210.2265,168170.3303,6292,redacted,0.63,Food Establishment,Restaurant,,,MIDDLEBURY,,,,,,1
445938.5864,212942.873,6294,redacted,0,Food Establishment,School,,,SOUTH BURLINGTON,,,,,,1
492055.9236,229224.6095,6297,redacted,,Food Establishment,Restaurant,,,MORRISTOWN,,,,,,1
496460.1955,191174.6052,6300,redacted,1.26,Food Establishment,Restaurant,,,BERLIN,Washington,,,,,1
443043.9091,42791.62993,6302,redacted,,Food Establishment,Restaurant,,,BENNINGTON,Bennington,,,,,1
499776.1792,188651.404,6303,redacted,,Food Establishment,Restaurant,,,BARRE,Washington,,,,,1
499192.2138,185129.2047,6308,redacted,,Food Manufacturer,Food Processor,,,South Barre,Washington,,,,,1
454631.2762,75167.27506,6309,redacted,,Food Establishment,Meat/Poultry/Seafood,,,Manchester Center,,,,,,1
461616.4955,126608.286,6311,redacted,,Food Manufacturer,Food Processor,,,Rutland,,,,,,1
446834.886,168065.2739,6312,redacted,,Food Establishment,Restaurant,,,Middlebury,,,,,,1
455029.9697,75209.06883,6314,redacted,,Food Establishment,Restaurant,,,Manchester Center,Bennington,,,,,1
496876.8825,193652.2098,6315,redacted,0.13,Food Establishment,Bakery,,,MONTPELIER,Washington,,,,,1
504139.2633,165408.4619,6316,redacted,,Food Establishment,Cafeteria,,,CHELSEA,Orange,,,,,1
450469.0859,215896.0957,6317,redacted,0,Food Establishment,Grocery,,,WILLISTON,CHITTENDEN,,,,,1
441930.5268,44456.25863,6318,redacted,0,Food Establishment,Grocery,,,BENNINGTON,BENNINGTON,,,,,1
453377.9904,260358.6298,6319,redacted,0,Food Establishment,Grocery,,,ST. ALBANS,FRANKLIN,,,,,1
461191.5739,122899.8334,6320,redacted,0,Food Establishment,Grocery,,,RUTLAND,RUTLAND,,,,,1
494749.8046,190653.5211,6321,redacted,0,Food Establishment,Bakery,,,BERLIN,WASHINGTON,,,,,1
445506.6265,221280.8479,6324,redacted,0.64,Food Establishment,Restaurant,,,WINOOSKI,,,,,,1
476434.203,88143.85802,6330,redacted,0,Food Establishment,Restaurant,,,WESTON,WINDSOR,,,,,1
466535.9516,80353.17017,6333,redacted,0.26,Food Establishment,Restaurant,,,Peru,Bennington,,,,,1
451985.6988,216440.3557,6336,redacted,1.05,Food Establishment,Restaurant,,,WILLISTON,Chittenden,,,,,1
445024.9974,221707.1804,6337,redacted,0.05,Food Establishment,Grocery,,,Winooski,Chittenden,,,,,1
446665.3904,170911.2146,6339,redacted,,Food Manufacturer,Alcohol Manufacturer,,,Middlebury,,,,,,1
452816.7777,244171.1857,6342,redacted,10.01201923,Food Manufacturer,Dairy,,,Milton,Chittenden,,,,,1
450719.582,221639.3017,6344,redacted,0.81375,Food Establishment,Camp,,,Essex Junction,Grand Isle,,,,,1
447702.24,218329.1223,6345,redacted,1.89,Food Establishment,Restaurant,,,SOUTH BURLINGTON,Chittenden,,,,,1
492214.9118,229313.3123,6346,redacted,0.26,Food Establishment,Restaurant,,,MORRISTOWN,Lamoille,,,,,1
453503.6665,220552.0104,6347,redacted,,Food Establishment,Restaurant,,,Essex,,,,,,1
454980.5252,75109.40797,6348,redacted,,Food Establishment,Grocery,,,Manchester Center,,,,,,1
495081.3672,41513.35226,6352,redacted,,Food Establishment,Grocery,,,Brattleboro,,,,,,1
529815.29,165885.4404,6353,redacted,0,Food Establishment,Restaurant,,,BRADFORD,,,,,,1
452535.9062,216569.6703,6354,redacted,0,Food Establishment,School,,,WILLISTON,,,,,,1
450293.2314,222053.7079,6355,redacted,,Food Establishment,Grocery,,,Essex Junction,,,,,,1
446311.7181,170791.851,6357,redacted,,Food Manufacturer,Alcohol Manufacturer,,,Middlebury,,,,,,1
518035.7348,233989.667,6358,redacted,,Food Manufacturer,Food Processor,,,Greensboro,Orleans,,,,,1
473891.6714,236139.6095,6361,redacted,0.105,Food Establishment,Restaurant,,,Cambridge,Lamoille,,,,,1
443123.2829,218900.9288,6362,redacted,0,Food Establishment,Restaurant,,,BURLINGTON,,,,,,1
440961.1139,176637.8935,6364,redacted,,Food Manufacturer,Coffee Roaster,,,Middlebury,,,,,,1
443150.652,216567.0466,6365,redacted,0.04,Food Establishment,School,,,BURLINGTON,,,,,,1
476599.1883,126205.8861,6366,redacted,0.84,Food Establishment,Restaurant,,,KILLINGTON,Rutland,,,,,1
450004.2715,216533.0514,6368,redacted,0.05,School,School,,,Williston,,,,,,1
485033.8656,219102.9589,6369,redacted,,Food Establishment,Restaurant,,,STOWE,Lamoille,,,,,1
442810.51,43215.72707,6373,redacted,,Food Establishment,Grocery,,,Bennington,,,,,,1
491125.8738,228792.4494,6375,redacted,,Food Establishment,School,,,MORRISTOWN,,,,,,1
443124.1652,219912.1692,6376,redacted,,Food Establishment,Restaurant,,,BURLINGTON,,,,,,1
492159.2637,229280.0435,6379,redacted,,Food Establishment,Caterer,,,MORRISTOWN,,,,,,1
530242.8073,165365.1613,6381,redacted,,Food Establishment,Restaurant,,,Bradford,,,,,,1
463018.9772,199622.7016,6385,redacted,,Food Establishment,School,,,HUNTINGTON,,,,,,1
443171.124,218000.3904,6387,redacted,,Food Manufacturer,Food Processor,,,BURLINGTON,,,,,,1
440021.1732,42806.21621,6390,redacted,0.57225,Nursing/Assisted Living,Residential Facility,,,Bennington,Bennington,,,,,1
446119.5758,167871.0548,6391,redacted,,Food Establishment,Coffee Roaster,,,Middlebury,,,,,,1
547187.6325,232691.8131,6392,redacted,,Food Establishment,Caterer,,,EAST BURKE,Caledonia,,,,,1
544087.3102,232047.6769,6393,redacted,0,Food Establishment,Restaurant,,,BURKE,CALEDONIA,,,,,1
450211.3973,216553.6894,6395,redacted,0,Food Establishment,Restaurant,,,WILLISTON,,,,,,1
443170.8322,219789.5225,6397,redacted,0.546,Food Establishment,Restaurant,,,Burlington,Chittenden,,,,,1
452795.2981,75401.95327,6399,redacted,0.63,Food Establishment,Restaurant,,,MANCHESTER,Bennington,,,,,1
492174.629,228846.6592,6400,redacted,0,Food Establishment,Bakery,,,MORRISTOWN,,,,,,1
438538.5169,28610.27813,6403,redacted,,Food Establishment,Camp,,,Pownal,Bennington,,,,,1
499488.4244,188840.3107,6404,redacted,0.01,Food Establishment,Cafeteria,,,BARRE,WASHINGTON,,,,,1
447894.0247,218427.5963,6405,redacted,,School,School,,,South Burlington,,,,,,1
445117.8142,221395.2437,6406,redacted,,School,School,,,Winooski,,,,,,1
443602.5169,220941.4786,6407,redacted,0.21,Food Establishment,Restaurant,,,BURLINGTON,Chittenden,,,,,1
446311.7181,170791.851,6410,redacted,,Food Manufacturer,Dairy,,,Middlebury,,,,,,1
483148.8134,219352.0276,6411,redacted,,Food Establishment,Restaurant,,,Stowe,,,,,,1
443578.4606,220919.462,6415,redacted,0.01,Food Establishment,,,,BURLINGTON,CHITTENDEN,,,,,1
493803.4858,195554.4304,6416,redacted,0.01,Food Establishment,Church,,,MONTPELIER,WASHINGTON,,,,,1
456418.3231,148572.8283,6417,redacted,0.189,Food Establishment,Restaurant,,,Brandon,Rutland,,,,,1
484962.4884,219203.1298,6419,redacted,,Food Establishment,Grocery,,,Stowe,Lamoille,,,,,1
493622.2381,36349.05298,6420,redacted,,Food Manufacturer,Dairy,Yogurt,,Brattleboro,Windham,,,,,1
515373.0669,146681.267,6422,redacted,,Nursing/Assisted Living,Residential Facility,,,Thetford,Orange,,,,,1
453615.6645,74085.36223,6423,redacted,,Food Establishment,Restaurant,,,MANCHESTER,,,,,,1
485318.4691,218291.1492,6424,redacted,,Food Establishment,Restaurant,,,STOWE,Lamoille,,,,,1
445852.1706,218833.201,6427,redacted,,Food Establishment,Grocery,,,South Burlington,,,,,,1
485088.9245,218825.0374,6430,redacted,,Food Establishment,Restaurant,,,STOWE,Lamoille,,,,,1
475357.7156,152697.7876,6431,redacted,,Food Establishment,Restaurant,,,Rochester,,,,,,1
484119.5486,219382.9215,6432,redacted,,Food Establishment,Grocery,,,Stowe,,,,,,1
447058.4441,228191.1768,6433,redacted,,Food Establishment,Grocery,,,Colchester,Chittenden,,,,,1
499984.0114,188062.5061,6434,redacted,,Food Establishment,Grocery,,,Barre,Washington,,,,,1
450819.9896,235918.1888,6435,redacted,,Food Establishment,Grocery,,,Milton,Chittenden,,,,,1
500259.6147,89758.22031,6436,redacted,,Food Establishment,Grocery,,,Springfield,Windsor,,,,,1
461673.4846,125285.8111,6437,redacted,,Food Establishment,Grocery,,,Rutland,Rutland,,,,,1
438244.1835,121871.8862,6438,redacted,,Food Establishment,Grocery,,,Fair Haven,Rutland,,,,,1
539740.6008,224740.9865,6439,redacted,,Food Establishment,Grocery,,,Lyndonville,Caledonia,,,,,1
440745.5032,226923.3269,6440,redacted,,Food Establishment,Grocery,,,Colchester,Chittenden,,,,,1
486215.7162,276684.3217,6441,redacted,,Food Establishment,Grocery,,,Richford,Franklin,,,,,1
491362.0947,40161.76248,6442,redacted,,Food Establishment,Grocery,,,Brattleboro,Windham,,,,,1
486883.5629,156931.5326,6444,redacted,,Food Establishment,Grocery,,,Randolph,Orange,,,,,1
441171.9428,34053.13968,6445,redacted,,Food Establishment,Grocery,,,Pownal,Bennington,,,,,1
475525.8102,267225.953,6446,redacted,,Food Establishment,Grocery,,,Enosburg Falls,Franklin,,,,,1
496822.1916,179641.0361,6447,redacted,,Food Establishment,Grocery,,,Williamstown,Orange,,,,,1
509343.1119,109517.6546,6448,redacted,,Food Establishment,Grocery,,,Windsor,Windsor,,,,,1
441028.5402,185949.1469,6449,redacted,,Food Establishment,Grocery,,,Vergennes,Addison,,,,,1
487575.8249,183307.5458,6450,redacted,,Food Establishment,Grocery,,,Northfield,Washington,,,,,1
508034.7925,277296.8228,6451,redacted,,Food Establishment,Grocery,,,North Troy,Orleans,,,,,1
509878.4007,221426.7236,6452,redacted,,Food Establishment,Grocery,,,Hardwick,Caledonia,,,,,1
451798.7708,243711.9676,6453,redacted,,Food Establishment,Grocery,,,Milton,Chittenden,,,,,1
502894.9745,185718.6837,6454,redacted,,Food Establishment,Grocery,,,Barre,Washington,,,,,1
446244.9026,62363.12591,6455,redacted,,Food Establishment,Grocery,,,Arlington,Bennington,,,,,1
442812.3981,42460.26668,6456,redacted,,Food Establishment,Grocery,,,Bennington,Bennington,,,,,1
463544.2837,223599.3891,6457,redacted,,Food Establishment,Grocery,,,Jeircho,Chittenden,,,,,1
438710.4028,273506.98,6458,redacted,,Food Establishment,Grocery,,,Alburgh,Grand Isle,,,,,1
462145.7797,121738.8961,6459,redacted,,Food Establishment,Grocery,,,Rutland,Rutland,,,,,1
527964.4646,155866.4109,6460,redacted,,Food Establishment,Grocery,,,Fairlee,Orange,,,,,1
548914.9778,257230.6758,6461,redacted,,Food Establishment,Grocery,,,Island Pond,Essex,,,,,1
498889.072,189729.2828,6462,redacted,,Food Establishment,Grocery,,,Barre,Washington,,,,,1
495662.0607,192563.9936,6463,redacted,,Food Establishment,Grocery,,,Berlin,Washington,,,,,1
461255.7112,122821.6894,6464,redacted,0.72,Food Establishment,Grocery,,,Rutland,Rutland,,,,,1
494555.4611,37725.71395,6465,redacted,0.72,Food Establishment,Grocery,,,Brattleboro,Windham,,,,,1
441359.5563,45505.40432,6466,redacted,,Food Establishment,Grocery,,,Bennington,Bennington,,,,,1
527294.1021,272671.5218,6467,redacted,,Food Establishment,Grocery,,,Derby,Orleans,,,,,1
443709.6679,216773.3293,6468,redacted,,Food Establishment,Grocery,,,Burlington,Chittenden,,,,,1
492653.0512,230390.6607,6469,redacted,,Food Establishment,Grocery,,,Morrisville,Lamoille,,,,,1
538707.8481,217934.0912,6470,redacted,,Food Establishment,Grocery,,,St Johnsbury,Caledonia,,,,,1
443856.9394,42307.23905,6471,redacted,0,Food Establishment,Bar,Bars/Pubs,,BENNINGTON,BENNINGTON,,,,,1
453442.2365,73697.70431,6472,redacted,,Food Establishment,Caterer,,,MANCHESTER,,,,,,1
485742.1132,237236.0925,6473,redacted,,Food Establishment,Restaurant,,,JOHNSON,Lamoille,,,,,1
480679.7973,122548.7365,6474,redacted,0.252,Food Establishment,Restaurant,,,BRIDGEWATER,Windsor,,,,,1
447955.9318,166834.0848,6475,redacted,,Food Manufacturer,Alcohol Manufacturer,,,Middlebury,,,,,,1
454819.6073,75365.99803,6476,redacted,,Food Establishment,Restaurant,,,Manchester,Bennington,,,,,1
443437.7257,220287.2646,6478,redacted,,Food Establishment,Restaurant,,,BURLINGTON,,,,,,1
443309.8596,220221.7019,6479,redacted,,Food Establishment,Restaurant,,,Burlington,,,,,,1
451384.9423,221267.5831,6481,redacted,,Food Establishment,Restaurant,,,ESSEX JUNCTION,,,,,,1
492063.6773,229069.0328,6482,redacted,0.84,Food Establishment,Restaurant,,,MORRISTOWN,LAMOILLE,,,,,1
442616.7958,211082.1374,6483,redacted,0.01,School,School,,,SHELBURNE,,,,,,1
476176.6645,268101.4087,6484,redacted,2.1,Food Establishment,Restaurant,,,ENOSBURG,Franklin,,,,,1
459754.7055,239468.0389,6487,redacted,0.46,Food Establishment,Restaurant,,,FAIRFAX,Franklin,,,,,1
450293.2314,222053.7079,6488,redacted,,Food Establishment,Restaurant,,,Essex Junction,,,,,,1
451463.4875,221133.6474,6489,redacted,,Food Establishment,Grocery,,,Essex Junction,,,,,,1
459677.0521,239735.2238,6491,redacted,,Food Establishment,Restaurant,,,FAIRFAX,Franklin,,,,,1
454997.0185,223675.1872,6496,redacted,0.72,Food Establishment,Grocery,,,Essex Junction,Chittenden,,,,,1
522772.1245,270597.9608,6497,redacted,0.72,Food Establishment,Grocery,,,Newport,Orleans,,,,,1
500738.3532,89080.57781,6498,redacted,0.72,Food Establishment,Grocery,,,Springfield,Windsor,,,,,1
456160.4543,121475.3517,6499,redacted,0.72,Food Establishment,Grocery,,,West Rutland,Rutland,,,,,1
453551.7156,257045.689,6500,redacted,0.72,Food Establishment,Grocery,,,ST. ALBANS,Franklin,,,,,1
476610.7618,268044.2457,6501,redacted,0.72,Food Establishment,Grocery,,,Enosburg Falls,Franklin,,,,,1
523406.8412,256709.3985,6503,redacted,0.72,Food Establishment,Grocery,,,Orleans,Orleans,,,,,1
470002.4974,40743.82262,6504,redacted,0.72,Food Establishment,Grocery,,,Wilmington,Windham,,,,,1
530218.1833,165487.2703,6505,redacted,0.72,Food Establishment,Grocery,,,Bradford,Orange,,,,,1
495196.1729,42113.13781,6506,redacted,0.72,Food Establishment,Grocery,,,Brattleboro,Windham,,,,,1
461384.2023,108633.0721,6507,redacted,0.72,Food Establishment,Grocery,,,Wallingford,Rutland,,,,,1
441605.5028,207579.5663,6509,redacted,,Food Establishment,Restaurant,,,Shelburne,,,,,,1
484993.9039,219025.2683,6510,redacted,0,Food Establishment,Lodging,,,STOWE,,,,,,1
443320.222,221410.6637,6511,redacted,,Food Establishment,Restaurant,,,Burlington,,,,,,1
494842.1429,38469.76804,6512,redacted,0,Food Establishment,Restaurant,,,BRATTLEBORO,WINDHAM,,,,,1
480959.3168,221547.1048,6513,redacted,,Food Establishment,Restaurant,,,Stowe,,,,,,1
446494.0303,168556.934,6514,redacted,,Food Establishment,Caterer,,,Middlebury,,,,,,1
442720.2792,220126.8529,6515,redacted,,Food Establishment,Restaurant,,,BURLINGTON,,,,,,1
544126.6359,232103.507,6516,redacted,,Food Establishment,Restaurant,,,BURKE,Caledonia,,,,,1
472212.8093,71862.20257,6518,redacted,,Food Establishment,Restaurant,,,JAMAICA,,,,,,1
496899.5434,190896.6015,6519,redacted,,Food Manufacturer,Bakery,,,Barre,,,,,,1
442175.5466,44454.19322,6520,redacted,,Food Establishment,Restaurant,,,BENNINGTON,Bennington,,,,,1
446288.2815,169880.8862,6521,redacted,,Food Manufacturer,Food Processor,,,Middlebury,,,,,,1
450122.2225,216343.2368,6526,redacted,,Food Establishment,Restaurant,,,WILLISTON,,,,,,1
472274.4152,164954.1406,6527,redacted,,Food Establishment,Caterer,,,GRANVILLE,,,,,,1
451451.7204,216355.4156,6528,redacted,1,Food Establishment,Restaurant,,,WILLISTON,Chittenden,,,,,1
492198.7432,229079.9809,6531,redacted,0,Food Establishment,Restaurant,,,MORRISTOWN,,,,,,1
478633.971,141742.4984,6532,redacted,0.26,Food Establishment,Restaurant,,,STOCKBRIDGE,WINDSOR,,,,,1
484757.327,250273.0013,6533,redacted,,Food Manufacturer,Sweets,,,Waterville,Lamoille,,,,,1
489528.5685,233439.6428,6534,redacted,,School,School,,,Hyde Park,,,,,,1
443345.6692,219765.7725,6536,redacted,,Food Manufacturer,Food Processor,,,Burlington,Chittenden,,,,,1
517685.5634,133132.2734,6537,redacted,0.72,Food Establishment,Bakery,,,WHITE RIVER JUNCTION,WINDSOR,,,,,1
439919.8139,227019.8191,6538,redacted,0.05,Food Establishment,Restaurant,,,COLCHESTER,Chittenden,,,,,1
445594.7722,221357.8979,6539,redacted,0.2625,Food Establishment,Restaurant,,,Winooski,Chittenden,,,,,1
538533.3526,220522.1862,6541,redacted,0,,,,,ST. JOHNSBURY,,,,,,1
,,6548,redacted,0,Food Establishment,Caterer,,,STAMFORD,,,,,,1
531566.3999,278392.1466,6549,redacted,,Food Establishment,Restaurant,,,DERBY,,,,,,1
445943.9214,216465.4753,6550,redacted,,Food Establishment,Home-based Business,,,SOUTH BURLINGTON,,,,,,1
507500.4718,100694.2002,6552,redacted,,Food Establishment,Restaurant,,,ASCUTNEY,,,,,,1
446504.5153,205215.1333,6553,redacted,0,Food Establishment,Home-based Business,,,CHARLOTTE,,,,,,1
449781.3082,236048.4036,7549,redacted,0,Food Establishment,Restaurant,,,MILTON,,,,,,1
453588.0933,223462.8497,7551,redacted,,Food Establishment,Restaurant,,,ESSEX JUNCTION,,,,,,1
448620.411,165639.9584,7552,redacted,,Food Establishment,Home-based Business,,,MIDDLEBURY,,,,,,1
497235.0741,265279.5739,7554,redacted,,Food Establishment,Mobile Unit,,,MONTGOMERY,,,,,,1
517831.0445,132988.2257,7555,redacted,,Food Establishment,Mobile Unit,,,HARTFORD,,,,,,1
453486.5986,231486.7821,7556,redacted,,Food Establishment,Home-based Business,,,WESTFORD,,,,,,1
499621.1401,270857.5196,7557,redacted,0,Food Establishment,Lodging,,,JAY,,,,,,1
493963.3126,195687.6175,7559,redacted,,Food Establishment,Restaurant,,,MONTPELIER,,,,,,1
489158.5528,98310.15618,7560,redacted,,Food Establishment,School,,,PROCTORSVILLE,,,,,,1
516458.8706,242219.5757,7561,redacted,,Food Establishment,Lodging,,,GLOVER,,,,,,1
541929.2449,230522.0648,7562,redacted,0,Food Establishment,Restaurant,,,LYNDON,,,,,,1
491875.8488,39239.12184,7564,redacted,,Food Establishment,Restaurant,,,BRATTLEBORO,,,,,,1
487586.2571,184596.4221,7565,redacted,,Food Establishment,Caterer,,,NORTHFIELD,,,,,,1
514497.0893,127725.0193,7566,redacted,,Food Establishment,Restaurant,,,WHITE RIVER JUNCTION,,,,,,1
494074.5709,195098.6148,7567,redacted,0,Food Establishment,Caterer,,,MONTPELIER,,,,,,1
538365.4392,240801.2257,7568,redacted,,Food Establishment,Home-based Business,,,SUTTON,,,,,,1
460048.48,211085.4434,7569,redacted,,Food Establishment,Restaurant,,,RICHMOND,,,,,,1
469554.4908,41067.94672,7570,redacted,0,Food Establishment,Restaurant,,,WILMINGTON,,,,,,1
437062.5526,276045.8126,7571,redacted,,Food Establishment,Private Club,,,ALBURG,,,,,,1
499464.2097,185962.5139,7572,redacted,,Food Establishment,Restaurant,,,BARRE TOWN,,,,,,1
462337.3395,186525.9319,7573,redacted,,Food Establishment,Bakery,,,BRISTOL,,,,,,1
484008.0842,99531.33812,7574,redacted,,Food Establishment,Restaurant,,,LUDLOW,,,,,,1
443217.986,219722.4351,7575,redacted,,Food Establishment,Restaurant,,,BURLINGTON,,,,,,1
532086.8111,227554.4928,7576,redacted,,Food Establishment,Mobile Unit,,,LYNDON,,,,,,1
447686.3788,234120.2622,7578,redacted,,Food Establishment,Restaurant,,,MILTON,,,,,,1
443330.2412,219821.4699,7579,redacted,,Food Establishment,Restaurant,,,BURLINGTON,,,,,,1
494642.2132,195898.143,7580,redacted,,Food Establishment,Mobile Unit,,,MONTPELIER,,,,,,1
538231.0052,213753.1307,7584,redacted,0,Food Establishment,Home-based Business,,,ST JOHNSBURY,,,,,,1
453396.7582,278128.5306,7585,redacted,,Food Establishment,Home-based Business,,,HIGHGATE,,,,,,1
437437.8522,122868.2414,7586,redacted,,Food Establishment,Restaurant,,,FAIR HAVEN,,,,,,1
513360.0091,127511.5607,7587,redacted,0,Food Establishment,Convenience Store,,,WHITE RIVER JUNCTION,,,,,,1
491356.1943,264217.9957,7588,redacted,,Food Establishment,Restaurant,,,MONTGOMERY CENTER,,,,,,1
441188.9441,28365.02206,7589,redacted,,Food Establishment,Caterer,,,POWNAL,,,,,,1
448856.8407,236566.8285,7590,redacted,,Food Establishment,Caterer,,,MILTON,,,,,,1
499621.1401,270857.5196,7591,redacted,,Food Establishment,Caterer,,,JAY,,,,,,1
447421.0404,167149.4384,7592,redacted,,Food Establishment,Caterer,,,MIDDLEBURY,,,,,,1
460293.4271,104761.9597,7593,redacted,,Food Establishment,Mobile Unit,,,WALLINGFORD,,,,,,1
495243.4566,39602.55568,7595,redacted,,Food Establishment,School,,,BRATTLEBORO,,,,,,1
441800.2257,44501.79872,7596,redacted,,Food Establishment,,,,BENNINGTON,,,,,,1
466972.8066,68230.58636,7597,redacted,,Food Establishment,Restaurant,,,STRATTON,,,,,,1
442724.5395,43683.04131,7600,redacted,,Food Establishment,Convenience Store,,,BENNINGTON,,,,,,1
469473.174,41157.17784,7601,redacted,,Food Establishment,,,,WILMINGTON,,,,,,1
495925.0438,191519.3648,7602,redacted,,Food Establishment,Convenience Store,,,BARRE,,,,,,1
442927.0254,220113.9231,7603,redacted,,Food Establishment,Bakery,,,BURLINGTON,,,,,,1
448088.2182,222815.4799,7604,redacted,,Food Establishment,Caterer,,,COLCHESTER,,,,,,1
463560.7612,125053.0748,7605,redacted,,Food Establishment,Convenience Store,,,RUTLAND,,,,,,1
501670.7582,188273.8314,7607,redacted,,Food Establishment,Home-based Business,,,BARRE,,,,,,1
439893.6968,224197.4025,7608,redacted,,Food Establishment,Caterer,,,BURLINGTON,,,,,,1
538177.8012,213319.4493,7609,redacted,,Food Establishment,Restaurant,,,ST JOHNSBURY,,,,,,1
515523.1173,130571.5383,7610,redacted,,Food Establishment,School,,,HARTFORD,,,,,,1
490300.6145,40796.36865,7611,redacted,,Food Establishment,Restaurant,,,BRATTLEBORO,,,,,,1
519842.4021,250541.1086,7612,redacted,,Food Establishment,Home-based Business,,,GLOVER,,,,,,1
440076.7968,106388.9898,7613,redacted,,Food Establishment,Mobile Unit,,,WELLS,,,,,,1
443192.1776,219500.408,7614,redacted,,Food Establishment,Restaurant,,,BURLINGTON,,,,,,1
487551.6144,183196.48,7615,redacted,,Food Establishment,Restaurant,,,NORTHFIELD,,,,,,1
445745.2695,222234.5345,7616,redacted,,Food Establishment,Home-based Business,,,WINOOSKI,,,,,,1
499186.4943,71272.36378,7617,redacted,,Food Establishment,School,,,ROCKINGHAM,,,,,,1
501493.0318,88636.32355,7618,redacted,,Food Establishment,Restaurant,,,SPRINGFIELD,,,,,,1
443434.0224,220776.2524,7619,redacted,,Food Establishment,Restaurant,,,BURLINGTON,,,,,,1
451455.5446,236002.2927,7620,redacted,,Food Establishment,Home-based Business,,,MILTON,,,,,,1
457874.5885,120531.0903,7621,redacted,0,Food Establishment,Caterer,,,WEST RUTLAND,,,,,,1
461378.22,123065.4126,7624,redacted,,Food Establishment,Restaurant,,,RUTLAND,,,,,,1
483688.9034,278457.2144,7625,redacted,,Food Establishment,Mobile Unit,,,RICHFORD,,,,,,1
498083.1039,52853.87575,7626,redacted,,Food Establishment,Home-based Business,,,PUTNEY,,,,,,1
515055.655,211347.1698,7628,redacted,,Food Establishment,Restaurant,,,CABOT,,,,,,1
515494.565,224393.4411,7629,redacted,,Food Establishment,Home-based Business,,,EAST HARDWICK,,,,,,1
454248.3607,257118.4856,7630,redacted,,Food Establishment,Home-based Business,,,SAINT ALBANS,,,,,,1
525875.2948,272287.7896,7631,redacted,,Food Establishment,Bakery,,,DERBY,,,,,,1
454999.7974,75564.77993,7632,redacted,,Food Establishment,School,,,MANCHESTER,,,,,,1
538562.0947,212977.2379,7633,redacted,,Food Establishment,Restaurant,,,ST JOHNSBURY,,,,,,1
468391.9723,181793.9121,7634,redacted,,Food Establishment,Restaurant,,,WARREN,,,,,,1
507744.658,196389.4285,7635,redacted,,Food Establishment,School,,,PLAINFIELD,,,,,,1
447525.4514,233854.858,7636,redacted,,Food Establishment,Mobile Unit,,,MILTON,,,,,,1
453819.1438,256832.6161,7637,redacted,0,Food Establishment,Restaurant,,,ST ALBANS,,,,,,1
528380.8268,156190.3928,7638,redacted,,Food Establishment,Restaurant,,,FAIRLEE,,,,,,1
511767.9793,205662.3826,7639,redacted,,Food Establishment,Home-based Business,,,MARSHFIELD,,,,,,1
443578.3642,220908.3502,7640,redacted,,Food Establishment,Mobile Unit,,,BURLINGTON,,,,,,1
465118.1517,255850.1583,7641,redacted,,Food Establishment,Grocery,,,FAIRFIELD,,,,,,1
547368.3234,231870.8005,7642,redacted,,Food Establishment,B&B,,,BURKE,,,,,,1
523612.5929,256687.9256,7643,redacted,,Food Establishment,Restaurant,,,ORLEANS,,,,,,1
501995.5461,62863.03376,7644,redacted,,Food Establishment,School,,,WESTMINSTER,,,,,,1
544111.662,231970.0551,7645,redacted,,Food Establishment,Mobile Unit,,,EAST BURKE,,,,,,1
462106.4729,121927.995,7646,redacted,,Food Establishment,Restaurant,,,RUTLAND,,,,,,1
488777.1159,97944.16014,7647,redacted,,Food Establishment,Restaurant,,,CAVENDISH,,,,,,1
537445.7183,213215.1949,7649,redacted,,Food Establishment,Restaurant,,,ST JOHNSBURY,,,,,,1
528412.9115,156201.6409,7650,redacted,,Food Establishment,Restaurant,,,FAIRLEE,,,,,,1
459183.3969,200123.2997,7651,redacted,,Food Establishment,Mobile Unit,,,STARKSBORO,,,,,,1
442796.6673,220670.7003,7652,redacted,,Food Establishment,Home-based Business,,,BURLINGTON,,,,,,1
439061.001,223582.8413,7653,redacted,,Food Establishment,Mobile Unit,,,BURLINGTON,,,,,,1
463529.1964,120731.2997,7654,redacted,,Food Establishment,Mobile Unit,,,NORTH CLARENDON,,,,,,1
476328.7125,60070.90948,7655,redacted,,Food Establishment,Restaurant,,,WARDSBORO,,,,,,1
453819.064,256821.5037,7656,redacted,,Food Establishment,Restaurant,,,ST ALBANS,,,,,,1
485334.5843,218380.0072,7657,redacted,,Food Establishment,,,,STOWE,,,,,,1
531140.0379,179224.9656,7658,redacted,,Food Establishment,Home-based Business,,,NEWBURY,,,,,,1
454301.2712,257884.9055,7659,redacted,,Food Establishment,Home-based Business,,,ST ALBANS CITY,,,,,,1
446511.9494,222617.1213,7662,redacted,,Food Establishment,Restaurant,,,COLCHESTER,,,,,,1
491856.9268,84952.71497,7663,redacted,,Food Establishment,Restaurant,,,CHESTER,,,,,,1
452025.9896,216506.7327,7664,redacted,,Food Establishment,Restaurant,,,WILLISTON,,,,,,1
575937.5868,277965.3256,7665,redacted,,Food Establishment,Private Club,,,CANAAN,,,,,,1
502180.0314,171185.1724,7666,redacted,,Food Establishment,Caterer,,,BENNINGTON,,,,,,1
443713.8942,217262.2452,7667,redacted,,Food Establishment,Mobile Unit,,,BURLINGTON,,,,,,1
489582.514,120918.0417,7669,redacted,0,Food Establishment,Restaurant,,,BRIDGEWATER,,,,,,1
508153.733,188445.3466,7670,redacted,0,Food Establishment,Home-based Business,,,ORANGE,,,,,,1
515379.1263,229493.5521,7671,redacted,,Food Establishment,Restaurant,,,GREENSBORO,,,,,,1
451449.3182,83888.27474,7672,redacted,,Food Establishment,Caterer,,,DORSET,,,,,,1
444648.6441,179895.0158,7673,redacted,0,Food Establishment,Home-based Business,,,NEW HAVEN,,,,,,1
467013.5006,68230.3895,7674,redacted,,Food Establishment,Caterer,,,STRATTON,,,,,,1
454378.1541,257573.1957,7675,redacted,,Food Establishment,Home-based Business,,,ST ALBANS CITY,,,,,,1
461337.5982,123021.2049,7676,redacted,,Food Establishment,Restaurant,,,RUTLAND,,,,,,1
497790.8394,227142.1939,7677,redacted,,Food Establishment,Concession Stand,,,ELMORE,,,,,,1
528965.4953,156592.9099,7678,redacted,0,Food Establishment,Restaurant,,,FAIRLEE,,,,,,1
443434.9578,183050.0014,7679,redacted,,Food Establishment,Restaurant,,,NEW HAVEN,,,,,,1
446378.5851,225729.7497,7680,redacted,0,Food Establishment,Restaurant,,,COLCHESTER,,,,,,1
441197.0106,113245.5513,7682,redacted,,Food Establishment,Mobile Unit,,,POULTNEY,,,,,,1
496004.9449,191519.3157,7683,redacted,,Food Establishment,Restaurant,,,BERLIN,,,,,,1
453989.0723,220570.7833,7684,redacted,,Food Establishment,Home-based Business,,,ESSEX JUNCTION,,,,,,1
451122.99,83679.52642,7685,redacted,,Food Establishment,Restaurant,,,DORSET,,,,,,1
485231.1638,218391.3529,7687,redacted,,Food Establishment,Restaurant,,,STOWE,,,,,,1
530252.6576,164965.2088,7688,redacted,,Food Establishment,Bakery,,,BRADFORD,,,,,,1
504491.5905,69696.29663,7689,redacted,,Food Establishment,Hospital,,,BELLOWS FALLS,,,,,,1
526774.0565,272491.5185,7690,redacted,,Food Establishment,Restaurant,,,DERBY,,,,,,1
443365.2201,215609.4978,7691,redacted,0,Food Establishment,Restaurant,,,SOUTH BURLINGTON,,,,,,1
544334.4209,233071.7137,7692,redacted,0,Food Establishment,B&B,,,BURKE,,,,,,1
494661.4346,37336.83112,7693,redacted,,Food Establishment,Mobile Unit,,,BRATTLEBORO,,,,,,1
443564.7329,218419.2442,7694,redacted,,Food Establishment,School,,,BURLINGTON,,,,,,1
443194.6105,217955.735,7695,redacted,,Food Establishment,Restaurant,,,BURLINGTON,,,,,,1
443133.6751,220089.8881,7697,redacted,,Food Establishment,Restaurant,,,BURLINGTON,,,,,,1
500907.635,97334.98503,7698,redacted,,Food Establishment,Mobile Unit,,,PERKINSVILLE,,,,,,1
475891.3083,267813.544,7699,redacted,0,Food Establishment,Caterer,,,ENOSBURG,,,,,,1
438764.0108,184969.7529,7700,redacted,,Food Establishment,Mobile Unit,,,VERGENNES,,,,,,1
451196.5343,217357.4338,7701,redacted,,Food Establishment,Restaurant,,,WILLISTON,,,,,,1
445545.1873,221136.0614,7702,redacted,,Food Establishment,Restaurant,,,BURLINGTON,,,,,,1
517996.8437,270527.1946,7703,redacted,,Food Establishment,Mobile Unit,,,NEWPORT CITY,,,,,,1
527815.7467,226601.366,7706,redacted,,Food Establishment,Home-based Business,,,WHEELOCK,,,,,,1
465443.7346,79658.72981,7707,redacted,,Food Establishment,Lodging,,,PERU,,,,,,1
482866.8585,67772.23221,7708,redacted,,Food Establishment,Bakery,,,TOWNSHEND,,,,,,1
450822.438,236240.4384,7709,redacted,0,Food Establishment,Restaurant,,,MILTON,,,,,,1
508849.4967,152313.5558,7710,redacted,,Food Establishment,Home-based Business,,,STRAFFORD,,,,,,1
495294.2785,42213.04783,7711,redacted,,Food Establishment,Mobile Unit,,,BRATTLEBORO,,,,,,1
444728.1872,220476.1983,7712,redacted,,Food Establishment,Mobile Unit,,,BURLINGTON,,,,,,1
493915.2992,195576.5484,7713,redacted,,Food Establishment,Convenience Store,,,MONTPELIER,,,,,,1
443808.3541,218983.8782,7714,redacted,,Food Establishment,Mobile Unit,,,BURLINGTON,,,,,,1
444926.8254,221385.7458,7715,redacted,,Food Establishment,Restaurant,,,WINOOSKI,,,,,,1
445945.1637,218532.3899,7717,redacted,,Food Establishment,Restaurant,,,SOUTH BURLINGTON,,,,,,1
461305.1773,122999.171,7718,redacted,,Food Establishment,Bakery,,,RUTLAND,,,,,,1
492846.6845,84262.81685,7719,redacted,,Food Establishment,Caterer,,,CHESTER,,,,,,1
449446.0946,257043.3166,7720,redacted,,Food Establishment,School,,,ST ALBANS,,,,,,1
446831.6559,246017.9999,7721,redacted,,Food Establishment,B&B,,,GEORGIA,,,,,,1
510369.2742,222838.6905,7722,redacted,0,Food Establishment,Mobile Unit,,,HARDWICK,,,,,,1
491127.765,259006.5365,7723,redacted,,Food Establishment,Mobile Unit,,,MONTGOMERY CENTER,,,,,,1
471984.5033,187322.2084,7724,redacted,,Food Establishment,School,,,WAITSFIELD,,,,,,1
437524.1376,257826.0187,7725,redacted,,Food Establishment,Mobile Unit,,,NORTH HERO,,,,,,1
484478.0092,99552.46155,7726,redacted,0,Food Establishment,School,,,LUDLOW,,,,,,1
504534.6296,66152.52244,7727,redacted,,Food Establishment,Mobile Unit,,,WESTMINSTER,,,,,,1
445797.5272,222778.6157,7729,redacted,,Food Establishment,Bakery,,,COLCHESTER,,,,,,1
443157.0214,212733.1678,7730,redacted,,Food Establishment,Restaurant,,,SHELBURNE,,,,,,1
478189.2275,230345.3961,7731,redacted,,Food Establishment,Mobile Unit,,,CAMBRIDGE,,,,,,1
459461.5681,98345.2662,7732,redacted,,Food Establishment,Mobile Unit,,,DANBY,,,,,,1
444526.3055,222922.6923,7733,redacted,,Food Establishment,Home-based Business,,,COLCHESTER,,,,,,1
495310.9965,42768.46909,7734,redacted,,Food Establishment,Caterer,,,BRATTLEBORO,,,,,,1
443771.7185,217506.2219,7735,redacted,,Food Establishment,School,,,BURLINGTON,,,,,,1
524160.7699,189751.4083,7736,redacted,,Food Establishment,Mobile Unit,,,GROTON,,,,,,1
477958.2104,225467.9943,7737,redacted,,Food Establishment,Restaurant,,,STOWE,,,,,,1
471767.3895,187034.2411,7738,redacted,,Food Establishment,B&B,,,WAITSFIELD,,,,,,1
483159.0566,100177.7653,7739,redacted,0,Food Establishment,Restaurant,,,LUDLOW,,,,,,1
450411.4259,221908.3434,7740,redacted,,Food Establishment,Restaurant,,,ESSEX JUNCTION,,,,,,1
521512.6587,209976.3032,7741,redacted,,Food Establishment,Mobile Unit,,,PEACHAM,,,,,,1
,,7743,redacted,0,Food Establishment,School,,,BRATTLEBORO,,,,,,1
443510.7101,212185.5824,7744,redacted,,Food Establishment,Home-based Business,,,SHELBURNE,,,,,,1
443022.5097,42180.78641,7745,redacted,,Food Establishment,Restaurant,,,BENNINGTON,,,,,,1
500845.4827,140286.1882,7746,redacted,,Food Establishment,Home-based Business,,,SHARON,,,,,,1
507313.5854,101238.3699,7747,redacted,,Food Establishment,School,,,WEATHERSFIELD,,,,,,1
442702.4558,212670.4713,7748,redacted,,Food Establishment,Home-based Business,,,SHELBURNE,,,,,,1
464590.9671,126036.3811,7749,redacted,,Food Establishment,Restaurant,,,RUTLAND,,,,,,1
452411.7678,206091.7576,7751,redacted,,Food Establishment,Mobile Unit,,,HINESBURG,,,,,,1
498587.6318,124976.3866,7752,redacted,,Food Establishment,Restaurant,,,WOODSTOCK,,,,,,1
499752.1993,188673.6273,7753,redacted,0,Food Establishment,Bakery,,,BARRE,,,,,,1
454280.7646,75036.30283,7754,redacted,,Food Establishment,Lodging,,,MANCHESTER,,,,,,1
503276.8585,108067.6953,7755,redacted,,Food Establishment,Home-based Business,,,WEST WINDSOR,,,,,,1
429768.2191,154356.7138,7756,redacted,0,Food Establishment,Caterer,,,SHOREHAM,,,,,,1
528493.0513,156246.4279,7757,redacted,,Food Establishment,Mobile Unit,,,FAIRLEE,,,,,,1
449862.6182,217778.7275,7758,redacted,0,Food Establishment,Mobile Unit,,,WILLISTON,,,,,,1
462087.0595,121350.3634,7759,redacted,,Food Establishment,Bakery,,,RUTLAND,,,,,,1
449459.0173,223193.6138,7760,redacted,0,Food Establishment,Restaurant,,,ESSEX JUNCTION,,,,,,1
512763.512,127243.7529,7761,redacted,,Food Establishment,Restaurant,,,WHITE RIVER JUNCTION,,,,,,1
491816.6342,228458.1832,7762,redacted,,Food Establishment,Home-based Business,,,MORRISTOWN,,,,,,1
461031.4631,123134.0813,7763,redacted,,Food Establishment,Restaurant,,,RUTLAND,,,,,,1
523166.2583,242195.6971,7764,redacted,0,Food Establishment,Mobile Unit,,,GLOVER,,,,,,1
516151.7301,257198.2588,7765,redacted,,Food Establishment,Camp,,,IRASBURG,,,,,,1
443496.5875,218819.8887,7766,redacted,0,Food Establishment,Restaurant,,,BURLINGTON,,,,,,1
487480.8805,183863.2841,7767,redacted,0,Food Establishment,Caterer,,,NORTHFIELD,,,,,,1
498192.1028,124732.0596,7768,redacted,,Food Establishment,B&B,,,WOODSTOCK,,,,,,1
498356.0518,68506.34031,7770,redacted,,Food Establishment,Bakery,,,SAXTONS RIVER,,,,,,1
482464.7228,210531.0993,7771,redacted,0,Food Establishment,Restaurant,,,WATERBURY,,,,,,1
454639.5548,75189.43939,7772,redacted,,Food Establishment,Caterer,,,MANCHESTER,,,,,,1
523159.2974,270488.2214,7774,redacted,,Food Establishment,Convenience Store,,,NEWPORT CITY,,,,,,1
521696.4888,171109.3333,7775,redacted,0,Food Establishment,Home-based Business,,,CORINTH,,,,,,1
448743.904,162938.9124,7776,redacted,0,Food Establishment,Home-based Business,,,MIDDLEBURY,,,,,,1
518781.6738,234080.684,7777,redacted,,Food Establishment,Restaurant,,,GREENSBORO,,,,,,1
519889.9062,222138.5779,7778,redacted,,Food Establishment,Home-based Business,,,WALDEN,,,,,,1
487637.5765,220119.777,7780,redacted,,Food Establishment,Home-based Business,,,STOWE,,,,,,1
524495.494,190008.2103,7782,redacted,,Food Establishment,Caterer,,,GROTON,,,,,,1
496766.4161,180163.2832,7783,redacted,,Food Establishment,Restaurant,,,WILLIAMSTOWN,,,,,,1
468440.0911,181815.904,7784,redacted,,Food Establishment,Restaurant,,,WARREN,,,,,,1
451324.1651,219523.3903,7785,redacted,,Food Establishment,Mobile Unit,,,WILLISTON,,,,,,1
458834.6554,133491.1687,7786,redacted,,Food Establishment,Convenience Store,,,PITTSFORD,,,,,,1
481947.5864,207910.1573,7788,redacted,0,Food Establishment,Caterer,,,WATERBURY,,,,,,1
462510.5877,200036.7289,7790,redacted,,Food Establishment,Bakery,,,HUNTINGTON,,,,,,1
499547.2451,230042.0439,7792,redacted,0,Food Establishment,Home-based Business,,,WOLCOTT,,,,,,1
443322.1282,215232.0462,7793,redacted,0,Food Establishment,Restaurant,,,SOUTH BURLINGTON,,,,,,1
443583.1475,226953.6086,7794,redacted,,Food Establishment,School,,,COLCHESTER,,,,,,1
455363.8574,104848.3316,7795,redacted,0,Food Establishment,Mobile Unit,,,WALLINGFORD,,,,,,1
495439.6943,194464.1775,7798,redacted,,Food Establishment,Restaurant,,,MONTPELIER,,,,,,1
456821.0621,164714.6874,7799,redacted,,Food Establishment,Home-based Business,,,RIPTON,,,,,,1
525239.2315,249359.8423,7801,redacted,0,Food Establishment,Mobile Unit,,,BARTON,,,,,,1
499736.2175,188806.9625,7802,redacted,,Food Establishment,Restaurant,,,BARRE,,,,,,1
458707.5516,223239.3944,7803,redacted,,Food Establishment,Caterer,,,ESSEX,,,,,,1
443083.0989,217945.5965,7804,redacted,,Food Establishment,Restaurant,,,BURLINGTON,,,,,,1
524495.494,190008.2103,7805,redacted,,Food Establishment,Caterer,,,GROTON,,,,,,1
538937.0028,214212.9043,7806,redacted,,Food Establishment,School,,,ST JOHNSBURY,,,,,,1
507265.7909,100493.9694,7807,redacted,0,Food Establishment,Restaurant,,,WEATHERSFIELD,,,,,,1
460689.8777,211759.3805,7808,redacted,,Food Establishment,Restaurant,,,RICHMOND,,,,,,1
539468.3792,222439.0923,8803,redacted,0,Food Establishment,Lodging,,,LYNDON,,,,,,1
453129.1619,27718.25718,8804,redacted,,Food Establishment,Mobile Unit,,,STAMFORD,,,,,,1
448255.2423,163053.8269,8805,redacted,0,Food Establishment,Home-based Business,,,MIDDLEBURY,,,,,,1
442938.5509,219613.7536,8806,redacted,,Food Establishment,Caterer,,,BURLINGTON,,,,,,1
525768.1897,249773.0963,8807,redacted,,Food Establishment,School,,,BARTON,,,,,,1
443554.7416,220019.5453,8808,redacted,0,Food Establishment,Restaurant,,,BURLINGTON,,,,,,1
446622.5785,63782.21218,8810,redacted,,Food Establishment,Caterer,,,ARLINGTON,,,,,,1
479648.7321,204250.079,8811,redacted,,Food Establishment,Restaurant,,,WATERBURY,,,,,,1
452000.0244,144836.5832,8812,redacted,,Food Establishment,Restaurant,,,BRANDON,,,,,,1
440290.9977,189278.3318,8813,redacted,,Food Establishment,Restaurant,,,FERRISBURG,,,,,,1
443370.601,219887.7942,8814,redacted,,Food Establishment,Restaurant,,,BURLINGTON,,,,,,1
495701.2863,52899.39077,8815,redacted,,Food Establishment,School,,,PUTNEY,,,,,,1
452465.2425,159233.3111,8816,redacted,,Food Establishment,Home-based Business,,,SALISBURY,,,,,,1
461249.6278,123166.1485,8817,redacted,,Food Establishment,Bakery,,,RUTLAND,,,,,,1
451349.2537,85788.80042,8818,redacted,,Food Establishment,School,,,DORSET,,,,,,1
462062.5199,121294.9501,8819,redacted,,Food Establishment,B&B,,,RUTLAND,,,,,,1
445480.4006,221947.8229,8820,redacted,,Food Establishment,Mobile Unit,,,BURLINGTON,,,,,,1
513077.1169,164642.3289,8821,redacted,,Food Establishment,Bakery,,,CORINTH,,,,,,1
461405.0372,108033.0026,8822,redacted,0,Food Establishment,Restaurant,,,WALLINGFORD,,,,,,1
542070.9484,217210.4406,8824,redacted,0,Food Establishment,Lodging,,,ST JOHNSBURY,,,,,,1
444262.4005,217179.7389,8825,redacted,,Food Establishment,School,,,SOUTH BURLINGTON,,,,,,1
495171.1334,41357.76778,8827,redacted,0,Food Establishment,Restaurant,,,BRATTLEBORO,,,,,,1
438964.1685,227662.1692,8829,redacted,,Food Establishment,Mobile Unit,,,COLCHESTER,,,,,,1
435537.6282,174055.1163,8830,redacted,,Food Establishment,Home-based Business,,,VERGENNES,,,,,,1
517023.8923,133397.2033,8832,redacted,,Food Establishment,Mobile Unit,,,HANOVER,,,,,,1
442853.0334,123508.7915,8835,redacted,,Food Establishment,Mobile Unit,,,RUTLAND,,,,,,1
436585.7185,274094.4923,8837,redacted,0,Food Establishment,Home-based Business,,,ALBURGH,,,,,,1
445317.0389,123710.4622,8838,redacted,,Food Establishment,Restaurant,,,CASTLETON,,,,,,1
484986.255,219158.6277,8840,redacted,,Food Establishment,Restaurant,,,STOWE,,,,,,1
443331.5963,219977.0348,8841,redacted,,Food Establishment,Restaurant,,,BURLINGTON,,,,,,1
499680.2615,188762.5201,8842,redacted,,Food Establishment,Restaurant,,,BARRE,,,,,,1
462996.8314,28080.50655,8843,redacted,,Food Establishment,Home-based Business,,,READSBORO,,,,,,1
522788.0298,270564.679,8847,redacted,,Food Establishment,Restaurant,,,NEWPORT CITY,,,,,,1
451481.5609,83854.71432,8848,redacted,,Food Establishment,Restaurant,,,DORSET,,,,,,1
447861.1621,215316.3779,8849,redacted,,Food Establishment,Home-based Business,,,SOUTH BURLINGTON,,,,,,1
443362.4518,219865.6399,8852,redacted,,Food Establishment,Restaurant,,,BURLINGTON,,,,,,1
453835.8421,256954.7391,8855,redacted,0,Food Establishment,Bakery,,,ST ALBANS CITY,,,,,,1
510653.2752,209627.3037,8856,redacted,,Food Establishment,Mobile Unit,,,CABOT,,,,,,1
485262.9681,218380.169,8857,redacted,0,Food Establishment,Restaurant,,,STOWE,,,,,,1
469668.7394,41034.11563,8858,redacted,0,Food Establishment,Restaurant,,,WILMINGTON,,,,,,1
465560.7813,127886.7691,8859,redacted,,Food Establishment,Caterer,,,MENDON,,,,,,1
495987.8372,123244.2655,8860,redacted,,Food Establishment,Restaurant,,,WOODSTOCK,,,,,,1
498724.8544,125087.4601,8861,redacted,,Food Establishment,Restaurant,,,WOODSTOCK,,,,,,1
518800.4985,262950.6542,8862,redacted,,Food Establishment,Restaurant,,,COVENTRY,,,,,,1
538715.5417,217978.5854,8863,redacted,,Food Establishment,Restaurant,,,ST JOHNSBURY,,,,,,1
504474.8062,70473.92519,8864,redacted,,Food Establishment,Restaurant,,,BELLOWS FALLS,,,,,,1
469266.9931,71619.33393,8865,redacted,0,Food Establishment,Restaurant,,,WINHALL,,,,,,1
451489.2567,221389.0406,8866,redacted,,Food Establishment,Restaurant,,,ESSEX JUNCTION,,,,,,1
455972.3219,121109.9359,8868,redacted,,Food Establishment,Home-based Business,,,WEST RUTLAND,,,,,,1
443297.4493,219710.6295,8869,redacted,,Food Establishment,Restaurant,,,BURLINGTON,,,,,,1
491213.1307,89352.8606,8870,redacted,,Food Establishment,Restaurant,,,CHESTER,,,,,,1
446288.6241,168936.3946,8871,redacted,,Food Establishment,Caterer,,,LEICESTER,,,,,,1
489876.2387,46706.80614,8874,redacted,0,Food Establishment,Bakery,,,DUMMERSTON,,,,,,1
443266.2361,42012.13022,8876,redacted,,Food Establishment,Mobile Unit,,,BENNINGTON,,,,,,1
449561.6133,223092.8043,8878,redacted,,Food Establishment,Lodging,,,ESSEX,,,,,,1
498992.9616,189662.5987,8879,redacted,0,Food Establishment,Mobile Unit,,,BARRE,WASHINGTON,,,,,1
453929.1033,260032.3753,8881,redacted,0,Food Establishment,Restaurant,,,ST ALBANS,,,,,,1
459764.2834,98832.29942,8883,redacted,,Food Establishment,Concession Stand,,,DANBY,,,,,,1
432876.3087,184160.4409,8884,redacted,,Food Establishment,Home-based Business,,,PANTON,,,,,,1
492481.7235,84640.93078,8885,redacted,0,Food Establishment,Home-based Business,,,CHESTER,,,,,,1
489989.2592,160437.1058,8886,redacted,,Food Establishment,Restaurant,,,RANDOLPH,,,,,,1
443554.7416,220019.5453,8887,redacted,,Food Establishment,Restaurant,,,BURLINGTON,,,,,,1
447751.4728,220495.661,8888,redacted,,Food Establishment,Caterer,,,SOUTH BURLINGTON,,,,,,1
464809.238,255785.1644,8889,redacted,,Food Establishment,Home-based Business,,,FAIRFIELD,,,,,,1
483243.088,48541.62933,8890,redacted,,Food Establishment,Lodging,,,SOUTH NEWFANE,,,,,,1
539411.162,213493.4698,8891,redacted,,Food Establishment,School,,,ST JOHNSBURY,,,,,,1
473159.0853,187139.5245,8892,redacted,,Food Establishment,Restaurant,,,WAITSFIELD,,,,,,1
495351.9541,42935.07119,8894,redacted,,Food Establishment,Lodging,,,BRATTLEBORO,,,,,,1
440469.3488,113251.9512,8895,redacted,,Food Establishment,School,,,POULTNEY,,,,,,1
453645.9963,256956.1047,8896,redacted,,Food Establishment,Mobile Unit,,,ST ALBANS CITY,,,,,,1
499621.1401,270857.5196,8899,redacted,0,Food Establishment,Caterer,,,TROY,,,,,,1
491801.7059,222924.4842,8900,redacted,0,Food Establishment,Home-based Business,,,MORRISVILLE,,,,,,1
448637.7482,165806.4964,8901,redacted,,Food Establishment,Restaurant,,,MIDDLEBURY,,,,,,1
441181.9165,221574.1188,8902,redacted,,Food Establishment,Restaurant,,,BURLINGTON,,,,,,1
515023.74,211369.3195,8903,redacted,,Food Establishment,Restaurant,,,CABOT,,,,,,1
452937.3481,217044.5857,8904,redacted,,Food Establishment,Home-based Business,,,WILLISTON,,,,,,1
473191.4299,187228.2836,8905,redacted,,Food Establishment,Caterer,,,WAITSFIELD,,,,,,1
445291.8838,166700.0184,8907,redacted,,Food Establishment,Restaurant,,,MIDDLEBURY,,,,,,1
523008.6835,270665.4832,8908,redacted,0,Food Establishment,Restaurant,,,NEWPORT CITY,,,,,,1
443129.5465,42279.88585,8910,redacted,,Food Establishment,Restaurant,,,BENNINGTON,,,,,,1
441918.4778,208710.2456,8911,redacted,,Food Establishment,Restaurant,,,SHELBURNE,,,,,,1
459742.9349,217076.7395,8912,redacted,,Food Establishment,Home-based Business,,,JERICHO,,,,,,1
443362.4518,219865.6399,8913,redacted,,Food Establishment,Restaurant,,,BURLINGTON,,,,,,1
447752.0083,220562.3317,8915,redacted,,Food Establishment,Restaurant,,,SOUTH BURLINGTON,,,,,,1
499505.2133,91180.24808,8916,redacted,,Food Establishment,Mobile Unit,,,SPRINGFIELD,,,,,,1
469953.5655,40766.25376,8917,redacted,,Food Establishment,Restaurant,,,WILMINGTON,,,,,,1
480791.3037,202279.8744,8920,redacted,,Food Establishment,Mobile Unit,,,WATERBURY,,,,,,1
443170.93,217978.1669,8921,redacted,,Food Establishment,Restaurant,,,BURLINGTON,,,,,,1
455248.4725,75052.09279,8922,redacted,,Food Establishment,Restaurant,,,MANCHESTER,,,,,,1
436752.4088,238796.4155,8923,redacted,,Food Establishment,Restaurant,,,SOUTH HERO,,,,,,1
,,8924,redacted,0,Food Establishment,Home-based Business,,,BRATTLEBORO,,,,,,1
450607.2411,236119.8373,8925,redacted,,Food Establishment,Bakery,,,MILTON,,,,,,1
442824.4359,217492.2468,8928,redacted,,Food Establishment,Bakery,,,BURLINGTON,,,,,,1
495275.8199,39124.86365,8929,redacted,,Food Establishment,Restaurant,,,BRATTLEBORO,,,,,,1
530340.1915,165121.164,8930,redacted,,Food Establishment,School,,,BRADFORD,,,,,,1
450651.2923,216828.1501,8931,redacted,,Food Establishment,Mobile Unit,,,WILLISTON,,,,,,1
461402.5863,121687.5784,8932,redacted,,Food Establishment,School,,,RUTLAND,,,,,,1
450617.4513,221806.7633,8933,redacted,,Food Establishment,Mobile Unit,,,ESSEX JUNCTION,,,,,,1
442695.0952,210925.8744,8935,redacted,,Food Establishment,Bakery,,,SHELBURNE,,,,,,1
458804.314,82184.30521,8937,redacted,,Food Establishment,Mobile Unit,,,DORSET,,,,,,1
463281.5839,223545.3072,8938,redacted,,Food Establishment,Bakery,,,MORRISTOWN,,,,,,1
493324.1469,264771.2742,8940,redacted,0,Food Establishment,Mobile Unit,,,MONTGOMERY CENTER,,,,,,1
454255.4766,74903.15567,8941,redacted,,Food Establishment,Restaurant,,,MANCHESTER CENTER,,,,,,1
480704.2573,80120.43112,8942,redacted,,Food Establishment,Home-based Business,,,LONDONDERRY,,,,,,1
457765.5847,222678.7208,8943,redacted,,Food Establishment,Home-based Business,,,ESSEX,,,,,,1
444333.6298,233825.9382,8945,redacted,,Food Establishment,Home-based Business,,,COLCHESTER,,,,,,1
525267.6852,250182.2758,8946,redacted,,Food Establishment,Restaurant,,,BARTON,,,,,,1
507460.0706,100605.278,8947,redacted,,Food Establishment,Bakery,,,ASCUTNEY,,,,,,1
498222.1595,146652.6429,8948,redacted,,Food Establishment,Restaurant,,,ROYALTON,,,,,,1
441660.6041,207501.2867,8949,redacted,,Food Establishment,Bakery,,,SHELBURNE,,,,,,1
531230.1707,277823.7282,8950,redacted,,Food Establishment,Lodging,,,DERBY,,,,,,1
524063.741,271369.4691,8951,redacted,,Food Establishment,Caterer,,,NEWPORT CITY,,,,,,1
471663.6929,188945.8506,8952,redacted,,Food Establishment,Caterer,,,WAITSFIELD,,,,,,1
523984.651,271413.6236,8954,redacted,,Food Establishment,Home-based Business,,,NEWPORT CITY,,,,,,1
514594.0675,127647.4586,8957,redacted,0,Food Establishment,Restaurant,,,WHITE RIVER JUNCTION,,,,,,1
456093.8087,221245.1975,8959,redacted,,Food Establishment,Home-based Business,,,ESSEX JUNCTION,,,,,,1
447955.9318,166834.0848,8961,redacted,,Food Establishment,Restaurant,,,MIDDLEBURY,,,,,,1
467062.2797,68219.04447,8962,redacted,,Food Establishment,Restaurant,,,STRATTON,,,,,,1
443139.397,219834.2477,8963,redacted,0,Food Establishment,Mobile Unit,,,BURLINGTON,,,,,,1
463152.2319,122677.6769,8964,redacted,0,Food Establishment,Bakery,,,RUTLAND,,,,,,1
523032.2831,270687.7937,8966,redacted,,Food Establishment,Restaurant,,,NEWPORT,,,,,,1
443512.3088,218797.5271,8967,redacted,,Food Establishment,Caterer,,,BURLINGTON,,,,,,1
461978.9812,122228.6976,8968,redacted,,Food Establishment,Restaurant,,,RUTLAND,,,,,,1
481581.3765,182477.142,8970,redacted,0,Food Establishment,Caterer,,,NORTHFIELD,,,,,,1
439332.7204,185053.3798,8971,redacted,,Food Establishment,Convenience Store,,,VERGENNES,,,,,,1
494098.5881,195165.2612,8972,redacted,,Food Establishment,Restaurant,,,MONTPELIER,,,,,,1
485723.7883,218056.9,8973,redacted,0,Food Establishment,Home-based Business,,,STOWE,,,,,,1
538337.532,213242.6024,8974,redacted,,Food Establishment,Restaurant,,,ST JOHNSBURY,,,,,,1
443831.5666,220750.5818,8975,redacted,,Food Establishment,Grocery,,,BURLINGTON,,,,,,1
443396.5955,220132.0456,8976,redacted,,Food Establishment,Restaurant,,,BURLINGTON,,,,,,1
444510.4618,220133.5617,8977,redacted,,Food Establishment,Caterer,,,BURLINGTON,,,,,,1
541928.3551,235567.1181,8978,redacted,,Food Establishment,Restaurant,,,BURKE,,,,,,1
444441.7096,220467.5263,8979,redacted,,Food Establishment,School,,,BURLINGTON,,,,,,1
438202.4792,121727.8268,8980,redacted,,Food Establishment,Restaurant,,,FAIR HAVEN,,,,,,1
427150.102,173486.7385,8981,redacted,0,Food Establishment,Home-based Business,,,ADDISON,,,,,,1
459060.1476,133456.4518,8982,redacted,0,Food Establishment,B&B,,,PITTSFORD,,,,,,1
494951.6618,244634.1502,8983,redacted,0,Food Establishment,Restaurant,,,EDEN,,,,,,1
451188.4731,268743.1282,8984,redacted,0,Food Establishment,Bakery,,,SWANTON,,,,,,1
446653.7686,168477.8619,8985,redacted,,Food Establishment,Restaurant,,,MIDDLEBURY,,,,,,1
438337.4996,122359.9132,8986,redacted,,Food Establishment,Mobile Unit,,,FAIR HAVEN,,,,,,1
461475.1614,123075.9655,8987,redacted,,Food Establishment,Restaurant,,,RUTLAND,,,,,,1
491578.0274,159846.0279,8989,redacted,,Food Establishment,Home-based Business,,,RANDOLPH CENTER,,,,,,1
443139.9797,219900.9184,8990,redacted,,Food Establishment,Restaurant,,,BURLINGTON,,,,,,1
508509.0181,110227.5795,8991,redacted,,Food Establishment,B&B,,,WINDSOR,,,,,,1
524048.7554,189784.3314,8992,redacted,,Food Establishment,Private Club,,,GROTON,,,,,,1
483959.4765,99531.45335,8993,redacted,,Food Establishment,Lodging,,,LUDLOW,,,,,,1
446371.4128,168269.0255,8995,redacted,0,Food Establishment,Restaurant,,,MIDDLEBURY,,,,,,1
509228.0707,116716.7172,8996,redacted,,Food Establishment,Mobile Unit,,,HARTLAND,,,,,,1
461958.0355,122806.5586,8998,redacted,,Food Establishment,School,,,RUTLAND,,,,,,1
488545.9086,152095.3227,8999,redacted,,Food Establishment,Mobile Unit,,,BETHEL,,,,,,1
473829.2489,32774.36308,9005,redacted,0,Food Establishment,Caterer,,,DOVER,,,,,,1
476832.8532,128438.2394,9008,redacted,,Food Establishment,Lodging,,,KILLINGTON,,,,,,1
522653.5287,270653.104,9009,redacted,,Food Establishment,School,,,NEWPORT CITY,,,,,,1
451803.6893,216586.1603,9010,redacted,0,Food Establishment,Restaurant,,,WILLISTON,,,,,,1
499632.3032,188806.9675,9011,redacted,,Food Establishment,Restaurant,,,BARRE,,,,,,1
499696.2499,188795.853,9012,redacted,0,Food Establishment,Restaurant,,,BARRE,,,,,,1
443080.1594,42235.85647,9014,redacted,0,Food Establishment,Restaurant,,,BENNINGTON,,,,,,1
477108.7853,66711.52488,9015,redacted,,Food Establishment,Restaurant,,,JAMAICA,,,,,,1
444141.5523,211435.6144,9016,redacted,,Food Establishment,Home-based Business,,,SHELBURNE,,,,,,1
498238.2544,146674.8595,9017,redacted,,Food Establishment,Mobile Unit,,,ROYALTON,,,,,,1
492661.434,230779.57,9022,redacted,,Food Establishment,Home-based Business,,,MORRISVILLE,,,,,,1
499344.2478,185873.6354,9023,redacted,,Food Establishment,Convenience Store,,,BARRE,,,,,,1
495261.7377,42413.02588,9024,redacted,,Food Establishment,Restaurant,,,BRATTLEBORO,,,,,,1
492011.0909,84874.7659,9026,redacted,,Food Establishment,Restaurant,,,CHESTER,,,,,,1
498627.9966,125031.9287,9027,redacted,,Food Establishment,Home-based Business,,,WOODSTOCK,,,,,,1
498518.6398,29858.90644,9028,redacted,,Food Establishment,Caterer,,,VERNON,,,,,,1
495153.2904,39224.92617,9029,redacted,,Food Establishment,Caterer,,,BRATTLEBORO,,,,,,1
496262.4721,123532.9687,9030,redacted,,Food Establishment,School,,,WOODSTOCK,,,,,,1
514709.579,240970.7891,9031,redacted,,Food Establishment,Caterer,,,HARDWICK,,,,,,1
495210.5029,39224.88613,9032,redacted,,Food Establishment,Restaurant,,,BRATTLEBORO,,,,,,1
485286.7145,218324.5563,9033,redacted,,Food Establishment,Restaurant,,,STOWE,,,,,,1
515449.3183,233371.8174,9034,redacted,,Food Establishment,Lodging,,,GREENSBORO,,,,,,1
445253.1846,123799.87,9035,redacted,,Food Establishment,School,,,CASTLETON,,,,,,1
459692.181,132663.754,9036,redacted,,Food Establishment,Bakery,,,PITTSFORD,,,,,,1
474105.0071,187757.9665,9037,redacted,0,Food Establishment,Restaurant,,,WAITSFIELD,,,,,,1
494596.3448,37736.79033,9038,redacted,,Food Establishment,Bakery,,,BRATTLEBORO,,,,,,1
465732.944,274638.7308,9039,redacted,,Food Establishment,Mobile Unit,,,FRANKLIN,,,,,,1
469635.5157,40912.06475,9041,redacted,,Food Establishment,Restaurant,,,WILMINGTON,,,,,,1
473566.8638,238218.9194,9046,redacted,,Food Establishment,Mobile Unit,,,CAMBRIDGE,,,,,,1
445124.3966,200392.7416,9047,redacted,,Food Establishment,Lodging,,,CHARLOTTE,,,,,,1
448710.6316,165894.8231,9049,redacted,,Food Manufacturer,Sweets,,,MIDDLEBURY,,,,,,1
530521.6243,158822.0673,9050,redacted,,Food Manufacturer,Food Processor,,,FAIRLEE,,,,,,1
509914.7785,223649.1462,9051,redacted,,Food Manufacturer,Distribution,,,HARDWICK,,,,,,1
446063.0736,220276.0789,9053,redacted,,Food Manufacturer,Food Processor,,,SOUTH BURLINGTON,,,,,,1
453835.1716,181724.3266,9055,redacted,,Food Manufacturer,Food Processor,,,BRISTOL,,,,,,1
495642.5794,37480.55204,9056,redacted,,Food Manufacturer,Sweets,,,BRATTLEBORO,,,,,,1
439002.0733,201091.4514,9057,redacted,0,Food Manufacturer,Food Processor,,,CHARLOTTE,,,,,,1
482978.3702,66794.34737,9058,redacted,,Food Manufacturer,Food Processor,,,CHESTER,,,,,,1
514577.9083,127658.5336,9059,redacted,0,Food Manufacturer,Food Processor,,,WHITE RIVER JUNCTION,,,,,,1
538640.8539,222511.906,9060,redacted,,Food Manufacturer,Food Processor,,,LYNDON,,,,,,1
565591.837,278717.6168,9061,redacted,0,Food Manufacturer,Caterer,,,CANAAN,,,,,,1
453810.3075,181602.2728,9062,redacted,,Food Manufacturer,Food Processor,,,BRISTOL,,,,,,1
449468.1172,216170.4809,9063,redacted,,Food Manufacturer,Sweets,,,WILLISTON,,,,,,1
472960.4319,187440.3461,9064,redacted,0,Food Manufacturer,Food Processor,,,WAITSFIELD,,,,,,1
513900.0336,127757.084,9065,redacted,,Food Manufacturer,Food Processor,,,WHITE RIVER JUNCTION,,,,,,1
445412.8565,221481.6609,9067,redacted,,Food Manufacturer,Food Processor,,,WINOOSKI,,,,,,1
,,9068,redacted,0,Food Manufacturer,Food Processor,,,RUTLAND,,,,,,1
443300.8397,42245.14348,9069,redacted,,Food Manufacturer,Food Processor,,,BENNINGTON,,,,,,1
546554.4116,234620.8225,9070,redacted,,Food Manufacturer,Sweets,,,BURKE,,,,,,1
530654.464,236370.6775,9072,redacted,,Food Manufacturer,Food Processor,,,SHEFFIELD,,,,,,1
551510.3351,256150.7438,9074,redacted,0,Food Manufacturer,Food Processor,,,BRIGHTON,,,,,,1
454036.0093,177244.943,9075,redacted,,Food Manufacturer,Sweets,,,WAITSFIELD,,,,,,1
513498.5248,126834.1174,9076,redacted,,Food Manufacturer,Sweets,,,WHITE RIVER JUNCTION,,,,,,1
510467.4376,206260.1935,9077,redacted,0,Food Manufacturer,Food Processor,,,MARSHFIELD,,,,,,1
-472109.7064,-640677.0832,9078,redacted,0,Food Manufacturer,Food Processor,,,MORRISTOWN,,,,,,1
470808.3439,261444.8328,9079,redacted,,Food Manufacturer,Food Processor,,,ENOSBURG,,,,,,1
509858.9198,223782.4035,9081,redacted,,Food Manufacturer,Food Processor,,,HARDWICK,,,,,,1
483311.786,161128.3134,9083,redacted,,Food Manufacturer,Food Processor,,,BRAINTREE,,,,,,1
455655.979,73949.56504,9084,redacted,,Food Manufacturer,Food Processor,,,MANCHESTER,,,,,,1
447791.6938,220550.9005,9085,redacted,,Food Establishment,Restaurant,,,SOUTH BURLINGTON,,,,,,1
445523.4655,221391.8327,9086,redacted,,Food Establishment,Bakery,,,WINOOSKI,,,,,,1
485334.4702,239414.9841,9087,redacted,,Food Establishment,Restaurant,,,JOHNSON,,,,,,1
469570.9313,41090.09172,9088,redacted,,Food Establishment,Restaurant,,,WILMINGTON,,,,,,1
541555.9129,214351.3104,9089,redacted,0,Food Establishment,Restaurant,,,ST JOHNSBURY,,,,,,1
485135.5741,218347.1233,9090,redacted,,Food Establishment,Restaurant,,,STOWE,,,,,,1
474002.6259,202247.7728,9092,redacted,,Food Establishment,Food Processor,,,DUXBURY,,,,,,1
441971.3233,221789.2799,9093,redacted,,Food Establishment,Mobile Unit,,,BURLINGTON,,,,,,1
501079.1369,89047.2951,9094,redacted,,Food Establishment,Restaurant,,,SPRINGFIELD,,,,,,1
535109.1612,221169.5285,9095,redacted,,Food Establishment,Home-based Business,,,DANVILLE,,,,,,1
456444.2991,130350.8751,9096,redacted,,Food Establishment,Private Club,,,WEST RUTLAND,,,,,,1
507905.059,107949.3277,9097,redacted,,Food Establishment,Mobile Unit,,,WINDSOR,,,,,,1
487285.3527,182030.3182,9098,redacted,,Food Establishment,Cafeteria,,,NORTHFIELD,,,,,,1
443378.3394,220776.7369,9099,redacted,,Food Establishment,Restaurant,,,BURLINGTON,,,,,,1
455390.9515,73218.05551,9101,redacted,,Food Establishment,Mobile Unit,,,MANCHESTER,,,,,,1
494965.786,39880.46828,9103,redacted,,Food Establishment,School,,,BRATTLEBORO,,,,,,1
450693.6044,235996.9391,9104,redacted,,Food Establishment,Caterer,,,MILTON,,,,,,1
446242.4343,218874.4157,9105,redacted,,Food Establishment,Restaurant,,,SOUTH BURLINGTON,,,,,,1
514970.6304,128814.8619,9108,redacted,,Food Establishment,Bakery,,,WHITE RIVER JUNCTION,,,,,,1
578217.4736,279182.0794,9109,redacted,,Food Establishment,Restaurant,,,CANAAN,,,,,,1
448147.0729,218225.5513,9110,redacted,,Food Establishment,Restaurant,,,SOUTH BURLINGTON,,,,,,1
445453.8832,180466.1156,9111,redacted,,Food Establishment,Caterer,,,NEW HAVEN,,,,,,1
476138.5995,253588.4462,9112,redacted,,Food Establishment,Mobile Unit,,,BAKERSFIELD,,,,,,1
493873.9074,133300.5611,9113,redacted,,Food Establishment,Home-based Business,,,POMFRET,,,,,,1
462195.3548,121938.604,9114,redacted,,Food Establishment,Restaurant,,,RUTLAND,,,,,,1
467013.5006,68230.3895,9116,redacted,,Food Establishment,Restaurant,,,STRATTON,,,,,,1
455940.6333,223290.9009,9117,redacted,,Food Establishment,Mobile Unit,,,ESSEX,,,,,,1
501395.8203,87858.64125,9120,redacted,,Food Establishment,Mobile Unit,,,SPRINGFIELD,,,,,,1
449869.4903,195820.9668,9121,redacted,,Food Establishment,Home-based Business,,,HINESBURG,,,,,,1
467661.0706,237534.5587,9123,redacted,,Food Establishment,Mobile Unit,,,UNDERHILL,,,,,,1
443197.1073,42545.95472,9124,redacted,,Food Establishment,Concession Stand,,,BENNINGTON,,,,,,1
495120.1962,38658.41136,9127,redacted,0,Food Establishment,Lodging,,,BRATTLEBORO,,,,,,1
481252.6994,221235.1195,9129,redacted,,Food Establishment,School,,,STOWE,,,,,,1
515412.7727,245361.7612,9131,redacted,0,Food Establishment,Home-based Business,,,GLOVER,,,,,,1
448645.856,165817.545,9132,redacted,0,Food Establishment,Restaurant,,,MIDDLEBURY,,,,,,1
443208.2841,219522.4927,9133,redacted,0,Food Establishment,,,,BURLINGTON,CHITTENDEN,,,,,1
452567.4023,144276.9674,9135,redacted,,Food Establishment,Grocery,,,BRANDON,,,,,,1
484167.0691,219293.9111,9136,redacted,,Food Establishment,Caterer,,,STOWE,,,,,,1
443378.3634,219865.5014,9137,redacted,,Food Establishment,Restaurant,,,BURLINGTON,,,,,,1
441336.4469,221950.5551,9138,redacted,,Food Establishment,School,,,BURLINGTON,,,,,,1
453810.3075,181602.2728,9139,redacted,,Food Establishment,Restaurant,,,BRISTOL,,,,,,1
440806.6522,223166.6462,9140,redacted,,Food Establishment,Restaurant,,,BURLINGTON,,,,,,1
453562.0831,216473.374,9142,redacted,,Food Establishment,Mobile Unit,,,WILLISTON,,,,,,1
475770.5891,267213.9103,9143,redacted,,Food Establishment,Caterer,,,ENOSBURG,,,,,,1
444602.7108,219754.9477,9145,redacted,,Food Establishment,Caterer,,,BURLINGTON,,,,,,1
446149.8556,222108.9322,9146,redacted,,Food Establishment,Home-based Business,,,WINOOSKI,,,,,,1
445709.2214,218867.7296,9147,redacted,,Food Establishment,Lodging,,,SOUTH BURLINGTON,,,,,,1
484826.6374,99673.87638,9148,redacted,,Food Establishment,School,,,LUDLOW,,,,,,1
477672.5914,225624.5379,9151,redacted,,Food Establishment,Bakery,,,STOWE,,,,,,1
477524.8989,187200.9255,9154,redacted,0,Food Establishment,Bakery,,,WAITSFIELD,,,,,,1
506491.0814,236379.1218,9155,redacted,,Food Establishment,Home-based Business,,,CRAFTSBURY,,,,,,1
452206.3323,256966.6436,9156,redacted,0,Food Establishment,Caterer,,,ST ALBANS CITY,,,,,,1
499248.2549,185618.0889,9157,redacted,,Food Establishment,School,,,BARRE,,,,,,1
472951.3393,187173.7103,9158,redacted,,Food Establishment,Restaurant,,,WAITSFIELD,,,,,,1
472878.3714,186929.5606,9159,redacted,0,Food Establishment,Restaurant,,,WAITSFIELD,,,,,,1
496986.2569,117444.3139,9160,redacted,,Food Establishment,Caterer,,,WOODSTOCK,,,,,,1
443475.9223,164448.5098,9161,redacted,0,Food Establishment,Home-based Business,,,MIDDLEBURY,,,,,,1
487535.6139,183196.5102,9162,redacted,,Food Establishment,Restaurant,,,NORTHFIELD,,,,,,1
443730.9429,221073.7177,9163,redacted,0,Food Establishment,Restaurant,,,BURLINGTON,,,,,,1
462682.2894,135401.8296,9164,redacted,0,Food Establishment,Home-based Business,,,CHITTENDEN,,,,,,1
515161.2461,130126.2985,9166,redacted,,Food Establishment,Home-based Business,,,WHITE RIVER JUNCTION,,,,,,1
514367.8443,127802.5121,9167,redacted,,Food Establishment,Restaurant,,,WHITE RIVER JUNCTION,,,,,,1
474306.3097,188123.8518,9168,redacted,0,Food Establishment,Mobile Unit,,,WAITSFIELD,,,,,,1
443947.2605,42362.04967,9170,redacted,,Food Establishment,Restaurant,,,BENNINGTON,,,,,,1
443171.4146,219856.1932,9171,redacted,,Food Establishment,Bakery,,,BURLINGTON,,,,,,1
473666.6905,33052.69798,9172,redacted,0,Food Establishment,Restaurant,,,JACKSONVILLE,,,,,,1
476590.1572,128239.0983,9173,redacted,,Food Establishment,Restaurant,,,KILLINGTON,,,,,,1
454547.2197,79622.8606,9175,redacted,0,Food Establishment,Caterer,,,DORSET,,,,,,1
544284.6154,232226.8221,9179,redacted,,Food Establishment,Restaurant,,,BURKE,,,,,,1
443569.4444,216207.8027,9181,redacted,,Food Establishment,Restaurant,,,SOUTH BURLINGTON,,,,,,1
439728.7965,224421.1864,9183,redacted,,Food Establishment,Bakery,,,ESSEX JUNCTION,,,,,,1
442131.3977,209352.8776,9184,redacted,0,Food Establishment,Caterer,,,SHELBURNE,,,,,,1
495259.4503,39091.54912,9185,redacted,,Food Establishment,Restaurant,,,BRATTLEBORO,,,,,,1
445595.0364,218535.3072,9186,redacted,,Food Establishment,Restaurant,,,SOUTH BURLINGTON,,,,,,1
475007.3016,233223.8116,9188,redacted,,Food Establishment,Mobile Unit,,,CAMBRIDGE,,,,,,1
459273.7248,241182.3859,9190,redacted,,Food Establishment,Home-based Business,,,FAIRFAX,,,,,,1
475690.8682,36377.86669,9191,redacted,,Food Establishment,B&B,,,BRATTLEBORO,,,,,,1
462480.6409,123859.1057,9192,redacted,,Food Establishment,Restaurant,,,RUTLAND,,,,,,1
515350.9923,135293.0171,9194,redacted,,Food Establishment,B&B,,,NORWICH,,,,,,1
528411.9127,156434.9646,9195,redacted,,Food Establishment,School,,,FAIRLEE,,,,,,1
476695.5284,128383.1645,9198,redacted,,Food Establishment,Restaurant,,,KILLINGTON,,,,,,1
443637.6467,216729.502,9199,redacted,,Food Establishment,Restaurant,,,SOUTH BURLINGTON,,,,,,1
461561.8644,122708.8234,9200,redacted,0,Food Establishment,Bar,,,RUTLAND,,,,,,1
499644.8195,270868.6309,9201,redacted,,Food Establishment,Restaurant,,,JAY,,,,,,1
443379.3305,219976.6192,9202,redacted,,Food Establishment,Restaurant,,,BURLINGTON,,,,,,1
442307.2118,221097.3048,9203,redacted,,Food Establishment,Restaurant,,,BURLINGTON,,,,,,1
495885.3928,191997.1743,9204,redacted,,Food Establishment,Restaurant,,,BARRE,,,,,,1
476316.9217,126251.319,9206,redacted,,Food Establishment,Restaurant,,,KILLINGTON,,,,,,1
487090.1805,54309.91749,9207,redacted,,Food Establishment,Restaurant,,,NEWFANE,,,,,,1
439314.1348,48778.29375,9208,redacted,,Food Establishment,Mobile Unit,,,NORTH BENNINGTON,,,,,,1
481512.1664,206133.515,9209,redacted,,Food Establishment,Restaurant,,,WATERBURY,,,,,,1
444134.1073,233705.4146,9210,redacted,,Food Establishment,Convenience Store,,,COLCHESTER,,,,,,1
484274.5699,237361.7263,9213,redacted,,Food Establishment,School,,,JOHNSON,,,,,,1
509101.1992,108950.7215,9214,redacted,,Food Establishment,Restaurant,,,WINDSOR,,,,,,1
472090.4202,182132.757,9215,redacted,,Food Establishment,B&B,,,WARREN,,,,,,1
505364.407,197564.853,9216,redacted,,Food Establishment,Mobile Unit,,,PLAINFIELD,,,,,,1
445242.5513,222038.7226,9217,redacted,,Food Establishment,School,,,WINOOSKI,,,,,,1
480443.0055,203180.943,9219,redacted,0,Food Establishment,Convenience Store,,,WATERBURY,,,,,,1
,,9220,redacted,0,Food Establishment,Restaurant,,,SOUTH BURLINGTON,,,,,,1
450956.7556,236161.6304,9221,redacted,,Food Establishment,Mobile Unit,,,MILTON,,,,,,1
497946.7717,87614.40071,9222,redacted,0,Food Establishment,Mobile Unit,,,SPRINGFIELD,,,,,,1
483675.6902,99432.14563,9224,redacted,,Food Establishment,B&B,,,LUDLOW,,,,,,1
538481.0765,213210.112,9225,redacted,,Food Establishment,Restaurant,,,ST JOHNSBURY,,,,,,1
491387.6048,264073.4902,9226,redacted,,Food Establishment,Lodging,,,MONTGOMERY,,,,,,1
460360.0082,241164.5189,9227,redacted,,Food Establishment,Mobile Unit,,,FAIRFAX,,,,,,1
483935.3312,99598.16901,9228,redacted,,Food Establishment,Lodging,,,LUDLOW,,,,,,1
507867.3055,112559.8725,9230,redacted,0,Food Establishment,Restaurant,,,WINDSOR,,,,,,1
485481.9168,49669.62915,9232,redacted,,Food Establishment,Restaurant,,,NEWFANE,,,,,,1
473031.5287,46319.03801,9233,redacted,,Food Establishment,B&B,,,WILMINGTON,,,,,,1
459528.5496,245147.9876,9235,redacted,0,Food Establishment,Bakery,,,FAIRFAX,,,,,,1
440266.5799,201502.0579,9237,redacted,0,Food Establishment,Caterer,,,FERRISBURG,,,,,,1
462268.3539,120560.5036,9238,redacted,,Food Establishment,Lodging,,,RUTLAND,,,,,,1
451016.1336,145643.7437,9239,redacted,,Food Establishment,Restaurant,,,BRANDON,,,,,,1
454803.2728,75354.99671,9242,redacted,,Food Establishment,Restaurant,,,MANCHESTER CENTER,,,,,,1
437400.8418,158402.8121,9243,redacted,,Food Establishment,Home-based Business,,,SHOREHAM,,,,,,1
453941.0633,257287.3742,9244,redacted,,Food Establishment,Bakery,,,SAINT ALBANS,,,,,,1
469693.155,41011.79035,9246,redacted,0,Food Establishment,Bakery,,,WILMINGTON,,,,,,1
452637.4715,145076.4627,9248,redacted,,Food Establishment,Home-based Business,,,BRANDON,,,,,,1
483894.6663,99531.60753,9249,redacted,,Food Establishment,Bakery,,,LUDLOW,,,,,,1
475921.9767,267568.948,9250,redacted,,Food Establishment,Bakery,,,ENOSBURG,,,,,,1
482417.4042,213664.7284,9251,redacted,0,Food Manufacturer,Food Processor,,,WATERBURY,,,,,,1
443173.5479,219189.4175,9252,redacted,,Food Manufacturer,Food Processor,,,BURLINGTON,,,,,,1
471042.0573,48915.52114,9253,redacted,0,Food Manufacturer,Bakery,,,DOVER,,,,,,1
449462.2262,216437.2237,9254,redacted,,Food Manufacturer,Food Processor,,,WILLISTON,,,,,,1
463100.182,-92260.63927,9255,redacted,0,Food Manufacturer,Food Processor,,,BRISTOL,,,,,,1
450806.1978,98191.62862,9256,redacted,0,Food Manufacturer,Food Processor,,,PAWLET,,,,,,1
443173.5479,219189.4175,9257,redacted,,Food Manufacturer,Restaurant,,,BURLINGTON,,,,,,1
446288.2815,169880.8862,9258,redacted,0,Food Manufacturer,Food Processor,,,MIDDLEBURY,,,,,,1
496537.1096,185496.7349,9259,redacted,0,Food Manufacturer,Food Processor,,,HARDWICK,,,,,,1
457443.9302,222136.3165,9260,redacted,0,Food Manufacturer,Distribution,,,ESSEX,,,,,,1
450639.9395,271336.7307,9261,redacted,0,Food Manufacturer,Sweets,,,HIGHGATE,,,,,,1
495642.5794,37480.55204,9262,redacted,0,Food Manufacturer,Food Processor,,,BRATTLEBORO,,,,,,1
473046.7837,187051.0931,9263,redacted,,Food Manufacturer,Food Processor,,,WAITSFIELD,,,,,,1
468102.0756,246500.0967,9264,redacted,,Food Manufacturer,Food Processor,,,FAIRFIELD,,,,,,1
450470.2689,216051.6596,9265,redacted,0,Food Manufacturer,Food Processor,,,COLCHESTER,,,,,,1
504542.135,67107.90802,9267,redacted,0,Food Manufacturer,Food Processor,,,WESTMINSTER,,,,,,1
442249.7089,201995.4221,9268,redacted,0,Food Manufacturer,Bakery,,,CHARLOTTE,,,,,,1
446821.1934,233171.6106,9270,redacted,0,Food Manufacturer,Food Processor,,,COLCHESTER,,,,,,1
463875.6837,221708.4711,9271,redacted,0,Food Manufacturer,Food Processor,,,JERICHO,,,,,,1
440227.4997,195468.418,9272,redacted,0,Food Manufacturer,Food Processor,,,HINESBURG,,,,,,1
540948.8772,217181.0629,9273,redacted,0,Food Manufacturer,Sweets,,,ST JOHNSBURY,,,,,,1
442119.1926,208875.1499,9274,redacted,0,Food Manufacturer,Food Processor,,,SOUTH BURLINGTON,,,,,,1
438216.9968,201609.9887,9275,redacted,0,Food Manufacturer,Food Processor,,,CHARLOTTE,,,,,,1
492189.7235,260938.7304,9276,redacted,,Food Manufacturer,Food Processor,,,MONTGOMERY,,,,,,1
518827.4097,168189.4582,9277,redacted,,Food Manufacturer,Food Processor,,,THETFORD,,,,,,1
460789.4666,123168.8232,9278,redacted,0,Food Manufacturer,Food Processor,,,RUTLAND,,,,,,1
451405.016,251416.1479,9279,redacted,0,Food Manufacturer,Food Processor,,,ST ALBANS CITY,,,,,,1
504605.05,70374.02963,9280,redacted,0,Food Manufacturer,Food Processor,,,BELLOWS FALLS,,,,,,1
443317.2978,222899.7856,9281,redacted,0,Food Manufacturer,Food Processor,,,COLCHESTER,,,,,,1
503642.9072,74261.65876,9282,redacted,,Food Manufacturer,Food Processor,,,ROCKINGHAM,,,,,,1
447869.4623,220328.0268,9283,redacted,,Food Manufacturer,,,,SOUTH BURLINGTON,,,,,,1
495948.3614,43079.10656,9284,redacted,0,Food Manufacturer,Food Processor,,,BRATTLEBORO,,,,,,1
493160.7478,229790.0597,9285,redacted,0,Food Manufacturer,Food Processor,,,MORRISTOWN,,,,,,1
447751.4728,220495.661,9286,redacted,0,Food Manufacturer,Food Processor,,,SOUTH BURLINGTON,,,,,,1
534636.3982,223311.6334,9287,redacted,0,Food Manufacturer,Sweets,,,LYNDON,,,,,,1
482089.8431,72528.97131,9288,redacted,0,Food Manufacturer,Food Processor,,,TOWNSHEND,,,,,,1
449325.9953,192658.2282,9289,redacted,0,Food Manufacturer,Home-based Business,,,MONKTON,,,,,,1
515019.4099,206324.6299,9290,redacted,0,Food Manufacturer,Food Processor,,,MARSHFIELD,,,,,,1
449187.0283,217895.0898,9291,redacted,0,Food Manufacturer,Food Processor,,,SOUTH BURLINGTON,,,,,,1
451033.9214,67893.07997,9292,redacted,,Food Manufacturer,Food Processor,,,SUNDERLAND,,,,,,1
514667.5751,127236.542,9294,redacted,0,Food Manufacturer,Food Processor,,,WHITE RIVER JUNCTION,,,,,,1
446384.0387,170813.487,9295,redacted,0,Food Manufacturer,Food Processor,,,MIDDLEBURY,,,,,,1
484814.2312,179168.8821,9296,redacted,0,Food Manufacturer,Food Processor,,,NORTHFIELD,,,,,,1
448088.5732,222859.9272,9297,redacted,0,Food Manufacturer,Food Processor,,,COLCHESTER,CHITTENDEN,,,,,1
481362.3143,178577.7404,9298,redacted,0,Food Manufacturer,Food Processor,,,ROXBURY,,,,,,1
474185.9801,85919.01511,9299,redacted,0,Food Manufacturer,Sweets,,,WEST RUTLAND,,,,,,1
464878.8874,226314.5232,9300,redacted,0,Food Manufacturer,Food Processor,,,UNDERHILL,,,,,,1
447751.4728,220495.661,9301,redacted,0,Food Manufacturer,Food Processor,,,SOUTH BURLINGTON,,,,,,1
449506.8138,223204.3548,9303,redacted,0,Food Manufacturer,Food Processor,,,ESSEX JUNCTION,,,,,,1
511453.0743,148017.7417,9306,redacted,0,Food Manufacturer,Food Processor,,,SOUTH STRAFFORD,,,,,,1
499184.2159,185129.2057,9307,redacted,0,Food Manufacturer,Food Processor,,,BARRE,,,,,,1
441041.7364,114902.4198,9308,redacted,0,Food Manufacturer,Maple Products,,,POULTNEY,,,,,,1
446739.4563,64147.92173,9309,redacted,0,Food Manufacturer,Food Processor,,,ARLINGTON,,,,,,1
488801.4359,235318.7957,9310,redacted,0,Food Manufacturer,Food Processor,,,HARDWICK,,,,,,1
448682.1061,61466.73139,9311,redacted,0,Food Manufacturer,Food Processor,,,EAST ARLINGTON,,,,,,1
493967.1153,38015.02707,9312,redacted,0,Food Manufacturer,Caterer,,,BRATTLEBORO,,,,,,1
499776.1796,188662.5152,9313,redacted,0,Food Manufacturer,Food Processor,,,BARRE,,,,,,1
527513.7388,278473.4211,9314,redacted,0,Food Manufacturer,Food Processor,,,BEEBE PLAIN,,,,,,1
443011.2269,219735.3555,9315,redacted,0,Food Manufacturer,Juice/Cider,,,BURLINGTON,,,,,,1
451284.1899,201355.1969,9317,redacted,0,Food Establishment,Home-based Business,,,HINESBURG,,,,,,1
497005.8558,265012.9754,9318,redacted,0,Food Establishment,Mobile Unit,,,MONTGOMERY,,,,,,1
440425.7785,226726.2222,9322,redacted,,Food Establishment,Restaurant,,,COLCHESTER,,,,,,1
443554.7416,220019.5453,9323,redacted,0,Food Establishment,Restaurant,,,BURLINGTON,,,,,,1
504211.1698,165864.0506,9325,redacted,0,Food Establishment,School,,,CHELSEA,,,,,,1
450293.2314,222053.7079,9326,redacted,0,Food Establishment,Restaurant,,,ESSEX JUNCTION,,,,,,1
539781.1328,227208.1636,9327,redacted,0,Food Establishment,Restaurant,,,LYNDON,,,,,,1
485049.268,218880.6874,9330,redacted,0,Food Establishment,Restaurant,,,STOWE,,,,,,1
442119.3897,208897.3731,9331,redacted,0,Food Establishment,Restaurant,,,SHELBURNE,,,,,,1
453819.3833,256865.9533,9332,redacted,0,Food Establishment,Caterer,,,ST ALBANS,,,,,,1
499715.5404,77671.22552,9333,redacted,0,Food Establishment,Restaurant,,,BELLOWS FALLS,,,,,,1
487375.4723,54231.62371,9335,redacted,0,Food Establishment,Bakery,,,NEWFANE,,,,,,1
445626.4405,222291.0903,9336,redacted,0,Food Establishment,Convenience Store,,,WINOOSKI,,,,,,1
437030.0764,246928.5915,9337,redacted,0,Food Establishment,Mobile Unit,,,GRAND ISLE,,,,,,1
442844.639,219792.38,9338,redacted,0,Food Establishment,Bar,,,BURLINGTON,,,,,,1
498009.04,78549.14356,9339,redacted,,Food Establishment,B&B,,,ROCKINGHAM,,,,,,1
470879.1988,49005.0819,9340,redacted,,Food Establishment,Mobile Unit,,,BENNINGTON,,,,,,1
462076.436,122328.1398,9342,redacted,0,Food Establishment,Caterer,,,RUTLAND,,,,,,1
447176.7844,233935.4814,9343,redacted,0,Food Establishment,Caterer,,,MILTON,,,,,,1
474288.0029,175234.8551,9344,redacted,,Food Establishment,Home-based Business,,,WARREN,,,,,,1
446282.8467,168225.298,9345,redacted,0,Food Establishment,Bar,,,MIDDLEBURY,,,,,,1
457727.7291,219300.8401,9348,redacted,0,Food Establishment,Home-based Business,,,ESSEX JUNCTION,,,,,,1
450747.4555,215860.6479,9350,redacted,0,Food Establishment,Concession Stand,,,WILLISTON,,,,,,1
450367.996,220386.2702,9351,redacted,,Food Establishment,Mobile Unit,,,ESSEX JUNCTION,,,,,,1
473986.3601,155525.1544,9354,redacted,0,Food Establishment,Mobile Unit,,,ROCHESTER,,,,,,1
516050.9585,142449.764,9356,redacted,0,Food Establishment,Home-based Business,,,NORWICH,,,,,,1
476651.4379,127305.6203,9357,redacted,0,Food Establishment,Restaurant,,,KILLINGTON,,,,,,1
440396.842,53134.91873,9359,redacted,0,Food Establishment,Mobile Unit,,,SHAFTSBURY,,,,,,1
472887.4214,187185.0851,9360,redacted,0,Food Establishment,Restaurant,,,WAITSFIELD,,,,,,1
548962.0143,257286.5991,9361,redacted,0,Food Establishment,Restaurant,,,BRIGHTON,,,,,,1
451992.0575,144847.7517,9362,redacted,,Food Establishment,Caterer,,,BRANDON,,,,,,1
461402.1837,123020.8329,9364,redacted,0,Food Establishment,Restaurant,,,RUTLAND,,,,,,1
440263.1856,223738.3705,9365,redacted,,Food Establishment,Restaurant,,,BURLINGTON,,,,,,1
464678.053,76163.14466,9369,redacted,0,Food Establishment,Home-based Business,,,WINHALL,,,,,,1
437915.1955,43013.76775,9370,redacted,0,Food Establishment,Home-based Business,,,BENNINGTON,,,,,,1
492310.055,229157.6316,9371,redacted,0,Food Establishment,Restaurant,,,MORRISVILLE,,,,,,1
443626.7658,220985.7189,9372,redacted,0,Food Establishment,Restaurant,,,BURLINGTON,,,,,,1
453833.9251,181546.5489,9375,redacted,0,,,,,BRISTOL,,,,,,1
443150.9362,42890.7297,9376,redacted,0,Food Establishment,Bar,,,BENNINGTON,,,,,,1
492063.0155,122014.5445,9378,redacted,,Food Establishment,Restaurant,,,WOODSTOCK,,,,,,1
443512.3088,218797.5271,9379,redacted,0,Food Establishment,Mobile Unit,,,SOUTH BURLINGTON,,,,,,1
437801.3704,122887.0825,9381,redacted,,Food Establishment,School,,,FAIR HAVEN,,,,,,1
515748.7228,224494.0595,9382,redacted,,Food Establishment,Restaurant,,,HARDWICK,,,,,,1
541453.8333,229096.6211,9384,redacted,0,Food Establishment,Mobile Unit,,,LYNDON,,,,,,1
445988.5475,218965.418,9385,redacted,0,Food Establishment,Grocery,,,SOUTH BURLINGTON,CHITTENDEN,,,,,1
440071,113011.0502,9386,redacted,0,Food Establishment,Bakery,,,POULTNEY,,,,,,1
492119.2467,229035.6292,9388,redacted,0,Food Establishment,Restaurant,,,MORRISTOWN,LAMOILLE,,,,,1
454803.2728,75354.99671,9389,redacted,0,Food Establishment,Restaurant,,,MANCHESTER CENTER,,,,,,1
514610.3236,127591.943,9393,redacted,0,Food Establishment,Restaurant,,,WHITE RIVER JUNCTION,,,,,,1
503704.3722,196897.0219,9394,redacted,,Food Establishment,Restaurant,,,EAST MONTPELIER,,,,,,1
475874.26,267480.2253,9396,redacted,0,Food Establishment,Restaurant,,,ENOSBURG FALLS,,,,,,1
510663.6038,222772.4956,9397,redacted,0,Food Establishment,Private Club,,,HARDWICK,,,,,,1
440410.1946,186554.7754,9399,redacted,0,Food Establishment,Restaurant,,,VERGENNES,,,,,,1
442951.3792,220169.2726,9403,redacted,,Food Establishment,Restaurant,,,BURLINGTON,,,,,,1
542081.088,236490.4484,9404,redacted,,Food Establishment,Home-based Business,,,SUTTON,,,,,,1
493931.1976,195498.7542,9405,redacted,0,Food Establishment,Sweets,,,MONTPELIER,WASHINGTON,,,,,1
466875.7513,228248.661,9407,redacted,0,Food Establishment,B&B,,,UNDERHILL,,,,,,1
490521.1031,40696.08367,9408,redacted,,Food Establishment,Convenience Store,,,BRATTLEBORO,,,,,,1
522937.5252,270698.5663,9409,redacted,0,Food Establishment,Restaurant,,,NEWPORT,,,,,,1
521351.9781,168586.013,9410,redacted,0,Food Establishment,Home-based Business,,,CORINTH,,,,,,1
,,9411,redacted,0,Food Establishment,Restaurant,,,MONTPELIER,,,,,,1
463995.2664,114262.5891,9412,redacted,0,Food Establishment,Restaurant,,,CLARENDON,,,,,,1
477958.2104,225467.9943,9415,redacted,0,Food Establishment,Restaurant,,,STOWE,,,,,,1
487933.7964,238209.5003,9416,redacted,,Food Establishment,Home-based Business,,,JOHNSON,,,,,,1
446522.4998,63483.03161,9417,redacted,0,Food Establishment,Caterer,,,TOWNSHEND,,,,,,1
497398.642,118266.2795,9418,redacted,,Food Establishment,B&B,,,WOODSTOCK,,,,,,1
496252.6003,191452.502,9419,redacted,,Food Establishment,Caterer,,,BARRE,,,,,,1
513397.2998,125000.738,9421,redacted,,Food Establishment,Mobile Unit,,,WHITE RIVER JUNCTION,,,,,,1
464077.2619,123539.2698,9423,redacted,,Food Establishment,Home-based Business,,,RUTLAND,,,,,,1
532826.7369,214768.1971,9424,redacted,0,Food Establishment,B&B,,,DANVILLE,,,,,,1
500194.7085,89847.09396,9425,redacted,,Food Establishment,,,,SPRINGFIELD,,,,,,1
468077.9942,46884.60888,9426,redacted,0,Food Establishment,Restaurant,,,WILMINGTON,,,,,,1
447126.5462,221912.0023,9428,redacted,,Food Establishment,Restaurant,,,COLCHESTER,,,,,,1
499448.4939,189273.6516,9430,redacted,0,Food Establishment,Home-based Business,,,BARRE,,,,,,1
451465.8926,221455.8895,9431,redacted,0,Food Establishment,Restaurant,,,ESSEX JUNCTION,,,,,,1
451449.1554,221344.8903,9433,redacted,0,Food Establishment,Mobile Unit,,,ESSEX JUNCTION VT,CHITTENDEN,,,,,1
498140.3602,226686.497,9436,redacted,0,Food Establishment,Caterer,,,ELMORE,,,,,,1
453091.1807,222921.9096,9437,redacted,0,Food Establishment,Bakery,,,ESSEX JUNCTION,,,,,,1
451427.1197,221589.5281,9439,redacted,0,Food Establishment,Bakery,,,ESSEX JUNCTION,,,,,,1
462175.3855,121260.9818,9440,redacted,,Food Establishment,Restaurant,,,RUTLAND,,,,,,1
501793.7664,86725.57251,9444,redacted,,Food Establishment,School,,,SPRINGFIELD,,,,,,1
440806.6522,223166.6462,9445,redacted,0,Food Establishment,Restaurant,,,BURLINGTON,,,,,,1
453996.5911,257309.2027,9448,redacted,,Food Establishment,Restaurant,,,ST ALBANS CITY,,,,,,1
499053.8181,53075.8497,9449,redacted,0,Food Establishment,College/University,,,PUTNEY,,,,,,1
443642.8401,217329.5352,9451,redacted,0,,,,,SOUTH BURLINGTON,,,,,,1
498886.2763,125154.0919,9452,redacted,0,Food Establishment,B&B,,,WOODSTOCK,,,,,,1
435955.7865,252840.3799,9453,redacted,0,Food Establishment,Home-based Business,,,NORTH HERO,,,,,,1
,,9456,redacted,0,Food Establishment,Concession Stand,,,NORTHFIELD,,,,,,1
443724.431,221240.4635,9459,redacted,0,Food Establishment,Restaurant,,,BURLINGTON,,,,,,1
538544.4584,213266.0467,9460,redacted,0,Food Establishment,Bar,,,ST JOHNSBURY,,,,,,1
540944.81,227926.5901,9461,redacted,0,Food Establishment,Caterer,,,LYNDON,,,,,,1
443130.1784,219689.8642,9462,redacted,0,Food Establishment,Lodging,,,BURLINGTON,,,,,,1
448983.7183,236554.7144,9465,redacted,,Food Establishment,Caterer,,,MILTON,,,,,,1
443426.0677,220776.3216,9466,redacted,0,Food Establishment,Caterer,,,BURLINGTON,,,,,,1
479433.7315,204350.7562,9468,redacted,0,Food Establishment,Bakery,,,WATERBURY,,,,,,1
524376.9645,240711.1036,9469,redacted,0,Food Establishment,Restaurant,,,GLOVER,,,,,,1
445523.4655,221391.8327,9471,redacted,0,Food Establishment,Bakery,,,WINOOSKI,,,,,,1
438878.9625,249722.4654,9473,redacted,0,Food Establishment,Mobile Unit,,,GRAND ISLE,,,,,,1
,,9475,redacted,0,Food Establishment,Convenience Store,,,READING,,,,,,1
446455.1712,218617.0742,9476,redacted,,Food Establishment,Grocery,,,SOUTH BURLINGTON,,,,,,1
494277.48,244023.5415,9477,redacted,0,Food Establishment,Mobile Unit,,,EDEN,,,,,,1
454128.8382,256997.0943,9478,redacted,,Food Establishment,Home-based Business,,,ST ALBANS CITY,,,,,,1
530036.5075,166630.8817,9480,redacted,0,Food Establishment,Home-based Business,,,BRADFORD,,,,,,1
438832.5704,238965.3299,9481,redacted,0,Food Establishment,Lodging,,,SOUTH HERO,,,,,,1
475237.7776,152864.8947,9482,redacted,0,Food Establishment,Caterer,,,ROCHESTER,,,,,,1
564988.6947,218599.0445,9484,redacted,,Food Establishment,School,,,LUNENBURG,,,,,,1
445929.0183,222333.0169,9486,redacted,,Food Establishment,Home-based Business,,,WINOOSKI,,,,,,1
487277.3296,182019.2225,9488,redacted,0,Food Establishment,Bakery,,,NORTHFIELD,,,,,,1
507071.3885,100493.7631,9489,redacted,,Food Establishment,Convenience Store,,,ASCUTNEY,,,,,,1
494173.9379,190087.3329,9492,redacted,,Food Establishment,Bakery,,,BERLIN,,,,,,1
467671.0631,223610.8838,9493,redacted,0,Food Establishment,Mobile Unit,,,UNDERHILL,,,,,,1
484896.8005,218325.4494,9494,redacted,0,Food Establishment,Bakery,,,STOWE,,,,,,1
450482.7638,218740.7587,9496,redacted,0,Food Establishment,Restaurant,,,WILLISTON,,,,,,1
475962.4205,267824.3896,9499,redacted,0,Food Establishment,Restaurant,,,ENOSBURG,,,,,,1
481285.853,218934.869,9500,redacted,0,Food Establishment,Bar,,,STOWE,,,,,,1
497071.3153,199763.3671,9501,redacted,0,Food Establishment,Home-based Business,,,MONTPELIER,,,,,,1
541922.0418,214375.8796,9508,redacted,,Food Establishment,Restaurant,,,ST JOHNSBURY,,,,,,1
523776.9473,222662.7824,9509,redacted,0,Food Establishment,Home-based Business,,,HARDWICK,,,,,,1
492079.5116,229024.5657,9510,redacted,0,Food Establishment,Bakery,,,MORRISVILLE,LAMOILLE,,,,,1
451443.8584,81988.51054,9511,redacted,0,Food Establishment,B&B,,,DORSET,,,,,,1
443329.9509,219788.1346,9512,redacted,0,Food Establishment,Restaurant,,,BURLINGTON,,,,,,1
480488.5511,218392.7304,9513,redacted,0,Food Establishment,Restaurant,,,STOWE,,,,,,1
526774.0565,272491.5185,9514,redacted,,Food Establishment,Restaurant,,,DERBY,,,,,,1
451337.3844,221290.1636,9516,redacted,0,Food Establishment,Restaurant,,,ESSEX JUNCTION,,,,,,1
473200.8299,187572.6981,9517,redacted,0,Food Establishment,Restaurant,,,WAITSFIELD,,,,,,1
479552.8279,204183.7086,9518,redacted,0,Food Establishment,Restaurant,,,WATERBURY,WASHINGTON,,,,,1
445571.8145,218613.2891,9519,redacted,,Food Establishment,Caterer,,,SOUTH BURLINGTON,,,,,,1
476656.3311,126394.5611,9521,redacted,0,Food Establishment,Lodging,,,KILLINGTON,,,,,,1
495218.6375,39169.3375,9522,redacted,0,Food Establishment,Restaurant,,,BRATTLEBORO,,,,,,1
460405.1243,161647.8157,9525,redacted,0,Food Establishment,Restaurant,,,RIPTON,,,,,,1
456169.8357,121675.28,9527,redacted,0,Food Establishment,Convenience Store,,,WEST RUTLAND,,,,,,1
510169.1205,223705.0985,9528,redacted,,Food Establishment,Caterer,,,HARDWICK,,,,,,1