SiteName,Municipality,ProgramCategory,EnforcementTypeDescription,IssuedDate,DocumentNumber,PenaltyCashAssessed,Comment
redacted,redacted,GEN-SW,Notice Of Non-Compliance,12/22/21,redacted,0,NO RESPONSE FRFI REGARDING N0 RECYCLING COMPLAINT
,,GEN-SW,Notice Of Non-Compliance,11/30/21,,0,"WASTE BAN VIOLATION CARDBOARD, OBS 10/15/21 AT LYNN TS"
,,GEN-SW,Notice Of Non-Compliance,11/30/21,,0,"OBS HOWARD OCT 19 2021, WASTE BAN VIOLATION CARDBOARD, LOAD ORIG 59 ROSEDAL RD WATERTOWN MA"
,,GEN-SW,Notice Of Non-Compliance,11/15/21,,0,"METAL, AC, WOOD - OBSERVED AT WESTERN RECYCLING WILBRAHAM"
,,GEN-SW,Notice Of Non-Compliance,11/3/21,,0,CARBOARD OBSERVED AT WESTERN RECYCLING WILBRAHAM. THE INCORRECT FMF # 131074 WAS WRITTEN ON THE NON IN ERROR
,,GEN-SW,"Administrative Consent Order, With Penalty",10/8/21,,1000,WASTE BAN VIOLATION CARDBOARD OBS SAUGUS WHEELEBRATOR JUNE 2021. PRIOR ACOP 2018 WITH RTC
,,GEN-SW,Notice Of Non-Compliance,10/1/21,,0,"WASTE BAN VIOLATION, CARDBOARD, OBS AUG 7 2021 AT HOWARD TS"
,,GEN-SW,Notice Of Non-Compliance,10/1/21,,0,"OBS AUG 7 2021 AT HOWARD TS, WASTE BAN VIOLATION, CRADBOARD, FRONT LOAD PACKER"
,,GEN-SW,Notice Of Non-Compliance,10/1/21,,0,"OBS AUG 27 2021 AT RAYNHAM TS, WASTE BAN VIOLATION CARDBOARD, GILLETTE STADIUM PATRIOT PLACE FOXBOROUGH"
,,GEN-SW,Notice Of Non-Compliance,9/16/21,,0,WASTE BAN VIOLATIONS OCCURED AT WHEELABRATOR MILLBURY ON 7/15/21 AND 8/13/21.
,,GEN-SW,Notice Of Non-Compliance,9/3/21,,0,CARDBOARD OBSERVED AT MCNAMARA SPRINGFIELD
,,GEN-SW,Notice Of Non-Compliance,9/3/21,,0,CARDBOARD OBSERVED AT CASELLA OF HOLYOKE
,,GEN-SW,Notice Of Non-Compliance,9/3/21,,0,"WASTE BAN VIOLATION ORIG FROM KELLY HOND LYNNWAY LYNN, MA OBS JUL 17 2021 CARDBOARD"
,,GEN-SW,Notice Of Non-Compliance,9/3/21,,0,"WOOD, PLASTIC CONTAINERS, AND CARDBOARD OBSERVED AT MCNAMARA SPRINGFIELD"
,,GEN-SW,Notice Of Non-Compliance,9/3/21,,0,CARDBOARD AND WOOD OBSERVED AT CASELLA HOLYOKE
,,GEN-SW,Notice Of Non-Compliance,9/3/21,,0,CARDBOARD OBSERVED AT MCNAMARA
,,GEN-SW,Notice Of Non-Compliance,8/13/21,,0,"WASTE BAN VIOLATION, OBS JULY 16, 2021 AT DANVERS TS"
,,GEN-SW,Notice Of Non-Compliance,8/13/21,,0,"WASTE BAN VIOLATION, OBS PEABODY WOOD TS JULY 6, 2021, RECYCLABLE PAPER CARDBOARD, YARD WASTE HAY"
,,GEN-SW,Notice Of Non-Compliance,8/13/21,,0,"WASTE BAN VIOLATION, PAPER CARDBOARD, OBS AT NEWD ON 7/20/21"
,,GEN-SW,Notice Of Non-Compliance,8/13/21,,0,"OBS JULY 16 2021 AT DANVERS TS, LOAD ORIG FROM 210 ANDOVER ST, PEABODY, MA, WASTE BAN VIOLATION, RECYCLABLE PAPER CARDBOARD"
,,GEN-SW,"Administrative Consent Order, With Penalty",8/9/21,,1860,"OBS 12/4/20 AT RAYNHAM TS CRADBOARD 176 GROVE ST FRANKLIN MA WASTE BAN VIOLATION, NO RESPONSE TO NON-00009881"
,,HAULER,Notice Of Non-Compliance,1/7/20,,0,WOOD AND METAL OBSERVED AT HOWARD TS 12/12/19
,,GEN-SW,Notice Of Non-Compliance,6/8/21,,0,"WB VIOLATIONS OCCURED AT WBNA ON 3/18/21, 4/30/2021, 05/7/2021 AND 5/7/2021."
,,GEN-SW,"Administrative Consent Order, With Penalty",6/7/21,,1860,"LOAD ORIG FROM THE STREET 33 BOYLSTON ST CHESTNUT HILL, MA, CARDBOARD, OBS AT HOWARD TS 12/9/20, PREVIOUS NON W/NO RESPONSE"
,,GEN-SW,Notice Of Non-Compliance,6/1/21,,0,"CARDBOARD, OBS JUNE 8 2021 AT RAYNHAM TS"
,,GEN-SW,Notice Of Non-Compliance,6/1/21,,0,"OBS JUNE 8 2021 AT THE RAYNHAM TS, CARDBOARD, PLASTIC BOTTLES, CANS, GLASS CONTAINERS, LOAD ORIG FROM MBTA YARD 59 EDWARD RD EAST BOSTON, MA"
,,GEN-SW,"Administrative Consent Order, With Penalty",4/8/21,,860,"11/17/20 OBS AT PEABODY TS, CARDBOARD, PREVIOUSE NON, LOADS ORIG FROM 76 HOLTON ST WOBURN, MA"
,,GEN-SW,Notice Of Non-Compliance,2/25/21,,0,WASTE BAN VIOLATIONS OBSERVED AT WHEELABRATOR NORTH ANDOVER.
,,GEN-SW,Notice Of Non-Compliance,1/26/21,,0,"WASTE BAN VIOLATION, OBS 12/4/20, RAYNHAM TS, CARDBOARD AND RECYCLABLE PAPER"
,,GEN-SW,Notice Of Non-Compliance,1/26/21,,0,"WASTE BAN VIOLATION OBS 12/9/20, HOWARD TS ROXBURY, MA, LOAD ORINATED FROM 17 ELECTRIC AVE BRIGHTON, MA, WOOD"
,,GEN-SW,Notice Of Non-Compliance,1/26/21,,0,"12/4/20, WASTE BAN VIOLATION, RAYNHAM TS, CARDBOARD"
,,GEN-SW,Notice Of Non-Compliance,1/26/21,,0,"WASTE BAN VIOLATION OBS ON 12/4/20 AT RAYNHAM TS, LOAD ORIGINATED FROM 150 CHARLES COLTON RD TAUNTON, MA, CARDBOARD"
,,GEN-SW,Notice Of Non-Compliance,1/25/21,,0,WASTE BAN NON 5-NOV-2020 CARDBOARD
,,GEN-SW,Notice Of Non-Compliance,1/25/21,,0,WASTE BAN NON 30-OCT-2020 CARDBOARD METAL CANS
,,GEN-SW,Notice Of Non-Compliance,1/25/21,,0,WASTE BAN NON 5-NOV-2020 CARDBOARD
,,GEN-SW,Notice Of Non-Compliance,1/25/21,,0,WASTE BAN NON 21-AUG-2020 WOOD
,,GEN-SW,Notice Of Non-Compliance,1/25/21,,0,WASTE BAN NON 5-NOV-2020 CARDBOARD
,,GEN-SW,Notice Of Non-Compliance,1/25/21,,0,WASTE BAN NON 31-OCT-2020 CARDBOARD
,,GEN-SW,Notice Of Non-Compliance,12/28/20,,0,"WASTE BAN VIOLATION, RECYCLABLE PAPER OCC, LOAD ORIGNATED FROM 21 BEECH ST S. HAMILTON, MA, OBS 11/17/20 AT PEABODY TS. NON WAS RETURNED VIA MAIL, RESENT FEB. 2021"
,,GEN-SW,"Administrative Consent Order, With Penalty",12/28/20,,1850,"WASTE BAN VIOLATION, 2 PRIOR NONS, 1 WITHOUT A RTC. RECYCLABLE PAPER, OCC OBS AT HOWARD TS 6/26/20. RTC- 1 PLAN FOR EACH LOACTION (2 LOCATIONS) AND A GENERAL RTC OFR THE OTHER PROPERTIES"
,,GEN-SW,Notice Of Non-Compliance,12/28/20,,0,"WASTE BAN VIOLATION, RECYCLABLE PAPER OCC, OBS 11/17/20 PEABODY TS, LOAD ORIG FROM 769 MAIN ST. FITCHBURG, MA"
,,GEN-SW,Notice Of Non-Compliance,12/28/20,,0,"WASTE BAN VIOLATION, OBS 11/30/20, FALL RIVER TS, RECYCLABLE PAPER, OCC"
,,GEN-SW,Notice Of Non-Compliance,12/1/20,,0,"CARDBOARD, OBS OCT 23, 2020 AT PEABODY TS"
,,GEN-SW,Notice Of Non-Compliance,12/1/20,,0,"WASTE BAN VIOLATION, OBS AT HOWARD TS OCT 27, 2020, CARDBOARD, WOOD AND WHOLE TIRES"
,,GEN-SW,Notice Of Non-Compliance,12/1/20,,0,"WASTE BAN VIOLATION, OBS OCT 23, 2020 PEABODY TS, ORIGNATING FROM 1 BURT RD ANDOVER, CARDBOARD. ASKED FOR RTC EXTENSION"
,,GEN-SW,Notice Of Non-Compliance,12/1/20,,0,"WASTE BAN VIOLATION, OBS OCT 23, 2020 AT PEABODY TS, CARDBOARD"
,,GEN-SW,Notice Of Non-Compliance,12/1/20,,0,"WASTE BAN VIOLATION, OBS AT PEABODY TS OCT 23, 2020, CARDBOARD"
,,GEN-SW,Notice Of Non-Compliance,11/17/20,,0,WASTE BAN VIOLATION CARDBOARD OCC HOWARD TS 24-SEP-2020 7018 2290 0001 2359 6735
,,GEN-SW,Notice Of Non-Compliance,11/17/20,,0,"OCT 16, 2020 RAYNHAM TS CARDBOARD"
,,GEN-SW,Notice Of Non-Compliance,11/17/20,,0,WASTE BAN VIOLATION FOR CARDBOARD OCC 17-NOV-2020 HOWARD TS 7018 2290 0001 2359 6728
,,GEN-SW,Notice Of Non-Compliance,11/17/20,,0,"OCT 16, 2020, OBS AT RAYNHAM TS. CARDBOARD AND (1) AC UNIT, FREON ORIGNATING FROM 89 FORBES BLVD MANSFIELD MA"
,,GEN-SW,Notice Of Non-Compliance,11/3/20,,0,"OBS AT SAUGUS WHEELABRATOR 10/2/20, CARDBOARD FROM 500 OCEAN AVE REVERE AND 21 REVERE BEACH BLVD REVERE"
,,GEN-SW,"Administrative Consent Order, With Penalty",10/26/20,,2000,"NON 2019. RECENT VIOLATION OBS 3/6/20 BY CERO. COM FOOD WASTE, CARDBORD AND WOOD. PENALTY PAYMENT PLAN- (4) PAYMENTS OF $500"
,,GEN-SW,Notice Of Non-Compliance,10/22/20,,0,"WASTE BAN VIOLATION, CARDBOARD OBS AT PEABODY TS"
,,GEN-SW,Notice Of Non-Compliance,10/20/20,,0,CARDBOARD AND PAPER OBS AT PEABODY TRANSFER STATION
,,GEN-SW,Notice Of Non-Compliance,10/6/20,,0,WASTE BAN VIOLATION SAUGUS CF 18-JUN-2020 2 LOADS CARDBOARD (OCC)
,,GEN-SW,Notice Of Non-Compliance,10/6/20,,0,WASTE BAN VIOLATION 24-JAN-2020 HOWARD TS CARDBOARD (OCC)
,,GEN-SW,Notice Of Non-Compliance,10/6/20,,0,WASTE BAN VIOLATION HOWARD TS 21-AUG-2020 METAL YARD WASTE WHITE GOODS (2)
,,GEN-SW,Notice Of Non-Compliance,10/6/20,,0,WASTE BAN VIOLATION 17-SEPT-2020 FALL RIVER TS CARDBOARD (OCC)
,,GEN-SW,Notice Of Non-Compliance,10/6/20,,0,WASTE BAN VIOLATION 21-AUG-2020 HOWARD TS CARDBOARD (OCC)
,,GEN-SW,Notice Of Non-Compliance,10/6/20,,0,WASTE BAN VIOLATION HOWARD TS CARDBOARD OCC
,,GEN-SW,Notice Of Non-Compliance,9/22/20,,0,"CARDBORAD OBS AT PEABODY TS, LOAD ORIGINATED FROM 265 INDEPENDENCE DR, CHESTNUT HILL, MA"
,,GEN-SW,Notice Of Non-Compliance,9/22/20,,0,"CARDBOARD AND REFRIGERATOR, WHITEGOOD OBS AT PEABODY TS"
,,GEN-SW,Notice Of Non-Compliance,9/22/20,,0,CARDBOARD OBS AT PEABODY TS
,,GEN-SW,Notice Of Non-Compliance,9/22/20,,0,CARDBOARD AND PAPER OBS AT RAYNHAM TS
,,GEN-SW,Notice Of Non-Compliance,9/22/20,,0,"LOAD ORIGINATED FROM 141 NORFOLK ST, WALPOLE, MA OBS AT RAYNHAM TS, CARDBOARD AND WHITE GOOD, AIR CONDITIONING UNIT"
,,GEN-SW,Notice Of Non-Compliance,9/22/20,,0,CARDBOARD OBS AT PEABODY TS
,,GEN-SW,Notice Of Non-Compliance,9/22/20,,0,CARDBOARD AND METAL OBS AT PEABODY TS
,,GEN-SW,Notice Of Non-Compliance,9/17/20,,0,"MIXING OF RESIDENTIAL MSW AND RECYCLING FOR DISPOSAL, MULTIPLE VIOLATIONS, OBS IN KINGSTON MA"
,,HAULER,"Administrative Consent Order, With Penalty",8/17/20,,2860,WASTE BAN VIOLATIONS HOWARD TS METAL
,,HAULER,Notice Of Non-Compliance,9/8/20,,0,WASTE BAN VIOLATIONS 07-JUL-2020 AND 14-AUG-2020 REPUBLIC FALL RIVER LEAF AND YARD AND SINGLE STREAM
,,GEN-SW,Notice Of Non-Compliance,9/8/20,,0,CARDBOARD AND METAL OBS AT RAYNHAM TS JULY 24 2020
,,GEN-SW,"Administrative Consent Order, With Penalty",9/8/20,,0,WASTE BAN VIOLATIONS OBSERVED AT HOWARD TS ON 24-JAN-2020 OCC METAL CLEAN GYPSUM HITE GOOD PENALTY SUSPENDED DUE TO COVID-19 IMPACTS ON HEALTHCARE SECTOR
,,GEN-SW,Notice Of Non-Compliance,9/8/20,,0,"CARDBOARD ORIGINATING FROM ENCORE BOSTON HARBOR, OBS AT DANVERS TS AUG 7 20202"
,,GEN-SW,"Administrative Consent Order, With Penalty",8/31/20,,1000,CARDBOARD DISPOSED OF AT BRAINTREE TS
,,HAULER,Notice Of Non-Compliance,9/8/20,,0,WASTE BAN VIOLATION WHEELABRATOR SAUGUS 18-JUN-2020 CARDBOARD OCC
,,HAULER,Notice Of Non-Compliance,2/26/19,,0,WASTE BAN VIOLATION OBSERVED AT NORTHAMPTON EASTHAMPTON ROAD TRANSFER STATION (VALLEY RECYCLING) LOCATED AT 234 EASTHAMPTON ROAD IN NORTHAMPTON. LOADS INCLUDED RECYCLABLE PAPER (CARDBOARD) FROM SEVERAL CUSTOMERS IN EASTHAMPTON.
,,GEN-SW,Notice Of Non-Compliance,8/17/20,,0,WASTE BAN VIOLATION 6/24/2020 CARDBOARD
,,GEN-SW,"Administrative Consent Order, With Penalty",8/13/20,,6860,WASTE BAN VIOLATIONS FROM PULTIPLE FACILITIES AND DATES
,,GEN-SW,Notice Of Non-Compliance,8/4/20,,0,WASTE BAN VIOLATION OBSERVED ON 6/16/2020 AT K&W TRANSFER STATION LOCATED AT 138 PALMER AVENUE IN WEST SPRINGFIELD.
,,GEN-SW,Notice Of Non-Compliance,8/4/20,,0,"WASTE BAN VIOLATION OBSERVED ON 6/18/2020 AT VALLEY RECYCLING TRANSFER STATION, 234 EASTHAMPTON ROAD IN NORTHAMPTON."
,,GEN-SW,Notice Of Non-Compliance,8/4/20,,0,"WASTE BAN VIOLATION OBSERVED ON 7/2/2020 AT WESTERN RECYCLING TRANSFER STATION, 120 OLD BOSTON ROAD IN WILBRAHAM."
,,GEN-SW,Notice Of Non-Compliance,7/7/20,,0,CARDBORAD AND PAPER AT RAYNHAM TS
,,GEN-SW,Notice Of Non-Compliance,7/7/20,,0,"CARDBOARD AND PAPER AT RAYNHAM TS, LOAD ORIGINATED FROM GROVE ST FRANKLIN, MA"
,,HAULER,Notice Of Non-Compliance,10/31/19,,0,"WASTE BAN VIOLATION FOR DISPOSING OF CARDBOARD. CARDOBARD LEFT IN CONTAINER BEFORE IT WAS PLACED AT CUSTOMER YARD. EMPTIED AT FALL RIVER TS, CONTAINING CARDBOARD."
,,HAULER,Notice Of Non-Compliance,2/7/19,,0,WASTE BAN VIOLATION FOR DISPOSAL OF WOOD AT CRAPO HILL LANDFILL
,,GEN-SW,Notice Of Non-Compliance,5/27/20,,0,WB VIOLATIONS OCCURED ON 03/03/2020 AT POST RD TRANSFER STATION. CARDBOARD
,,GEN-SW,Notice Of Non-Compliance,5/27/20,,0,WB VIOLATIONS OCCURED ON 03/03/2020 AT PEABODY WOOD TRANSFER STATION. CARDBOARD
,,GEN-SW,Notice Of Non-Compliance,5/27/20,,0,WB VIOLATIONS OCCURED ON 03/03/2020 AT PEABODY WOOD TRANSFER STATION. COMMERCIAL ORGANIC MATERIAL FOOD WASTE
,,GEN-SW,Notice Of Non-Compliance,5/27/20,,0,WB VIOLATIONS OCCURED ON 03/06/2020 AT EL HARVEY TRANSFER STATION. CARDBOARD
,,GEN-SW,Notice Of Non-Compliance,5/27/20,,0,WB VIOLATIONS OCCURED ON 03/03/2020 AT PEABODY WOOD TRANSFER STATION. CARDBOARD
,,GEN-SW,Notice Of Non-Compliance,5/27/20,,0,WB VIOLATIONS OCCURED ON 03/03/2020 AT PEABODY WOOD TRANSFER STATION. CARDBOARD
,,GEN-SW,Notice Of Non-Compliance,5/27/20,,0,WB VIOLATIONS OCCURED ON 03/03/2020 AT PEABODY WOOD TRANSFER STATION. COMMERCIAL ORGANIC MATERIAL FOOD WASTE
,,GEN-SW,Notice Of Non-Compliance,5/27/20,,0,WB VIOLATIONS OCCURED ON 03/03/2020 AT PEABODY WOOD TRANSFER STATION. RECYCLABLE PAPER CARDBOARD
,,GEN-SW,Notice Of Non-Compliance,5/27/20,,0,WB VIOLATIONS OCCURED ON 03/03/2020 AT PEABODY WOOD TRANSFER STATION. COMMERCIAL ORGANIC MATERIAL FOOD WASTE
,,GEN-SW,Notice Of Non-Compliance,5/27/20,,0,WB VIOLATIONS OCCURED 03/11/2020 AT POST RD TRANSFER STATION. CARDBOARD
,,GEN-SW,Notice Of Non-Compliance,5/27/20,,0,WB VIOLATIONS OCCURED ON 03/06/2020 AT EL HARVEY TRANSFER STATION. CARDBOARD
,,GEN-SW,Notice Of Non-Compliance,5/27/20,,0,WB VIOLATIONS OCCURED ON 03/11/2020 AT POST RD TRANSFER STATION. CARDBOARD
,,GEN-SW,Notice Of Non-Compliance,5/27/20,,0,WB VIOLATIONS OCCURED ON 03/12/2020 AT DEVENS RECYCLING CENTER. CARDBOARD
,,GEN-SW,Notice Of Non-Compliance,5/27/20,,0,WB VIOLATIONS OCCURED ON 03/06/2020 AT EL HARVEY TRANSFER STATION. CARDBOARD
,,GEN-SW,"Administrative Consent Order, With Penalty",5/26/20,,860,WASTE BAN HLE FROM 9/19/2019 AT BRAINTREE TS. CARDBOARD PAID 10-JUL-2020 RTC 27-JUL-2020
,,GEN-SW,Notice Of Non-Compliance,5/20/20,,0,OCC OBS AT HOWARD TS 2/25/20
,,GEN-SW,Notice Of Non-Compliance,5/20/20,,0,LOAD ORIGNATED FROM DOUBLE TREE HOREL BOSTON OBS AT HOWARD TS 2/25/20 OCC AND SINGLE STREAM RECYCLING
,,GEN-SW,Notice Of Non-Compliance,5/20/20,,0,LOAD ORIGINATED FROM HOLIDAY INN EXPRESS BOSTON OCC AND METAL OBS AT HOWARD TS 2/25/20
,,GEN-SW,Notice Of Non-Compliance,5/20/20,,0,OCC OBS AT HOWARD TS 2/25/20
,,GEN-SW,Notice Of Non-Compliance,5/20/20,,0,OCC OBS AT HOWARD TS 2/25/20. LOAD ORIGINATED FROM KEYSPAN FACILITY W. ROXBURY
,,GEN-SW,Notice Of Non-Compliance,5/20/20,,0,OBS AT HOWARD TS 2/25/20
,,GEN-SW,Notice Of Non-Compliance,5/7/20,,0,WASTE BAN NON
,,GEN-SW,Notice Of Non-Compliance,5/7/20,,0,WASTE BAN NON - CARDBOARD
,,HAULER,Notice Of Non-Compliance,1/7/20,,0,WASTE BAN VIOLATION - DEP STAFF OBSERVED COLLECTION OF CARDBOARD IN BOSTON AS TRASH
,,GEN-SW,Notice Of Non-Compliance,5/7/20,,0,WASTE BAN NON
,,GEN-SW,Notice Of Non-Compliance,5/7/20,,0,WASTE BAN NON
,,GEN-SW,Notice Of Non-Compliance,5/7/20,,0,WASTE BAN NON
,,GEN-SW,Notice Of Non-Compliance,5/7/20,,0,WASTE BAN NON
,,GEN-SW,"Administrative Consent Order, With Penalty",5/1/20,,860,"ACOP-PRIOR NON, CARDBOARD"
,,GEN-SW,"Administrative Consent Order, With Penalty",4/23/20,,5860,ACOP FOR MULTIPLE WASTE BAN VIOLATIONS - PRIMARILY FOR CARDBOARD. PEN PAID 19-MAY-2020. REVISED RTC 17-JUL-2020
,,GEN-SW,"Administrative Consent Order, With Penalty",3/13/20,,2580,ACOP FOR NONS AND FAILED LOADS
,,GEN-SW,Notice Of Non-Compliance,3/10/20,,0,VIOLATION OCCURED AT AUBURN TRANSFER STATION CARDBOARD
,,GEN-SW,Notice Of Non-Compliance,3/10/20,,0,VIOLATION OCCURED AT AUBURN TRANSFER STATION CARDBOARD
,,GEN-SW,Notice Of Non-Compliance,3/10/20,,0,VIOLATION OCCURED AT AUBURN TRANSFER STATION CARDBOARD
,,GEN-SW,Notice Of Non-Compliance,3/10/20,,0,VIOLATION OCCURED AT AUBURN TRANSFER STATION. CARDBOARD
,,GEN-SW,Notice Of Non-Compliance,3/10/20,,0,VIOLATION OCCURED AT AUBURN TRANSFER STATION CARDBOARD
,,GEN-SW,Notice Of Non-Compliance,3/9/20,,0,VIOLATION OCCURED AT AUBURN TRANSFER STATION CARDBOARD
,,GEN-SW,"Administrative Consent Order, With Penalty",3/9/20,,1720,"WOOD AND CARDBOARD OBS AT HOLYOKE TRANSFER STATION 11/22/19, ORIGANTED FROM 53 SUMMIT LOCK RD WESTFIELD, MA. PRIOR ACOP"
,,GEN-SW,Notice Of Non-Compliance,3/9/20,,0,VIOLATION OCCURED AT WHEELABRATOR MILBURY. CARDBOARD
,,GEN-SW,Notice Of Non-Compliance,3/9/20,,0,VIOLATION OCCURED AT HOLLISTON TRANSFER STATION. CARDBOARD
,,GEN-SW,Notice Of Non-Compliance,3/9/20,,0,VIOLATION OCCURED AT HOLLISTON TRANSFER STATION. CARDBOARD
,,GEN-SW,Notice Of Non-Compliance,3/9/20,,0,VIOLATION OCCURED AT EL HARVEY IN WESTBORO CARDBOARD
,,GEN-SW,Notice Of Non-Compliance,3/9/20,,0,CARDBOARD OBS AT HOWARD TS DEC 12 2019
,,GEN-SW,Notice Of Non-Compliance,3/9/20,,0,VIOLATION OCCURED AT AUBURN TRANSFER STATION CARDBOARD
,,GEN-SW,Notice Of Non-Compliance,3/9/20,,0,VIOLATION OCCURED AT HOLLISTON TRANSFER STATION CARDBOARD
,,GEN-SW,Notice Of Non-Compliance,3/9/20,,0,CARDBOARD OBS AT DEVENS
,,GEN-SW,Notice Of Non-Compliance,3/9/20,,0,VIOLATION OCCURED AT AUBURN TRANSFER STATION. CARDBOARD
,,GEN-SW,Notice Of Non-Compliance,3/9/20,,0,VIOLATION OCCURED AT AUBURN TRANSFER STATION CARDBOARD
,,GEN-SW,Notice Of Non-Compliance,3/9/20,,0,VIOLATION OCCURED AT AUBURN TRANSFER STATION. CARDBOARD
,,GEN-SW,Notice Of Non-Compliance,3/9/20,,0,VIOLATION OCCURED AT EL HARVEY IN WESTBORO CARDBOARD
,,GEN-SW,Notice Of Non-Compliance,3/9/20,,0,VIOLATION OCCURED AT EL HARVEY IN WESTBORO CARDBOARD AND COMMERCIAL ORGANIC MATERIAL FOOD WASTE
,,GEN-SW,Notice Of Non-Compliance,3/3/20,,0,CARDBOARD OBS AT COVANTA HAVERHILL 2/14/2020
,,GEN-SW,Notice Of Non-Compliance,3/3/20,,0,PAPER OBSERVED AT COVANTA HAVERHILL 2/14/2020. LOAD ORIGINATED FROM VIP SERVICE AT 2179 LAYFAYETTE RD PORTSMOUTH NH
,,GEN-SW,Notice Of Non-Compliance,2/27/20,,0,CARDBOARD OBS BRAINTREE TS ON 2/6/2020 FROM 75 COMMERCE WAY DEDHAM MA
,,GEN-SW,Notice Of Non-Compliance,2/27/20,,0,CARDBOARD OBS AT BRAINTREE TS 2/6/2020
,,GEN-SW,Notice Of Non-Compliance,2/27/20,,0,"CARDBOARD AND AC UNIT OBS AT BRAINTREE TS 2/6/2020. LOAD ORIGINATED FROM 800 WEST ST BRAINTREE, MA"
,,GEN-SW,Notice Of Non-Compliance,2/24/20,,0,"CARDBOARD OBS AT BRAINTREE TS 2/6/2020 LOAD ORIGINATED FROM 30 FORBES RD BRAINTREE, MA"
,,GEN-SW,Notice Of Non-Compliance,2/24/20,,0,CARDBOARD AND WHITE GOOD OBS AT BRAINTREE TS 2/6/2020
,,GEN-SW,Notice Of Non-Compliance,2/24/20,,0,CARDBOARD AND CRT OBS AT BRAINTREE TS 2/6/2020
,,GEN-SW,"Administrative Consent Order, With Penalty",2/21/20,,946,WASTE BAN HLE FOR CARDBOARD OBS. SAUGUS WTE 12/5/2019.
,,GEN-SW,Notice Of Non-Compliance,2/21/20,,0,PAPER AND CARDBOARD OBS AT WHEELABRATOR SAUGUS 1/21/20
,,GEN-SW,"Administrative Consent Order, With Penalty",2/20/20,,860,FROM MULTIPLE WASTE BAN VIOLATIONS IN 2018.
,,GEN-SW,Notice Of Non-Compliance,2/20/20,,0,OBSERVED WASTE BAN VIOLATIONS AT AUBURN TRANSFER STATION ON 12/18/2019. CARDBOARD
,,GEN-SW,Notice Of Non-Compliance,2/19/20,,0,"CARDBOARD, ORIGNATING FROM 97 LIBBEY INDUSTRIAL PKWAY WEYMOUTH, BRAINTREE TS 1/3/20"
,,GEN-SW,Notice Of Non-Compliance,2/18/20,,0,1/24/2020 OBSERVED RECYCLABLE PAPER (CARDBOARD) AT HOWARD TRANSFER STATION
,,HAULER,Notice Of Non-Compliance,9/25/18,,0,WASTE BAN NON FOR WOOD AND CARDBOARD IN A LOAD DELIVERED TO THE CRAPO HILL LF ON 9/4/2018
,,HAULER,Notice Of Non-Compliance,5/7/20,,0,WASTE BAN NON - HAULER
,,GEN-SW,"Administrative Consent Order, With Penalty",2/12/20,,1000,WASTE BAN VIOLOATION FOR RECYCLABLE PAPER (CARDBOARD) AT SAUGUS 12/5/2019
,,HAULER,Notice Of Non-Compliance,7/6/20,,0,VIDEO OF ABC COMBINING TRASH AND RECYCLING ON A RESIDENTIAL STREET IN ROCHESTER MA RTC AUG 2020
,,GEN-SW,Notice Of Non-Compliance,2/11/20,,0,CARDBOARD OBS AT WHEELEBRATOR SAUGUS 1/21/2020
,,GEN-SW,Notice Of Non-Compliance,2/11/20,,0,CARDBOARD OBS AT WHEELABRATOR SAUGUS 1/21/20
,,GEN-SW,Notice Of Non-Compliance,2/10/20,,0,WASTE BAN VIOLATION OCCURED AT HOLLISTON TRANSFER STATION ON 12/20/2019. CARDBOARD
,,GEN-SW,Notice Of Non-Compliance,2/10/20,,0,WASTE BAN VIOLATION OCCURED AT THE HOLLISTON TRANSFER STATION ON 12/20/2019. CARDBOARD
,,GEN-SW,Notice Of Non-Compliance,2/10/20,,0,WASTE BAN VIOLATION OCCURED AT THE HOLLISTON TRANSFER STATION ON 12/20/2019. CARDBOARD
,,GEN-SW,Notice Of Non-Compliance,2/10/20,,0,WASTE BAN VIOLATION OCCURED AT HOLLISTON TRANSFER STATION ON 12/20/2019. CARDBOARD
,,GEN-SW,Notice Of Non-Compliance,2/10/20,,0,WASTE BAN VIOLATION OBSERVED AT EL HARVEY TRANSFER STATION ON 01/08/2020. CARDBOARD AND MIXED PAPER
,,GEN-SW,Notice Of Non-Compliance,2/10/20,,0,WASTE BAN VIOLATION OBSERVED AT EL HARVEY & SONS TRANSFER STATION ON 01/08/2020. CARDBOARD
,,GEN-SW,Notice Of Non-Compliance,2/10/20,,0,WASTE BAN VIOLATION OCCURED AT THE HOLLISTON TRANSFER STATION ON 12/20/2019. CARDBOARD
,,GEN-SW,Notice Of Non-Compliance,2/10/20,,0,"WASTE BAN VIOLATION OBSERVED AT DEVENS RECYCLING CENTER ON 01/15/2020, CARDBOARD"
,,GEN-SW,Notice Of Non-Compliance,2/10/20,,0,"WASTBAN VIOLATIONS OCCURED AT THE AUBURN TRANSFER STATION ON 12/18/19. CARDBOARD, WOOD, METAL"
,,GEN-SW,Notice Of Non-Compliance,2/10/20,,0,WASTE BAN VIOLATION OCCURED AT EL HARVEY & SONS IN FITCHBURG ON 01/03/2020. CARDBOARD
,,GEN-SW,Notice Of Non-Compliance,2/10/20,,0,WASTE BAN VIOLATON OCCURED AT HOLLISTON TRANSFER STATION ON 12/31/19. CARDBOARD
,,GEN-SW,Notice Of Non-Compliance,2/10/20,,0,WASTE BAN VIOLATION OCCURED AT WHEELABRATOR NORTH ANDOVER ON 01/03/2020. CARDBOARD
,,GEN-SW,Notice Of Non-Compliance,2/10/20,,0,WASTE BAN VIOLATION OBSERVED AT WHEELABRATOR NORTH ANDOVER ON 01/03/2020. CARDBOARD
,,GEN-SW,Notice Of Non-Compliance,2/10/20,,0,WASTE BAN VIOLATION OCCURED AT HOLLISTON TRANSFER STATION ON 12/20/2019. CARDBOARD
,,GEN-SW,Notice Of Non-Compliance,2/10/20,,0,WASTE BAN VIOLATION OBSERVED AT EL HARVEY TRANSFER STATION ON 01/08/2020. CARDBOARD
,,GEN-SW,Notice Of Non-Compliance,2/10/20,,0,WASTE BAN VIOLATION OCCURED AT THE HUDSON TRANSFER STATION ON 12/31/2019. CARDBOARD AND GLASS BOTTLES
,,GEN-SW,Notice Of Non-Compliance,2/10/20,,0,WASTE BAN VIOLATION OBSERVED AT DEVENS RECYCLING CENTER ON 01/15/2020. CARDBOARD
,,GEN-SW,Notice Of Non-Compliance,2/10/20,,0,WASTE BAN VIOLATION OBSERVED AT WHEELABRATOR NORTH ANDOVER ON 01/03/2020. CARDBOARD
,,GEN-SW,Notice Of Non-Compliance,2/10/20,,0,WASTE BAN VIOLATIONS OBSERVED AT DEVENS RECYCLING CENTER ON 01/15/2020. CARDBORD AND COMMERCIAL ORGANIC MATERIAL FOOD WASTE
,,GEN-SW,Notice Of Non-Compliance,2/10/20,,0,WASTE BAN VIOLATION OBSERVED AT EL HARVEY TRANSFER STATION ON 01/08/2020. CARDBOARD
,,GEN-SW,Notice Of Non-Compliance,2/10/20,,0,WASTE BAN VIOLATION OBSERVED AT DEVENS RECYCLING CENTER ON 01/15/2020 CARDBOARD
,,GEN-SW,Notice Of Non-Compliance,2/10/20,,0,WASTE BAN VIOLATION OBSERVED AT WHEELABRATOR NORTH ANDOVER ON 01/03/2020. CARDBOARD
,,GEN-SW,Notice Of Non-Compliance,2/10/20,,0,WASTE BAN VIOLATION OCCURED AT WHEELABRATOR NORTH ANDOVER ON 01/03/2020. CARDBOARD
,,GEN-SW,Notice Of Non-Compliance,2/10/20,,0,VIOLATION OCCURED AT THE HUDSON TRANSFER STATION ON 12/31/2019. CARDBOARD AND COMERCIAL ORGANIC MATERIAL FOOD WASTE
,,GEN-SW,Notice Of Non-Compliance,2/10/20,,0,WASTE BAN VIOLATION OBSERVED AT EL HARVEY TRANSFER STATION ON 01/08/2020. CARDBOARD
,,GEN-SW,Notice Of Non-Compliance,2/10/20,,0,WASTE BAN VIOLATION OBSERVED AT WHEELABRATOR NORTH ANDOVER ON 01/03/2020. CARDBOARD
,,GEN-SW,Notice Of Non-Compliance,2/7/20,,0,1/24/2020 HOWARD TS RECYCLABLE PAPER (CARDBOARD) AND WHITE GOODS (2 DISHWASHERS)
,,GEN-SW,Notice Of Non-Compliance,2/7/20,,0,1/24/2020 HOWARD TS RECYCLABLE PAPER (CARDBOARD)
,,GEN-SW,Notice Of Non-Compliance,2/6/20,,0,1/24/2020 OBSERVED WASTE BAN VIOLATION FOR RECYCLABLE PAPER (CARDBOARD) AT HOWARD TS
,,GEN-SW,Notice Of Non-Compliance,2/6/20,,0,1/24/2020 OBSERVED RECYCLABLE PAPER (CARDBOARD) AT HOWARD TS
,,GEN-SW,Notice Of Non-Compliance,2/6/20,,0,1/24/2020 VIOLATION OBSERVED FOR RECYCLABLE PAPER (CARDBOARD) AND METAL AT HOWARD TS
,,GEN-SW,Notice Of Non-Compliance,2/4/20,,0,CARDBOARD OBSERVED AT BRAINTREE TS 1/3/20
,,GEN-SW,Notice Of Non-Compliance,2/4/20,,0,WASTE BAN VIOLATION HOWARD TS 1/24/2020 RECYCLABLE PAPER (CARDBOARD)
,,GEN-SW,Notice Of Non-Compliance,2/4/20,,0,"CARDBOARD OBSERVED AT BRAINTREE TS 1/3/20 LOAD CAME FROM PRYNNE HILLS CANTON, MA"
,,GEN-SW,Notice Of Non-Compliance,2/4/20,,0,WASTE BAN VIOLATION HOWARD TS 1/24/2020 RECYCLABLE PAPER (CARDBOARD)
,,GEN-SW,"Administrative Consent Order, With Penalty",2/4/20,,2000,WASTE BAN VIOLATIONS OBSERVED AT HOWARD TS 11/5/2019 RECYCLABLE PAPER (CARDBOARD) AND SINGLE POLYMER BOTTLES
,,GEN-SW,Notice Of Non-Compliance,2/4/20,,0,WASTE BAN VIOLATION OBSERVED AT HOWARD TS 1/24/2020 RECYCLABLE PAPER (CARDBOARD) AND SINGLE POLYMER BOTTLES. 13-MAR-2020 - REQ RTC EXTENSION TO 13-APR-2020
,,GEN-SW,Notice Of Non-Compliance,2/4/20,,0,CARDBOARD OBSERVED AT BRAINTREE TS 1/3/20
,,GEN-SW,"Administrative Consent Order, With Penalty",1/31/20,,2000,"MULTIPLE FAILED LOADS AT BRAINTREE TS, CARDBOARD. PRIOR NONS"
,,GEN-SW,Notice Of Non-Compliance,1/30/20,,0,CARDBOARD OBS AT BRAINTREE TS 1/3/20
,,HAULER,Notice Of Non-Compliance,11/15/19,,0,SINGLE STREAM RECYCLING OBSERVED BY ROB TOCCHIO AT BRAINTREE TS
,,HAULER,Notice Of Non-Compliance,12/30/19,,0,SINGLE STREAM RECYCLING OBSERVED AT RAYNHAM TS
,,GEN-SW,Notice Of Non-Compliance,1/23/20,,0,CARDBOARD HUDSON TS 8/30/2019 91 7108 2133 3935 7836 4128
,,GEN-SW,Notice Of Non-Compliance,1/16/20,,0,11/5/2019 OBSERVED RECYCLABLE PAPER (CARDBOARD) AT HOWARD TRANSFER STATION
,,GEN-SW,Notice Of Non-Compliance,1/16/20,,0,CARBOARD OBSERVED AT FALL RIVER TS ON 12/27/19
,,GEN-SW,Notice Of Non-Compliance,1/16/20,,0,CARDBOARD OBS AT RAYNHAM TS
,,GEN-SW,Notice Of Non-Compliance,1/16/20,,0,11/5/2019 OBSERVED RECYCLABLE PAPER (CARDBOARD) AT HOWARD TRANSFER STATION
,,HAULER,Notice Of Non-Compliance,4/6/18,,0,OBSERVED CARDBOARD 3/28/2018 AT HOLLISTON TS
,,GEN-SW,Notice Of Non-Compliance,1/16/20,,0,CARDBOARD AND WOOD OBSERVED AT RAYNHAM TS
,,GEN-SW,Notice Of Non-Compliance,1/14/20,,0,1/8/2020 OBSERVED RECYCLABLE PAPER (CARDBOARD) AT LYNN TRANSFER STATION
,,GEN-SW,Notice Of Non-Compliance,1/13/20,,0,"INSPECTION AT HUDSON TRANSFER STATION ON NOVEMBER 29, 2019. CARDBOARD"
,,GEN-SW,Notice Of Non-Compliance,1/13/20,,0,"INSPECTION AT PEABODY WOOD TRANSFER STATION ON DECEMBER 06, 2019. CARDBOARD AND FOOD WASTE"
,,GEN-SW,Notice Of Non-Compliance,1/13/20,,0,"INSPECTION AT EL HARVEY TRANSFER STATION ON NOVEMBER 27, 2019. CARDBOARD AND COMMERCIAL ORGAIN MATERIAL FOOD WASTE"
,,HAULER,Notice Of Non-Compliance,3/19/18,,0,OBSERVED CARDBOARD 2/22/2018 AT HOLLISTON TS
,,GEN-SW,Notice Of Non-Compliance,1/13/20,,0,"INSPECTION AT HUDSON TRANSFER STATION ON NOVEMBER 29, 2019. CARDBOARD"
,,GEN-SW,Notice Of Non-Compliance,1/13/20,,0,"INSPECTION AT PEABODY WOOD TRANSFER STATION ON DECEMBER 6, 2019. CARDBOARD"
,,GEN-SW,Notice Of Non-Compliance,1/13/20,,0,"INSPECTION AT PEABODY WOOD TRANSFER STATION ON DECEMBER 06, 2020. CARDBOARD"
,,GEN-SW,Notice Of Non-Compliance,1/13/20,,0,"INSPECTION AT PEABODY WOOD TRANSFER STATION ON DECEMBER 06, 2019. CARDBOARD AND FOOD WASTE"
,,GEN-SW,Notice Of Non-Compliance,1/13/20,,0,"INSPECTION AT WHEELABRATOR NORTH ANDOVER ON DECEMBER 04, 2019. CARDBOARD AND WOOD"
,,GEN-SW,Notice Of Non-Compliance,1/13/20,,0,"INPSECTION AT HOLLISTION TRANSFER STATION ON NOVEMBER 20, 2019 CARDBOARD"
,,GEN-SW,Notice Of Non-Compliance,1/13/20,,0,"INSPECTION AT OXFORD TRANSFER STATION ON NOVEMBER 26, 2019. CARDBOARD AND COMMERCIAL ORGANIC FOOD WASTE"
,,GEN-SW,Notice Of Non-Compliance,1/13/20,,0,"INSPECTION AT OXFORD TRANSFER STATION ON NOVEMBER 26, 2019. CARDBOARD"
,,GEN-SW,Notice Of Non-Compliance,1/13/20,,0,"INSPECTION AT OXFORD TRANSFER STATION ON NOVEMBER 26, 2019. CARDBOARD AND COMMERCIAL ORGANIC MATERIAL FOOD WASTE"
,,GEN-SW,Notice Of Non-Compliance,1/13/20,,0,INSPECTION AT PEABODY WOOD TRANSFER STATION ON 12/06/2019. CARDBOARD
,,GEN-SW,Notice Of Non-Compliance,1/13/20,,0,"INSPECTION AT WHEELABRATOR NORTH ANDOVER ON DECEMBER 04, 2019. CARDBOARD AND COMMERCIAL ORGANIC MATERIAL FOOD WASTE"
,,GEN-SW,Notice Of Non-Compliance,1/13/20,,0,"INSPECTION AT HOLLISTON TRANSFER STATION ON NOVEMBER 20, 2019. CARDBOARD"
,,GEN-SW,"Administrative Consent Order, With Penalty",1/13/20,,1860,ACOP FOR WASTE BAN VIOLATIONS AT WHEELABRATOR MILLBURY 2/28/2018 (CARDBOARD) AND NO RESPONSE TO PRIOR NON FOR WB VIOLATIONS (CARDBOARD) AT AUBURN TRANSFER STATION 9/21/17.
,,GEN-SW,"Administrative Consent Order, With Penalty",1/8/20,,946,"ACOP FOR SECOND FAILED LOAD AT RAYNHAM TS, PRIOR NON. RTCR SENT MARCH 2 2020"
,,GEN-SW,"Administrative Consent Order, With Penalty",1/8/20,,2000,ACOP FOR MULTIPLE FAILED LOADS AND PRIO NONS RTC
,,GEN-SW,Notice Of Non-Compliance,1/7/20,,0,12/5/2019 OBSERVED RECYCLABLE PAPER (CARDBOARD) AT WHEELABRATOR SAUGUS COMBUSTION FACILITY
,,GEN-SW,Notice Of Non-Compliance,1/7/20,,0,CARDBOARD FROM 744 COLUMBUS AVE BOSTON. OBSERVED AT HOWARD TS 12/12/19
,,HAULER,Notice Of Non-Compliance,12/28/17,,0,OBSERVED CARDBOARD 12/13/2017 AT COVANTA HAVERHILL
,,HAULER,Notice Of Non-Compliance,3/31/17,,0,OBSERVED AT AUBURN TRANSFER STATION 3/8/2017
,,GEN-SW,Notice Of Non-Compliance,1/7/20,,0,PAPER/CARDBOARD OBSERVED AT HOWARD TS 12/12/19
,,GEN-SW,Notice Of Non-Compliance,1/3/20,,0,"WASTE BAN LOAD (CARDBOARD AND METALS) ORIGINATING FOR AMAZON FULLFILLMENT CENTER LOCATED AT 200 OLD IRON ORE ROAD IN WINDSOR, CT FOR DISPOSAL AT THE MCNAMARA TRANSFER STATION IN SPRINGFIELD."
,,GEN-SW,Notice Of Non-Compliance,1/3/20,,0,WASTE BAN: WASTE BAN LOAD (WOOD) ON 11/22/2019 ORGINATING FROM COMCAST LOCATED AT 1110 EAST MOUNTAIN ROAD IN WESTFIELD FOR DISPOSAL AT CASELLA OF HOLYOKE TRANSFER STATION IN HOLYOKE.
,,GEN-SW,Notice Of Non-Compliance,1/3/20,,0,WASTE BAN: WASTE BAN MATERIALS (WOOD AND CARDBOARD) FROM MUTH ASSOCIATES BROUGHT FOR DISPOSAL AT WESTERN RECYCLING TRANSFER STATION IN WILBRAHAM ON 12/13/2019.
,,GEN-SW,Notice Of Non-Compliance,1/3/20,,0,WASTE BAN LOAD (WOOD AND METALS) ON 11/22/2019 ORIGINATING FROM NUPRO LOCATED AT 10 SANDY LANE IN SOUTH DEERFIELD FOR DISPOSAL AT CASELLA OF HOLYOKE TRANSFER STATION IN HOLYOKE.
,,GEN-SW,"Administrative Consent Order, With Penalty",1/3/20,,2000,ACOP FOR WASTE BAN VIOLATIONS (CARDBOARD) 1/10/2019 AND 6/28/2019 AT PEABODY WOOD TRANSFER STATION. RTC LETTER ISSUED 10 MAR 2020.
,,GEN-SW,Notice Of Non-Compliance,1/3/20,,0,WASTE BAN LOAD (CARDBOARD) ON 11/8/2019 ORGINATION FROM SABIC FOR DISPOSAL AT THE COMMUNITY ECO POWER INCINERATOR IN PITTSFIELD.
,,GEN-SW,Notice Of Non-Compliance,12/30/19,,0,CARDBOARD AT HAVERHILL COVANTA
,,HAULER,Notice Of Non-Compliance,9/12/16,,0,OBSERVED 8/16/2016 AT AKS RECYCLING. RETRACTED NON 10/5/2016.
,,GEN-SW,"Administrative Consent Order, With Penalty",12/26/19,,1000,ACOP FOR MULRIPLE NONS AND FAILED LOAD AT WHEELABRATOR N. ANDOVER 8/16/19
,,GEN-SW,Notice Of Non-Compliance,12/19/19,,0,CARDBOARD OBSERVED AT RAYNHAM TS
,,GEN-SW,Notice Of Non-Compliance,12/19/19,,0,CARDBOARD OBSERVED AT RAYNHAM TS
,,GEN-SW,Notice Of Non-Compliance,12/19/19,,0,CARDBOARD OBSERVED AT THE RAYNHAM TS
,,GEN-SW,Notice Of Non-Compliance,12/17/19,,0,OBSERVED 50% CARDBOARD 10/23/2019 AT HARVEY OF FITCHBURG HAULED BY JE TULLY
,,GEN-SW,Notice Of Non-Compliance,12/17/19,,0,BOSERVED CARDBOARD & FOOD 11/6/2019 AT PEABODY WOOD TS HAULED BY REPUBLIC
,,GEN-SW,"Administrative Consent Order, With Penalty",12/16/19,,1892,"WASTE BAN HLE FOR COMMERCIAL ORGANIC MATERIAL (FOOD MATERIAL) AT TWO FACILITIES. VIOLATIONS OBSERVED 9/4/19 AT FALL RIVER TS 21-FEB-2020 RTC REC. 2/14/2020, DEP REQ. REV. DUE 19-MAR-2020"
,,GEN-SW,Notice Of Non-Compliance,12/13/19,,0,12/5/19 WHEELABRATOR SAUGUS CARDBOARD
,,GEN-SW,Notice Of Non-Compliance,12/13/19,,0,WASTE BAN NON FOR CARDBOARD 12/5/19 SAUGUS
,,GEN-SW,Notice Of Non-Compliance,12/13/19,,0,WASTE BAN NON FOR CARDBOARD 8/7/19 POST ROAD TRANSFER STATION SUDBURY
,,GEN-SW,Notice Of Non-Compliance,12/13/19,,0,12/5/19 WHEELABRATOR SAUGUS CARDOBOARD
,,GEN-SW,Notice Of Non-Compliance,12/12/19,,0,OBSERVED CARDBOARD FROM EAVES APARTMENTS PEABODY AT PEABODY WOOD TS HAULED BY WASTE MGMT
,,GEN-SW,Notice Of Non-Compliance,12/12/19,,0,OBSERVED CARDBOARD 11/1/2019 AT WHEELABRATOR NORTH ANDOVER HAULED BY WASTE MGMT
,,GEN-SW,Notice Of Non-Compliance,12/12/19,,0,OBSERVED CARDBOARD & FOOD 11/6/2019 AT PEABODY WOOD TS HAULED BY REPUBLIC
,,GEN-SW,Notice Of Non-Compliance,12/12/19,,0,OBSERVED CARDBOARD 11/1/2019 FROM THE HEIGHTS AMESBURY AT WHEELABRATOR NORTH ANDOVER HAULED BY WASTE MGMT
,,GEN-SW,Notice Of Non-Compliance,12/12/19,,0,OBSERVED CARDBOARD & FOOD 11/6/2019 AT PEABODY WOOD TS HAULED BY REPUBLIC
,,GEN-SW,Notice Of Non-Compliance,12/12/19,,0,PBSERVED CARDBOARD & FOOD AT PEABODY WOOD TS HAULED BY REPUBLIC
,,GEN-SW,Notice Of Non-Compliance,12/12/19,,0,OBSERVED 35-40% CARDBOARD FROM KOHLS SALEM NH AT WHEELABRATOR NORTH ANDOVER HAULED BY WASTE MGMT
,,GEN-SW,Notice Of Non-Compliance,12/12/19,,0,OBSERVED CARDBOARD 11/6/2019 FROM RESIDENCES AT LITTLE RIVER APARTMENTS AT PEABODY WOOD TS HAULED BY REPUBLIC
,,GEN-SW,Notice Of Non-Compliance,12/12/19,,0,OBSERVED CARDBOARD 11/6/2019 AT PEABODY WOOD TS HAULED BY CHARLES GEORGE
,,GEN-SW,Notice Of Non-Compliance,12/12/19,,0,OBSERVED CARDBOARD AT WHEELABRATOR NORTH ANDOVER HAULED BY EL HARVEY
,,GEN-SW,Notice Of Non-Compliance,12/12/19,,0,OBSERVED CARDBOARD & METAL 11/6/2019 AT PEABODY WOOD TS HAULED BY WASTE MGMT
,,GEN-SW,Notice Of Non-Compliance,12/12/19,,0,OBSERVED 80% CARDBOARD 11/1/2019 AT UNITED MATERIALS MILLBURY
,,GEN-SW,Notice Of Non-Compliance,12/12/19,,0,OBSERVED CARDBOARD 11/6/2019 AT PEABODY WOOD TS HAULED BY REPUBLIC
,,GEN-SW,Notice Of Non-Compliance,12/12/19,,0,OBSERVED CARDBOARD 11/1/2019 AT WHEELABRATOR NORTH ANDOVER HAULED BY BAY STATE
,,GEN-SW,Notice Of Non-Compliance,12/12/19,,0,OBSERVED CARDBOARD 11/1/2019 FROM UPS CUSTOMER CENTER AT WHEELABRATOR NORTH ANDOVER HAULED BY EL HARVEY
,,GEN-SW,Notice Of Non-Compliance,12/12/19,,0,OBSERVED 2 FAILED LOADS OF CARDBOARD & FOOD 11/6/2019 FROM MARKET STREET (WS DEVELOPMENT) IN LYNNFIELD AT PEABODY WOOD TS HAULED BY JRM
,,HAULER,Notice Of Non-Compliance,9/12/16,,0,OBSERVED 8/16/2016 AT AKS RECYCLING
,,GEN-SW,Notice Of Non-Compliance,12/11/19,,0,CARDBOARD AND METAL OBSERED AT BRAINTREE TS
,,GEN-SW,Notice Of Non-Compliance,12/11/19,,0,OBSERVED CARDBOARD 11/1/2019 AT WHEELABRATOR NORTH ANDOVER DELIVERED BY BAY STATE DISPOSAL
,,GEN-SW,Notice Of Non-Compliance,12/10/19,,0,OBSERVED 50% CARDBARD 10/18/2019 AT WHEELABRATOR MILLBURY HAULED BY REPUBLIC
,,GEN-SW,Notice Of Non-Compliance,12/10/19,,0,"OBSERVED CARDBOARD ON OCTOBER 25, 2019 AT E.L. HARVEY"
,,GEN-SW,Notice Of Non-Compliance,12/10/19,,0,OBSERVED CARDBOARD 10/23/2019 AT EL HARVEY HAULED BY JE TULLY
,,GEN-SW,Notice Of Non-Compliance,12/10/19,,0,OBSERVED 20% FOOD AT HUDSON TS 10/23/2019 HAULED BY B-P TRUCKING
,,GEN-SW,Notice Of Non-Compliance,12/10/19,,0,OBSERVED CARDBOARD 10/25/2019 AT EL HARVEY
,,GEN-SW,Notice Of Non-Compliance,12/10/19,,0,"OBSERVED CARDBOARD ON NOVEMBER 1, 2019 AT WHEELABRATOR NORTH ANDOVER DELIVERED FOR DISPOSAL BY JRM HAULING & RECYCLING"
,,GEN-SW,Notice Of Non-Compliance,12/10/19,,0,OBSERVED CARDBOARD 10/18/2019 FROM RELIANT MEDICAL GROUP IN MILFORD AT WHEELABRATOR MILLBURY HAULED BY AJ LETOURNEAU
,,GEN-SW,Notice Of Non-Compliance,12/10/19,,0,OBSERVED CARDBOARD & FOOD 10/29/2019 AT OXFORD TS HAULED BY REPUBLIC
,,GEN-SW,Notice Of Non-Compliance,12/5/19,,0,"WASTE BAN VIOLATION LOAD ORGINATED FROM HERITAGE AT STONE RIDGE BULRINGTON, MA CARDBOARD OBSERVED AT MELROSE TS"
,,GEN-SW,Notice Of Non-Compliance,12/5/19,,0,"LOAD ORIGINATED FROM 290 VANDERBILT AVE NORWOOD, MA. CARDBOARD OBSERVED AT BRAINTREE TS"
,,GEN-SW,"Administrative Consent Order, With Penalty",11/26/19,,5000,"ACOP FOR WASTE BAN VIOLATIONS AT WHEELABRATOR NORTH ANDOVER, COVANTA HAVERHILL, AND WHEELABRATOR MILLBURY. ISSUED TO LOWE'S AT THE CORPORATE LEVEL. VIOLATIONS OBSERVED APRIL 18, 2019 THROUGH JULY 19, 2019. PENALTY OF $5,000 PAID 1/7/2019"
,,GEN-SW,"Administrative Consent Order, With Penalty",11/26/19,,2580,
,,GEN-SW,Notice Of Non-Compliance,11/25/19,,0,11/5/19 OBSERVED RECYCLABLE PAPER (CARDBOARD) AT HOWARD TS
,,GEN-SW,Notice Of Non-Compliance,11/25/19,,0,"LOAD ORIGINATED FROM 1 LONGFELLOW PLACE, CARDBOARD OBSERVED BY ROB TOCCHIO AT HOWARD TS"
,,GEN-SW,Notice Of Non-Compliance,11/22/19,,0,CARDBOARD VIOLATION OBSERVED AT THE AUBURN TRANSFER STATION
,,GEN-SW,Notice Of Non-Compliance,11/21/19,,0,CARDBOARD AND METAL WASTE BAN INPSECTION AT HOWARD TS 11/5/19
,,GEN-SW,Notice Of Non-Compliance,11/21/19,,0,CARDBOARD VIOLATION OBSERVED AT THE PEABODY WOOD TRANSFER STATION.
,,GEN-SW,Notice Of Non-Compliance,11/21/19,,0,VIOLATION OBSERVED AT HOLLISTON TRANSFER STATION CARDBOARD AND COMMERCIAL ORGANIC MATERIAL
,,GEN-SW,Notice Of Non-Compliance,11/21/19,,0,CARDBOARD WASTE BAN INSPECTION AT HOWARD TS 11/5/19
,,GEN-SW,Notice Of Non-Compliance,11/21/19,,0,CARDBOARD AND METAL CONTAINERS WASTE BAN VIOLOATION FOR INSPECTION AT HOWARD TRANSFER STATION 11/5/19
,,GEN-SW,Notice Of Non-Compliance,11/21/19,,0,BOTTLES & CANS AND METAL WASTE BAN INSPECTION AT HOWARD TS 11/5/19
,,GEN-SW,Notice Of Non-Compliance,11/21/19,,0,WASTE BAN INSPECTION HOWARD TS 11/5/19 OCC & METAL
,,GEN-SW,Notice Of Non-Compliance,11/21/19,,0,CARDBOARD WASTE BAN INPSECTION AT HOWARD TS 11/5/19
,,GEN-SW,Notice Of Non-Compliance,11/21/19,,0,CARDBOARD VIOLATION OBSERVED AT THE PEABODY WOOD TRANSFER STATION
,,GEN-SW,Notice Of Non-Compliance,11/21/19,,0,CARDBOARD VIOLATION OBSERVED AT THE OXFORD TRANSFER STATION
,,GEN-SW,Notice Of Non-Compliance,11/21/19,,0,WASTE BAN INSPECTION AT HOWARD TS 11/5/19
,,GEN-SW,Notice Of Non-Compliance,11/21/19,,0,WASTE BAN INPSECTION AT HOWARD TS 11/5/19 OCC
,,GEN-SW,Notice Of Non-Compliance,11/21/19,,0,CARDBOARD WASTE BAN INSPECTION AT HOWARD TS 11/5/19
,,GEN-SW,Notice Of Non-Compliance,11/21/19,,0,CARDBOARD WASTE BAN INSPECTION AT HOWARD TS 11/5/19
,,GEN-SW,Notice Of Non-Compliance,11/21/19,,0,CARDBOARD VIOLATION OBSERVED AT THE AUBURN TRANSFER STATION
,,GEN-SW,Notice Of Non-Compliance,11/21/19,,0,CARDBOARD VIOLATION OBSERVED AT THE EL HARVEY TRANSFER STATION.
,,GEN-SW,Notice Of Non-Compliance,11/21/19,,0,CARDBOARD WASTE BAN INSPECTION AT HOWARD TS 11/5/19
,,GEN-SW,Notice Of Non-Compliance,11/21/19,,0,CARDBOARD VIOLATION OBSERVED AT THE PEABODY WOOD TRANSFER STATION
,,GEN-SW,Notice Of Non-Compliance,11/21/19,,0,CARDBOARD VIOLATION OBSERVED AT THE PEABODY WOOD TRANSFER STATION.
,,GEN-SW,Notice Of Non-Compliance,11/21/19,,0,CARDBOARD AND METAL WASTE BAN ENFORCEMENT FROM INSPECTIONS AT HOWARD TS 5/28/19 AND 9/5/19
,,GEN-SW,Notice Of Non-Compliance,11/21/19,,0,CARDBOARD WASTE BAN ENFORCEMENT FROM INSPECTION AT HOWARD TS 11/5/19
,,GEN-SW,Notice Of Non-Compliance,11/21/19,,0,CARDBOARD WASTE BAN INSPECTION AT HOWARD TS 11/5/19
,,GEN-SW,Notice Of Non-Compliance,11/21/19,,0,CARDBOARD WASTE BAN INSPECTIONA T HOWARD TS 11/5/19
,,GEN-SW,Notice Of Non-Compliance,11/21/19,,0,CARDBOARD VIOLATION OBSERVED AT POST ROAD TRANSFER STATION
,,GEN-SW,Notice Of Non-Compliance,11/15/19,,0,CARDBOARD AND SINGLE STREAM ORIGINATED FROM WESTIN HOTEL SUMMER ST BOSTON. OBSERVED AT WHEELARATOR SAUGUS BY ROB TOCCHIO
,,HAULER,Notice Of Non-Compliance,4/18/17,,0,OBSERVED 4/3/2017 AT MELROSE TS
,,GEN-SW,Notice Of Non-Compliance,11/15/19,,0,CARDBOARD AND PAPER OBSERVED AT WHEELABRATOR SAUGUS BY ROB TOCCHIO
,,HAULER,Notice Of Non-Compliance,6/5/17,,0,OBSERVED 4/24/2017 AT AUBURN TS
,,GEN-SW,Notice Of Non-Compliance,11/15/19,,0,REJECTED (BY CASELLA) RECYCLING LOAD DISPOSED OF AT HOWARD TS OBSERVED BY ROB TOCCHIO
,,GEN-SW,"Administrative Consent Order, With Penalty",11/12/19,,5160,WASTE BAN ENFORCEMENT FOR MULTIPLE STORES AND MATERIALS | PENALTY PAID 21-NOV-2019 PLAN SUBMITTED 2-DEC-2019
,,GEN-SW,"Administrative Consent Order, With Penalty",11/5/19,,1000,"ACOP FOR WASTE BAN VIOLATION (CARDBOARD) MARCH 20, 2019, AT WHEELABRATOR NORTH ANDOVER WASTE TO ENERGY FACILITY."
,,HAULER,Notice Of Non-Compliance,4/20/17,,0,OBSERVED 4/12/2017 AT DEVENS RECYCLING CENTER
,,HAULER,Notice Of Non-Compliance,3/31/17,,0,OBSERVED 3/8/2017 AT AKS RECYCLING
,,GEN-SW,Notice Of Non-Compliance,10/30/19,,0,CARDBOARD VIOLATION OBSERVED AT PEABODY TRANSFER STATION
,,GEN-SW,Notice Of Non-Compliance,10/30/19,,0,CARDBOARD (NOTE FMF ACCOUNT MAY BE INCORRECT - 177068 ON ENF DOC) VIOLATION OCCURED AT WHEELABRATOR MILLBURY
,,GEN-SW,Notice Of Non-Compliance,10/30/19,,0,CARDBOARD
,,GEN-SW,Notice Of Non-Compliance,10/30/19,,0,CARDBOARD
,,HAULER,Notice Of Non-Compliance,4/20/17,,0,OBSERVED 3/29/2017 AT DEDHAM TS
,,GEN-SW,Notice Of Non-Compliance,10/30/19,,0,CARDBOARD
,,GEN-SW,Notice Of Non-Compliance,10/30/19,,0,CARDBOARD VIOLATION OCCURED AT PEABODY TRANSFER STATION
,,GEN-SW,Notice Of Non-Compliance,10/30/19,,0,CARDBOARD VIOLATION OCCURED AT EL HARVEY TRANSFER STATION
,,GEN-SW,Notice Of Non-Compliance,10/30/19,,0,CARDBOARD VIOLATION OCCURED AT POST ROAD TRANSFER STATION
,,GEN-SW,Notice Of Non-Compliance,10/30/19,,0,CARDBOARD VIOLATION OCCURED AT WHEELABRATOR MILLBURY
,,GEN-SW,Notice Of Non-Compliance,10/30/19,,0,CARDBOARD VIOLATION OBSERVED AT HUDSON TRANSFER STATION
,,GEN-SW,Notice Of Non-Compliance,10/28/19,,0,9/19/19 OBSERVED COMMERCIAL ORGANIC MATERIAL (FOOD MATERIAL) AT COVANTA BRAINTREE TRANSFER STATION
,,HAULER,Notice Of Non-Compliance,4/18/17,,0,"OBSERVED 3/24/2017 AT LYNN TS, ISSUED TO HILTZ WASTE DISPOSAL INC."
,,GEN-SW,Notice Of Non-Compliance,10/28/19,,0,CARDBOARD OBSERVED AT HOWARD TS 10/10/19
,,GEN-SW,Notice Of Non-Compliance,10/28/19,,0,CARDBOARD OBSERVED AT HOWARD TS 10/10/19
,,GEN-SW,Notice Of Non-Compliance,10/28/19,,0,PAPER OBSERVED AT HOWARD TS 10/10/19
,,GEN-SW,Notice Of Non-Compliance,10/24/19,,0,WASTE BAN VIOLATION SINGLE STREAM RECYCLING OBERSERVED AT RAYNHAM TS
,,GEN-SW,Notice Of Non-Compliance,10/18/19,,0,9/19/19 OBSERVE RECYCLABLE PAPER (CARDBOARD) AT COVANTA BRAINTREE TRANSFER STATION
,,GEN-SW,Notice Of Non-Compliance,10/18/19,,0,9/19/19 OBSERVED RECYCLABLE PAPER (CARDBOARD) AT COVANTA BRAINTREE TRANSFER STATION
,,GEN-SW,"Administrative Consent Order, With Penalty",10/16/19,,1720,WASTE BAN HLE FOR OCC OBSERVED 5/6/19 WHEELABRATOR SAUGUS. FAILURE TO RESPOND TO NON-BO-00006476
,,GEN-SW,Notice Of Non-Compliance,10/16/19,,0,WASTE BAN VIOLATION RAYNHAM TS CARDBOARD
,,GEN-SW,Notice Of Non-Compliance,10/16/19,,0,WASTE BAN VIOLATION AT RAYNHAM TS FOR CARDBOARD AND AC
,,GEN-SW,"Administrative Consent Order, With Penalty",10/16/19,,946,WASTE BAN ACP OCC. FALL RIVER TS 7/23/19
,,GEN-SW,Notice Of Non-Compliance,10/10/19,,0,"CARDBOARD VIOLATION OCCURED AT PEABODY WOOD TRANSFER STATION ON JULY 31, 2019."
,,GEN-SW,Notice Of Non-Compliance,10/10/19,,0,"CARDBOARD VIOLATION OCCURED AT WHEELABRATOR NORTH ANDOVER ON AUGUST 16, 2019."
,,GEN-SW,Notice Of Non-Compliance,10/10/19,,0,"CARDBOARD VIOLATION OCCURED AT WHEELABRATOR NORTH ANDOVER ON AUGUST 16, 2019."
,,GEN-SW,Notice Of Non-Compliance,10/10/19,,0,"CARDBOARD VIOLATION OCCURED AT PEABODY WOOD TRANSFER STATION ON JULY 31, 2019"
,,GEN-SW,Notice Of Non-Compliance,10/10/19,,0,"CARDBOARD VIOLATION OCCURED AT WHEELABRATOR NORTH ANDOVER ON AUGUST 16, 2019 AND SEPTEMBER 20, 2019."
,,GEN-SW,Notice Of Non-Compliance,10/10/19,,0,"CARDBOARD VIOLATION OCCURED AT WHEELABRATOR NORTH ANDOVER ON AUGUST 16, 2019."
,,GEN-SW,Notice Of Non-Compliance,10/10/19,,0,"CARDBOARD VIOLATION OCCURED AT PEABODY WOOD TRANSFER STATION ON JULY 31, 2019."
,,GEN-SW,Notice Of Non-Compliance,10/10/19,,0,"CARDBOARD VIOLATION OCCURED AT WHEELABRATOR NORTH ANDOVER ON AUGUST 16, 2019."
,,GEN-SW,Notice Of Non-Compliance,10/10/19,,0,"CARDBOARD VIOLATION OCCURED AT WHEELABRATOR NORTH ANDOVER ON AUGUST 16, 2019."
,,GEN-SW,Notice Of Non-Compliance,10/10/19,,0,"CARDBOARD VIOLATION OCCURED AT AUBURN TRANSFER STATION ON AUGUST 2, 2019."
,,GEN-SW,Notice Of Non-Compliance,10/10/19,,0,"VIOLATION OCCURED AT PEABODY WOOD TRANSFER STATION ON JULY 31, 2019. CARDBOARD"
,,GEN-SW,Notice Of Non-Compliance,10/10/19,,0,"CARDBOARD VIOLATION OCCURED AT POST ROAD TRANSFER STATION ON AUGUST 7, 2019."
,,GEN-SW,Notice Of Non-Compliance,10/10/19,,0,"CARDBOARD VIOLATION OCCURED AT POST ROAD TRANSFER STATION ON AUGUST 7, 2019."
,,GEN-SW,Notice Of Non-Compliance,10/9/19,,0,CARDBOARD OBSERVED AT DANVERS TS FROM BEAUPORT HOTEL GLOUCESTER
,,GEN-SW,Notice Of Non-Compliance,10/9/19,,0,CARDBOARD OBSERVED AT THE DANVERS TS
,,GEN-SW,Notice Of Non-Compliance,10/8/19,,0,"OBSERVED VIOLATION AT WHEELABRATOR NORTH ANDOVER ON AUGUST 16, 2019."
,,GEN-SW,Notice Of Non-Compliance,10/8/19,,0,"CARDBOARD VIOLATION OCCURED AT WHEELABRATOR NORTH ANDOVER ON AUGUST 16, 2019."
,,GEN-SW,Notice Of Non-Compliance,10/8/19,,0,"VIOLATION OCCURED AT WHEELABRATOR NORTH ANDOVER ON AUGUST 16, 2019."
,,GEN-SW,Notice Of Non-Compliance,10/8/19,,0,"CARDBOARD VIOLATION OCCURED AT PEABODY WOOD TRANSFER STATION ON JULY 31, 2019."
,,GEN-SW,Notice Of Non-Compliance,10/8/19,,0,"CARDBOARD VIOLATION OCCURED AT PEABODY WOOD TRANSFER STATION ON JULY 31, 2019."
,,GEN-SW,Notice Of Non-Compliance,10/8/19,,0,"VIOLATION OCCURED AT PEABODY WOOD TRANSFER STATION ON JULY 31, 2019."
,,GEN-SW,Notice Of Non-Compliance,10/8/19,,0,"CARDBOARD VIOLATION OCCURED AT PEABODY WOOD TRANSFER STATION ON JULY 31, 2019."
,,GEN-SW,Notice Of Non-Compliance,10/8/19,,0,"VIOLATION OCCURED AT PEABODY WOOD TRANSFER STATION ON JULY 31, 2019."
,,GEN-SW,Notice Of Non-Compliance,10/2/19,,0,9/19/2019 OBSERVED RECYCLABLE PAPER (CARDBOARD) AT COVANTA BRAINTREE TRANSFER STATION
,,GEN-SW,Notice Of Non-Compliance,10/2/19,,0,9/19/2019 OBSERVED RECYCLABLE PAPER (OCC) AT COVANTA BRAINTREE TRANSFER STATION
,,HAULER,Notice Of Non-Compliance,4/20/17,,0,OBSERVED 3/17/2017 AT PEABODY WOOD TS
,,GEN-SW,Notice Of Non-Compliance,10/2/19,,0,9/19/2019 OBSERVED RECYCLABLE PAPER (CARDBOARD) AT COVANTA BRAINTREE TRANSFER STAITON
,,GEN-SW,Notice Of Non-Compliance,10/2/19,,0,9/19/2019 OBSERVED RECYCLABLE PAPER (CARDBOARD) AT COVANTA BRAINTREE TRANSFER STATION
,,GEN-SW,"Administrative Consent Order, With Penalty",10/2/19,,1720,12/10/18 OBSERVED RECYCLABLE PAPER (CARDBOARD) AND COMMERICAL ORGANIC MATERIAL AT WHEELABRATOR SAUGUS WTE FACILITY
,,HAULER,Notice Of Non-Compliance,3/13/17,,0,OBSERVED 2/27/2017 AT HUDSON TRANSFER STATION
,,GEN-SW,Notice Of Non-Compliance,10/1/19,,0,CARDBOARD AND METAL OBSERVED AT HOWARD TS
,,GEN-SW,Notice Of Non-Compliance,10/1/19,,0,CARDBOARD OBSERVED AT THE LYNN TS
,,GEN-SW,Notice Of Non-Compliance,10/1/19,,0,METAL AND BROKEN CONCRETE ABC OBSERVED AT HOWARD TS
,,GEN-SW,Notice Of Non-Compliance,10/1/19,,0,METAL OBSERVED AT HOWARD TS
,,GEN-SW,Notice Of Non-Compliance,10/1/19,,0,CARDBOARD OBSERVED AT THE HOWARD TS
,,GEN-SW,Notice Of Non-Compliance,10/1/19,,0,METAL AND WOOD (BRUSH) OBSERVED AT THE HOWARD TS
,,GEN-SW,Notice Of Non-Compliance,9/30/19,,0,OBSERVED AT CASELLA TRANSFER STATION IN HOLYOKE ON 9/13/2019 A LOAD WITH WASTE BAN MATERIALS (CARDBOARD & ROUND NECK PLASTIC CONTAINERS) DELIVERED BY USA WASTE TRUCK #196 ORGINATING FROM ENVIRONMENTAL INTEGRITY CO LLC.
,,GEN-SW,Notice Of Non-Compliance,9/23/19,,0,COMMERCIAL ORGANIC MATERIAL WASTE BAN INSPECTION ON 5/28/19 AT HOWARD TRANSFER STATION.
,,GEN-SW,Notice Of Non-Compliance,9/23/19,,0,9/4/19 FALL RIVER TS CARDBOARD
,,GEN-SW,Notice Of Non-Compliance,9/23/19,,0,9/4/19 FALL RIVER TS CARDBOARD
,,GEN-SW,Notice Of Non-Compliance,9/23/19,,0,9/4/19 FALL RIVER TS CARDBOARD
,,HAULER,Notice Of Non-Compliance,3/13/17,,0,OBSERVED 2/24/2017 AT DEDHAM TRANSFER STATION
,,HAULER,Notice Of Non-Compliance,7/23/21,,0,OBS AT HOWARD TS 6/24/21. CARDBOARD AND WOOD.
,,GEN-SW,Notice Of Non-Compliance,9/19/19,,0,CARDBOARD OBSERVED AT SUAGUS WHEELABRATOR
,,GEN-SW,Notice Of Non-Compliance,9/9/19,,0,CARDBOARD 5/28/19 WASTE BAN INSPECTION AT HOWARD TRANSFER STATION
,,HAULER,Notice Of Non-Compliance,9/13/18,,0,OBESRVED CARDBOARD & CRT 9/5/2018 AT DEVENS RECYCLING
,,GEN-SW,"Administrative Consent Order, With Penalty",9/5/19,,1892,WASTE BAN HLE FOR RECYCLABLE PAPER (CARDBOARD) OBSERVED BY CERO AND BOS
,,HAULER,Notice Of Non-Compliance,3/13/17,,0,OBESRVED 1/6/2017 AT DEDHAM TRANSFER STATION 210299
,,GEN-SW,Notice Of Non-Compliance,9/4/19,,0,CARDBOARD DISPOSED OF AT HOWARD TS 8/21/19 RTC EMAILED TO STEVE MOCCIA
,,HAULER,Notice Of Non-Compliance,9/5/19,,0,NON-RESPONSE TO INFORMATION REQUEST.
,,GEN-SW,Notice Of Non-Compliance,9/3/19,,0,8/13/2019 OBSERVED RECYCLABLE PAPER (CARDBOARD) AT COVANTA HAVERHILL INC 7014 1200 0001 3169 5622
,,GEN-SW,Notice Of Non-Compliance,8/28/19,,0,FROM WASTE BAN INSPECTION AT HOWARD TRANSFER STATION 5/28/19
,,GEN-SW,Notice Of Non-Compliance,8/28/19,,0,CARDBOARD WASTE BAN INSPECTION 12/20/18 AT HOWARD TRANSFER STATION. REPUBLIC SERVICES REPORTED CUSTOMER LOCATED AT ASSEMBLY ROW. ENTITY IS A WASTE BROKER. ENTITY DID NOT RESPOND TO DEP OUTREACH TO MORE SPECIFICALLY IDENTIFY THE GENERATOR.
,,GEN-SW,Notice Of Non-Compliance,8/26/19,,0,OBSERVED CARDBOARD 7/26/2019 AT EL HARVEY HAULED BY JE TULLY
,,GEN-SW,Notice Of Non-Compliance,8/26/19,,0,"OBSERVED CARDBOARD ON AUGUST 9, 2019 AT THE LEOMINSTER TRANSFER STATION DELIVERED BY WASTE MANAGEMENT."
,,GEN-SW,Notice Of Non-Compliance,8/26/19,,0,OBSERVED CARDBOARD 7/24/2019 FROM BOCH HONDA NORWOOD AT/BY EL HARVEY
,,GEN-SW,Notice Of Non-Compliance,8/26/19,,0,"OBSERVED CARDBOARD ON JULY 24, 2019 AT THE EL HARVEY TRANSFER STATION DELIVERED BY EL HARVEY & SONS"
,,GEN-SW,Notice Of Non-Compliance,8/26/19,,0,"OBSERVED CARDBOARD (25% BY VOLUME) AND RECYCLABLE ALUMINUM CANS (50% BY VOLUME) ON JULY 19, 2019 AT WHEELABRATOR MILLBURY DELIVERED BY JRM HAULING & RECYCLING."
,,GEN-SW,Notice Of Non-Compliance,8/26/19,,0,OBSERVED 50% CARDBOARD 7/17/2019 AT HOLLISTON TS HAULED BY WELLESLEY TRUCKING
,,GEN-SW,Notice Of Non-Compliance,8/26/19,,0,"OBSERVED CARDBOARD ON JULY 26, 2019 AT THE HUDSON TRANSFER STATION DELIVERED BY BP TRUCKING"
,,GEN-SW,Notice Of Non-Compliance,8/26/19,,0,"OBSERVED CARDBOARD ON AUGUST 14, 2019 AT DEVENS RECYCLING CENTER DELIVERED BY REPUBLIC SERVICES"
,,GEN-SW,Notice Of Non-Compliance,8/26/19,,0,NON FOR FAILURE TO RESPOND TO 310 CMR 19.007(3)&(4) REQUEST FOR INFORMATION
,,GEN-SW,Notice Of Non-Compliance,8/26/19,,0,"OBSERVED CARDBOARD AND COMMERCIAL ORGANICS (FOOD) WASTE ON JULY 19, 2019 AT WHEELABRATOR NORTH ANDOVER DELIVERED BY CHARLES GEORGE TRUCKING"
,,GEN-SW,Notice Of Non-Compliance,8/26/19,,0,"OBSERVED CARDBOARD AND PAPER ON JULY 17, 2019 AT THE HOLLISTON TRANSFER STATION DELIVERED BY EOMS."
,,GEN-SW,Notice Of Non-Compliance,8/26/19,,0,"OBSERVED CARDBOARD ON JULY 26, 2019 AT THE HUDSON TRANSFER STATION DELIVERED BY BP TRUCKING."
,,GEN-SW,Notice Of Non-Compliance,8/26/19,,0,"OBSERVED CARDBOARD ON JULY 17, 2019 AT THE HOLLISTON TRANSFER STATION"
,,GEN-SW,Notice Of Non-Compliance,8/26/19,,0,"OBSERVED CARBOARD AND COMMERCIAL ORGANICS (FOOD WASTE) ON JULY 19, 2019 AT WHEELABRATOR NORTH ANDOVER DELIVERED BY WASTE MANAGEMENT"
,,GEN-SW,Notice Of Non-Compliance,8/26/19,,0,"OBSERVED CARDBOARD ON JULY 26, 2019 AT THE HUDSON TRANSFER STATION DELIVERED BY BP TRUCKING"
,,GEN-SW,Notice Of Non-Compliance,8/26/19,,0,"OBSERVED CARDBOARD ON JULY 17, 2019 AT HOLLISTON TRANSFER STATION DELIVERED BY LAWRENCE WASTE"
,,GEN-SW,Notice Of Non-Compliance,8/26/19,,0,OBSERVED CARDBOARD 7/31/2019 AT OXFORD TS HAULED BY PRATT
,,GEN-SW,Notice Of Non-Compliance,8/26/19,,0,"OBSERVED CARDBOARD ON JULY 19, 2019 AT WHEELABRATOR NORTH ANDOVER DELIVERED BY JRM HAULING & RECYCLING."
,,GEN-SW,Notice Of Non-Compliance,8/26/19,,0,OBSERVED CARDBOARD ETC 7/19/2019 AT WHEELABRATOR NORTH ANDOVER HAULED BY EL HARVEY
,,GEN-SW,Notice Of Non-Compliance,8/26/19,,0,OBSERVED CARDBOARD & FOOD 4/19/2019 AT COVANTA HAVERHILL HAULED BY CASELLA
,,HAULER,Notice Of Non-Compliance,7/19/19,,0,NON FOR FAILURE TO RESPOND TO FORMAL INFORMATION REQUEST UNDER 310 CMR 19.007(3) AND 310 CMR 19.007(4)
,,GEN-SW,Notice Of Non-Compliance,8/23/19,,0,CARDBOARD AT RAYNHAM TRANSFER STATION RTC 9/4/19
,,GEN-SW,Notice Of Non-Compliance,8/23/19,,0,CARDBOARD HAULED BY REPRUBLIC OBSERVED AT BRAINTREE TS
,,GEN-SW,Notice Of Non-Compliance,8/21/19,,0,CARDBOARD AND FOOD WASTE OBSERVED AT THE TAUNTON TRANSFER STATION. RTC LETTER- OCC DUMPERST AND FOOD WASTE SENT TO WM CORE FACILITY
,,GEN-SW,Notice Of Non-Compliance,8/21/19,,0,CARDBOARD AND WOOD OBSERVED AT THE TAUNTON LANDFILL
,,GEN-SW,Notice Of Non-Compliance,8/16/19,,0,"LOAD OBSERVED AT BRAINTREE TS ON 8/8/19, CARDBOARD AND FOOD WASTE NINO LAMBERT AND BP TRUCKING SENT LETTERS IN RESPONSE NON"
,,GEN-SW,Notice Of Non-Compliance,8/12/19,,0,"OBSERVED CARDBOARD AND WOOD ON JULY 3, 2019 AT AUBURN TRANSFER STATION DELIVERED BY CASELLA WASTE"
,,GEN-SW,Notice Of Non-Compliance,8/12/19,,0,"OBSERVED CARDBOARD ON JULY 3, 2019 AT AUBURN TRANSFER STATION DELIVERED BY CASELLA WASTE."
,,GEN-SW,Notice Of Non-Compliance,8/12/19,,0,OBSERVED CARDBOARD ON 07/12/2019 AT THE MELROSE TRANSFER STATION DELIVERED BY WASTE MANAGEMENT
,,GEN-SW,Notice Of Non-Compliance,8/9/19,,0,OBSERVED CARDBOARD DISPOSED OF AT SUAGUS WHEELABRATOR RTC 20-AUG-2019
,,GEN-SW,Notice Of Non-Compliance,8/5/19,,0,"OBSERVED ON 7/12/2019 AT MCNAMARA TRANSFER STATION IN SPRINGFIELD THAT WASTE DELIVERED FOR FOR DISPOSAL BY REPUBLIC SERVICES TRUCK #3015 INCLUDED WASTE (CLEAN WOOD) FROM JB HUNT IN WINDSOR LOCKS, CT."
,,GEN-SW,Notice Of Non-Compliance,8/5/19,,0,OBSERVED ON 7/12/2019 AT MCNAMARA TRANSFER STATION IN SPRINGFIELD THAT WASTE ORIGINATING FROM MAHAN SLATE DELIVERED FOR DISPOSAL BY REPUBLIC SERVICES CONTAINED BANNED MATERIALS (CLEAN WOOD).
,,GEN-SW,Notice Of Non-Compliance,8/2/19,,0,FAILURE TO RESPOND TO 310 CMR 19.007(3)/(4) INFORMATION REQUEST
,,GEN-SW,Notice Of Non-Compliance,8/2/19,,0,7/23/2019 OBSERVED RECYCLABLE PAPER (CARDBOARD) AND METAL AT FALL RIVER TS
,,GEN-SW,Notice Of Non-Compliance,8/2/19,,0,FAILURE TO RESPOND TO 310 CMR 19.007(3)/(4) INFORMATION REQUEST
,,GEN-SW,Notice Of Non-Compliance,8/2/19,,0,FAILURE TO RESPOND TO 310 CMR 19.007(3)/(4) INFORMATION REQUEST
,,GEN-SW,Notice Of Non-Compliance,8/2/19,,0,FAILURE TO RESPOND TO 310 CMR 19.007(3)/(4) INFORMATION REQUEST
,,GEN-SW,Notice Of Non-Compliance,8/2/19,,0,FAILURE TO RESPOND TO 310 CMR 19.007(3)/(4) INFORMATION REQUEST. RESPONDED 8/7/2019 VIA EMAIL
,,GEN-SW,Notice Of Non-Compliance,8/2/19,,0,FAILURE TO RESPOND TO 310 CMR 19.007(3)/(4) INFORMATION REQUEST
,,GEN-SW,Notice Of Non-Compliance,8/2/19,,0,FAILURE TO RESPOND TO 310 CMR 19.007 (3) AND (4) LETTER
,,GEN-SW,Notice Of Non-Compliance,8/2/19,,0,7/23/2019 OBSERVED RECYCLABLE PAPER (CARDBOARD) AT FALL RIVER TS
,,GEN-SW,Notice Of Non-Compliance,8/2/19,,0,7/23/2019 OBSERVED PLASTIC BOTTLES AT NEW BEDFORD WASTE SERVICES
,,GEN-SW,Notice Of Non-Compliance,7/29/19,,0,CARDBOARD AT HOWARD TRANSFER STATION NON-RTC 14-AUG-2019
,,HAULER,Notice Of Non-Compliance,5/11/16,,0,NON FOR CONTRACTING FOR MIXED CONTAINER SERVICE FOR SHAHEEN BROS AND FOODIES MARKET IN 2015.
,,GEN-SW,Notice Of Non-Compliance,7/19/19,,0,CARDBOARD
,,GEN-SW,Notice Of Non-Compliance,7/19/19,,0,CARDBOARD AND METAL WASTE BAN
,,GEN-SW,Notice Of Non-Compliance,7/15/19,,0,CARDBOARD
,,GEN-SW,Notice Of Non-Compliance,7/15/19,,0,CARDBOARD
,,GEN-SW,Notice Of Non-Compliance,7/15/19,,0,CARDBOARD AND WOOD
,,GEN-SW,Notice Of Non-Compliance,7/15/19,,0,"CARDBOARD, YARD WASTE, COMMERCIAL ORGANIC WASTE"
,,GEN-SW,Notice Of Non-Compliance,7/15/19,,0,CARDBOARD
,,GEN-SW,Notice Of Non-Compliance,7/15/19,,0,"CARDBOARD, YARD WASTE, COMMERCIAL ORGANIC MATERIAL"
,,GEN-SW,Notice Of Non-Compliance,7/15/19,,0,CARDBOARD
,,GEN-SW,Notice Of Non-Compliance,7/15/19,,0,CARDBOARD
,,GEN-SW,Notice Of Non-Compliance,7/15/19,,0,CARDBOARD
,,GEN-SW,Notice Of Non-Compliance,7/15/19,,0,CARDBOARD
,,GEN-SW,Notice Of Non-Compliance,7/15/19,,0,CARDBOARD AND COMMERCIAL ORGANIC MATERIAL
,,GEN-SW,Notice Of Non-Compliance,7/12/19,,0,WHITE GOODS (AC UNITS) OBSRVED AT BRAINTREE TRANSFER STATION. RESPONDED TO NON AFTER 30 DAYS.
,,GEN-SW,Notice Of Non-Compliance,7/11/19,,0,CARDBOARD
,,GEN-SW,Notice Of Non-Compliance,7/11/19,,0,CARDBOARD
,,GEN-SW,Notice Of Non-Compliance,7/11/19,,0,CARDBOARD
,,GEN-SW,Notice Of Non-Compliance,7/11/19,,0,CARDBOARD AND COMMERCIAL ORGANIC MATERIAL
,,GEN-SW,Notice Of Non-Compliance,7/11/19,,0,CARDBOARD
,,GEN-SW,Notice Of Non-Compliance,7/11/19,,0,CARDBOARD
,,GEN-SW,"Administrative Consent Order, With Penalty",7/11/19,,3000,"GHWBAN ACOP FOR WASTE BAN VIOLATIONS (OCC, METAL CONTAINERS, ORGANICS)"
,,GEN-SW,Notice Of Non-Compliance,7/11/19,,0,CARDBOARD AND COMMERCIAL ORGANIC MATERIAL
,,GEN-SW,Notice Of Non-Compliance,7/11/19,,0,CARDBOARD
,,GEN-SW,Notice Of Non-Compliance,7/11/19,,0,CARDBOARD AND COMMERCIAL ORGANIC WASTE
,,GEN-SW,Notice Of Non-Compliance,7/11/19,,0,CARDBOARD
,,GEN-SW,Notice Of Non-Compliance,7/11/19,,0,CARDBOARD
,,GEN-SW,Notice Of Non-Compliance,7/11/19,,0,CARDBOARD
,,GEN-SW,Notice Of Non-Compliance,7/11/19,,0,CARDBOARD AND COMMERCIAL ORGANIC MATERIAL
,,GEN-SW,Notice Of Non-Compliance,7/11/19,,0,CARDBOARD
,,GEN-SW,Notice Of Non-Compliance,7/11/19,,0,CARDBOARD
,,GEN-SW,Notice Of Non-Compliance,7/11/19,,0,CARDBOARD
,,GEN-SW,Notice Of Non-Compliance,7/11/19,,0,CARDBOARD AND COMMERCIAL ORGANIC WASTE
,,GEN-SW,Notice Of Non-Compliance,7/11/19,,0,CARDBOARD AND A WHITE GOOD (REFRIGERATOR)
,,GEN-SW,Notice Of Non-Compliance,7/11/19,,0,CARDBOARD
,,GEN-SW,"Administrative Consent Order, With Penalty",7/9/19,,2000,12/10/2018 OBSERVED RECYCLABLE PAPER (CARDBOARD) AT WHEELABRATOR SAUGUS AND PREVIOUS NONS
,,GEN-SW,"Administrative Consent Order, With Penalty",7/9/19,,946,"GHWBAN VIOLATIONS OBSERVED AT WHEELABRATOR SAUGUS ON 5/6/19 FROM: STAR MARKET #3561 33 AUSTIN STREET NEWTONVILLE, MA 02460 FMF# 535609	 STAR MARKET #645 1 BOYLSTON STREET CHESTNUT HILL, MA 02467 FMF# 451327"
,,GEN-SW,Notice Of Non-Compliance,7/7/19,,0,RECYCLABLE PAPER (CARDBOARD) OBSERVED AT BRAINTREE TRANSFER STATION NON-RTC 13-AUG-2019
,,GEN-SW,Notice Of Non-Compliance,7/2/19,,0,OBSERVED ON 6/24/2019 AT THE CASELLA TRANSFER STATION IN HOLYOKE THAT WASTE DELIVERED FOR DISPOSAL BY WASTE MANAGEMENT TRUCK # 414959 ORIGINATING FROM SEALED AIR. THE LOAD CONTAINED THE FOLLOWING WASTE BANNED MATERIAL(S): CARDBOARD.
,,GEN-SW,Notice Of Non-Compliance,7/1/19,,0,OBSERVED ON 6/24/2019 AT THE CASELLA TRANSFER STATION IN HOLYOKE THAT WASTE DELIVERED FOR DISPOSAL BY WASTE MANAGEMENT TRUCK # 414959 ORIGINATING FROM CRS THE LOAD CONTAINED THE FOLLOWING WASTE BANNED MATERIAL(S): CARDBOARD.
,,GEN-SW,Notice Of Non-Compliance,6/30/19,,0,CARDBOARD
,,GEN-SW,"Administrative Consent Order, With Penalty",6/28/19,,1000,12/10/2018 OBSERVED RECYCLABLE PAPER (CARDBOARD) AT WHEELABRATOR SAUGUS. PRIOR ENF 2014 NON 2017 ACOP | EXCUTED 28-JUN-2019
,,GEN-SW,Notice Of Non-Compliance,6/25/19,,0,"WASTE BAN VIOLATION OBSERVED ON 5/31/2019 AT COMMUNITY ECO POWER SPRINGFIELD LLC IN AGAWAM. WASTE MANAGEMENT TRUCK # 127 LOAD CONTAINED CARDBOARD, SINGLE POLYMER PLASTIC CONTAINERS, AND YARD WASTE."
,,GEN-SW,Notice Of Non-Compliance,6/24/19,,0,SOLID WASTE LOAD ORIGINATING FROM LAKESIDE ORGANIC OF HADLEY LLC WAS DELIVERED BY USA RECYCLE TRUCK #183 TO VALLEY RECYCLING IN NORTHAMPTON ON 6/18/2019. THE LOAD CONTAINED ORGANIC FOOD WASTE AND RECYCLABLE PAPER (CARDBOARD).
,,GEN-SW,"Administrative Consent Order, With Penalty",6/20/19,,1720,ACOP FOR LOAD OBSERVED AT EL HARVEY TRANSFER STATION IN FITCHBURG. WASTE BAN ITEM RECYCLABLE PAPER (CARDBOARD). $1720 PENALTY DUE 8/5/19
,,GEN-SW,Notice Of Non-Compliance,6/10/19,,0,WASTE BAN VIOLATION OBSERVED ON 5/31/2019 AT COMMUNITY ECO SPRINGFIELD LLC IN SPRINGFIELD. LOAD DELIVERED BY WASTE MANAGEMENT TRUCK #127 CONTAINED COMMERCIAL ORGANIC MATERIAL (FOOD WASTE) AND PLASTIC AND METAL CONTAINERS.
,,GEN-SW,Notice Of Non-Compliance,6/3/19,,0,"BOTTLES AND CANS, MIXED PAPER, CARDBOARD, GLASS, AND YARD WASTE"
,,GEN-SW,Notice Of Non-Compliance,6/3/19,,0,CARDBOARD
,,GEN-SW,Notice Of Non-Compliance,6/3/19,,0,CARDBOARD
,,GEN-SW,Notice Of Non-Compliance,6/3/19,,0,CARDBOARD
,,GEN-SW,Notice Of Non-Compliance,6/3/19,,0,CARDBOARD
,,GEN-SW,Notice Of Non-Compliance,6/3/19,,0,CARDBOARD
,,GEN-SW,Notice Of Non-Compliance,6/3/19,,0,CARDBOARD
,,GEN-SW,Notice Of Non-Compliance,6/3/19,,0,CARDBOARD
,,GEN-SW,Notice Of Non-Compliance,6/3/19,,0,CARDBOARD AND COMMERCIAL ORGANICS
,,GEN-SW,Notice Of Non-Compliance,6/3/19,,0,CARDBOARD
,,GEN-SW,Notice Of Non-Compliance,6/3/19,,0,CARDBOARD
,,GEN-SW,Notice Of Non-Compliance,6/3/19,,0,CARDBOARD
,,GEN-SW,Notice Of Non-Compliance,6/3/19,,0,CARDBOARD AND COMMERCIAL ORGANIC MATERIAL
,,GEN-SW,Notice Of Non-Compliance,6/3/19,,0,CARDBOARD
,,GEN-SW,Notice Of Non-Compliance,6/3/19,,0,CARDBOARD
,,GEN-SW,Notice Of Non-Compliance,6/3/19,,0,CARDBOARD
,,GEN-SW,Notice Of Non-Compliance,6/3/19,,0,"COMMERCIAL ORGANICS, METAL CANS, CARDBOARD"
,,GEN-SW,Notice Of Non-Compliance,6/3/19,,0,CARDBOARD
,,GEN-SW,Notice Of Non-Compliance,6/3/19,,0,CARDBOARD
,,GEN-SW,Notice Of Non-Compliance,5/24/19,,0,5/6/2019 OBSERVED RECYCLABLE PAPER (CARDBOARD) AT WHEELABRATOR SAUGUS
,,GEN-SW,Notice Of Non-Compliance,5/24/19,,0,5/6/2019 OBSERVED RECYCLABLE PAPER (CARDBOARD) AT WHEELABRATOR SAUGUS
,,GEN-SW,Notice Of Non-Compliance,5/24/19,,0,5/6/2019 OBSERVED RECYCLABLE PAPER (CARDBOARD) AT WHEELABRATOR SAUGUS. RTC 6-20-19 ADD CARDBOARD DUMPSTER
,,GEN-SW,Notice Of Non-Compliance,5/14/19,,0,WASTE BAN LOAD (RECYCLABLE PAPER (CARDBOARD) & 1 CRT TV) ORIGINATING FROM CARDINAL HEALTH (KPR US LLC) DELIVERED ON 4/25/2019 BY NORTHSTAR (TRUCK # 13) TO MCNAMARA TRANSFER STATION IN SPRINGFIELD.
,,GEN-SW,Notice Of Non-Compliance,5/7/19,,0,"HOLLISTON TRANSFER STATION OCC APRIL 4, 2019 CARDBOARD"
,,GEN-SW,Notice Of Non-Compliance,5/7/19,,0,
,,GEN-SW,Notice Of Non-Compliance,5/7/19,,0,CARDBOARD
,,GEN-SW,"Administrative Consent Order, With Penalty",5/6/19,,1860,WASTE BAN ACOP
,,GEN-SW,"Administrative Consent Order, With Penalty",5/6/19,,2580,WASTE BAN VIOLATION FOOD CARDBOARD
,,GEN-SW,Notice Of Non-Compliance,4/29/19,,0,"OBSERVED ON 4/10/19 AT WESTERN RECYCLING FACILITY IN WILBRAHAM TWO TRUCKLOADS OF WASTE DELIVERED FOR DISPOSAL BY USA WASTE TRUCK #182 INCLUDED WASTE & RECYCLABLE MATERIALS ORIGINATING FROM BIG Y FOODS INC, 2145 ROOSEVELT AVENUE, SPRINGFIELD"
,,GEN-SW,Notice Of Non-Compliance,4/29/19,,0,"OBSERVED ON 4/12/19 AT THE CASELLA TRANSFER STATION IN HOLYOKE THAT WASTE DELIVERED FOR DISPOSAL BY USA WASTE TRUCK #196, INCLUDED WASTE AND RECYCLABLE MATERIALS ORIGINATING FROM TEDDY BEAR POOLS INC, 41 EAST STREET, CHICOPEE. CARDBOARD"
,,GEN-SW,Notice Of Non-Compliance,4/25/19,,0,WASTE BAN INSPECTION AT HOWARD TRANSFER STATION CARDBOARD
,,GEN-SW,Notice Of Non-Compliance,4/25/19,,0,WASTE BAN INSPECTION AT HOWARD TRANSFER STATION CARDBOARD
,,GEN-SW,Notice Of Non-Compliance,4/3/19,,0,12/10/2018 OBSERVED RECYCLABLE PAPER (CARDBOARD) AT WHEELABRATOR SAUGUS WTE FACILITY
,,GEN-SW,Notice Of Non-Compliance,4/3/19,,0,12/10/2018 OBSERVED RECYCLABLE PAPER (CARDBOARD) AT WHEELABRATOR SAUGUS WTE FACILITY
,,GEN-SW,Notice Of Non-Compliance,4/2/19,,0,"VIOLATION OBSERVED AT E.L. HARVEY TRANSFER STATION ON MARCH 13, 2019."
,,GEN-SW,Notice Of Non-Compliance,4/2/19,,0,3/13/2019 OBSERVED CARDBOARD AT/BY ELHARVEY
,,GEN-SW,Notice Of Non-Compliance,4/2/19,,0,3/20/2019 OBSERVED CARDBOARD AT WHEELABRATOR NORTH ANDOVER HAULED BY CHARLES GEORGE
,,GEN-SW,Notice Of Non-Compliance,4/2/19,,0,3/7/2019 OBSERVED 35% CARDBOARD AT POST RD TS HAULED BY WASTE MGMT
,,GEN-SW,Notice Of Non-Compliance,4/2/19,,0,3/20/2019 OBSERVED CARDBOARD AT WHEELABRATOR NORTH ANDOVER HAULED BY G MELLO
,,GEN-SW,Notice Of Non-Compliance,4/2/19,,0,3/21/2019 OBSERVED CARDBOARD AT MELROSE TS HAULED BY WASTE MGMT
,,GEN-SW,Notice Of Non-Compliance,4/2/19,,0,3/7/2019 OBSERVED 50% CARDBOARD AT POST RD TS HAULED BY WASTE MGMT
,,GEN-SW,Notice Of Non-Compliance,4/2/19,,0,3/15/2019 OBSERVED CARDBOARD AT PEABODY TS HAULED BY CASELLA
,,GEN-SW,Notice Of Non-Compliance,4/2/19,,0,3/13/2019 OBSERVED CARDBOARD AT/BY EL HARVEY
,,GEN-SW,Notice Of Non-Compliance,4/2/19,,0,3/15/2019 OBSERVED CARDBOARD AT PEABODY TS HAULED BY REPUBLIC
,,GEN-SW,Notice Of Non-Compliance,4/2/19,,0,3/15/2019 OBSERVED CARDBOARD AT PEABODY TS HAULED BY CASELLA
,,GEN-SW,Notice Of Non-Compliance,4/2/19,,0,"VIOLATION OBSERVED AT WHEELABRATOR MILLBURY ON MARCH 28, 2019. RESOLVED WITH ACOP-BO-00008020"
,,GEN-SW,Notice Of Non-Compliance,4/2/19,,0,3/20/2019 OBSERVED CARDBOARD AT WHEELABRATOR NORTH ANDOVER HAULED BY CHARLES GEORGE
,,GEN-SW,Notice Of Non-Compliance,3/29/19,,0,NON FOR DISPOSAL OF CARDBOARD AND A WHITE GOOD (WATER HEATER)
,,GEN-SW,Notice Of Non-Compliance,3/26/19,,0,2/15/2019 OBSERVED 80% CARDBOARD AT PEABODY TS HAULED BY REPUBLIC
,,GEN-SW,Notice Of Non-Compliance,3/20/19,,0,"WASTE BAN GENERATOR NON FOR DISPOSAL OF FOOD MATERIAL, CARDBOARD, AND BOTTLES"
,,GEN-SW,Notice Of Non-Compliance,3/20/19,,0,2/27/2019 OBSERVED CARDBOARD AT COVANTA HAVERHILL HAULED BY CASELLA
,,GEN-SW,Notice Of Non-Compliance,3/19/19,,0,3/1/2019 OBSERVED CARDBOARD AT HOLLISTON TS HAUELD BY BARRY BROS
,,GEN-SW,Notice Of Non-Compliance,3/19/19,,0,3/1/2019 OBSERVED CARDBOARD AT HOLLISTON TS HAULED BY WELLESLEY TRUCKING
,,GEN-SW,Notice Of Non-Compliance,3/19/19,,0,"VIOLATION OCCURED AT COVANTA HAVERHILL ON FEBRUARY 27, 2019."
,,GEN-SW,Notice Of Non-Compliance,3/19/19,,0,2/15/2019 OBSERVED CARDBOARD AT PEABODY TS HAULED BY CHARLES GEORGE
,,GEN-SW,Notice Of Non-Compliance,3/19/19,,0,3/1/2019 OBSERVED CARDBOARD AT HOLLISTON TS HAULED BY BARRY BROS
,,GEN-SW,Notice Of Non-Compliance,3/19/19,,0,3/1/2019 OBSERVED CARDBOARD AT HOLLISTON TS HAULED BY BARRY BROS
,,GEN-SW,Notice Of Non-Compliance,3/19/19,,0,2/22/2019 OBSERVED 60-70% CARDBOARD AT MELROSE TS HAULED BY WASTE MGMT
,,GEN-SW,Notice Of Non-Compliance,3/19/19,,0,OBSERVED CARDBOARD AT HOLLISTON TS HAULED BY BARRY BROS
,,GEN-SW,Notice Of Non-Compliance,3/19/19,,0,2/27/2019 OBSERVED CARDBOARD AT COVANTA HAVERHILL HAULED BY CASELLA
,,GEN-SW,Notice Of Non-Compliance,3/19/19,,0,3/6/2019 OBSERVED CARDBOARD AT AUBURN TS HAULED BY REPUBLIC
,,GEN-SW,Notice Of Non-Compliance,3/19/19,,0,3/1/2019 OBSERVED CARDBOARD AT HOLLISTON TS HAULED BY ORIFICE
,,GEN-SW,Notice Of Non-Compliance,3/19/19,,0,2/22/2019 OBSERVED CARDBOARD AT MELROSE TS HAULED BY WASTE MGMT
,,GEN-SW,Notice Of Non-Compliance,3/19/19,,0,3/1/2019 OBSERVED CARDBOARD AT HOLLISTON TS HAULED BY ORIFICE
,,GEN-SW,Notice Of Non-Compliance,3/19/19,,0,2/15/2019 OBSERVED CARDBOARD AT PEABODY TS HAULED BY REPUBLIC
,,GEN-SW,Notice Of Non-Compliance,3/19/19,,0,2/15/2019 OBSERVED CARDBOARD AT PEABODY TS HAULED BY REPUBLIC
,,GEN-SW,Notice Of Non-Compliance,3/19/19,,0,2/27/2019 OBSERVED CARDBOARD AT COVANTA HAVERHILL HAULED BY REPUBLIC
,,GEN-SW,Notice Of Non-Compliance,3/19/19,,0,2/22/2019 OBSERVED CARDBOARD AT DEDHAM TS HAULED BY REPUBLIC
,,GEN-SW,Notice Of Non-Compliance,3/19/19,,0,3/1/2019 OBSERVED CARDBOARD & DISHWASHER AT HOLLISTON TS HAULED BY REPUBLIC
,,GEN-SW,Notice Of Non-Compliance,3/19/19,,0,"2/27/2019 OBSERVED BOTTLES, CANS, FOOD AT COVANTA HAVERHILL HAULED BY CASELLA"
,,GEN-SW,Notice Of Non-Compliance,3/18/19,,0,2/14/2019 OBSERVED CARDBOARD AT PEABODY TS HAULED BY REPUBLIC
,,GEN-SW,Notice Of Non-Compliance,3/18/19,,0,2/14/2019 OBSERVED CARDBOARD AT HUDSON TS HAULED BY BP TRUCKING
,,HAULER,"Administrative Consent Order, With Penalty",6/18/20,,3000,"MIXING OF RECYCLING, MULTIPLE FAILED LOADS, VIDEO OF PACKER MIXING RECYCLING AND TRASH"
,,GEN-SW,Notice Of Non-Compliance,3/18/19,,0,2/14/2019 OBSERVED CARDBOARD AT HUDSON TS HAULED BY BP TRUCKING
,,GEN-SW,Notice Of Non-Compliance,3/18/19,,0,2/5/2019 OBSERVED CARDBOARD AT WHEELABRATOR NORTH ANDOVER HAULED BY EL HARVEY
,,GEN-SW,Notice Of Non-Compliance,3/18/19,,0,2/14/2019 OBSERVED CARDBOARD/BOTTLES/CONTAINERS AT HUDSON TS HAULED BY BP TRUCKING
,,GEN-SW,Notice Of Non-Compliance,3/18/19,,0,2/5/2019 OBSERVED CARDBOARD AT WHEEERATOR NORTH ANDOVER HAULED BY JRM
,,GEN-SW,Notice Of Non-Compliance,3/18/19,,0,2/14/2019 OBSERVED CARDBOARD FROM HUDSON SUBWAY AT HUDSON TS HAULED BY BP TRUCKING
,,GEN-SW,"Administrative Consent Order, With Penalty",3/7/19,,17000,WASTE BAN VIOLATION - MULTIPLE LOCATIONS ACROSS THE COMMONWEALTH. ISSUED AT THE CORPORATE LEVEL.
,,HAULER,Notice Of Non-Compliance,1/13/20,,0,"INSPECTION AT WHEELABRATOR NORTH ANDOVER ON DECEMBER 4, 2019. CARDBOARD, FOOD WASTE, PLASTIC BOTTLES"
,,GEN-SW,Notice Of Non-Compliance,2/15/19,,0,WASTE BAN AT NORTHAMPTON EASTHAMPTON ROAD TRANSFER STATION IN NORTHAMPTON. RECYCLABLE PAPER (CARDBOARD).
,,GEN-SW,Notice Of Non-Compliance,2/7/19,,0,1/25/2019 OBSERVED 65-70% CARDBOARD AT MELROSE TS HAULED BY WASTE MGMT
,,HAULER,Notice Of Non-Compliance,3/31/17,,0,GYPSUM OBSERVED 3/8/2017 AT AKS RECYCLING
,,GEN-SW,Notice Of Non-Compliance,2/6/19,,0,1/23/2019 OBSERVED 80% CARDBOARD AT DEVENS RECYCLING HAULED BY REPUBLIC
,,HAULER,Notice Of Non-Compliance,6/20/17,,0,"FRADES DELIVECED TWO C&D LOADS TO CRAPO HILL LANDFILL: WASTE BAN VIOLATIONS: WOOD, CLEAN GYPSUM WALLBOARD, CARDBOARD, 3 CRT'S"
,,GEN-SW,Notice Of Non-Compliance,2/4/19,,0,12/10/2018 OBSERVED RECYCLABLE PAPER (CARDBOARD) AT WHEELABRATOR SAUGUS
,,GEN-SW,Notice Of Non-Compliance,1/30/19,,0,SOLID WASTE ROLLOFF BOX CONTAINING WASTE MELAMINE RESIN IN TOTERS FROM SUDDEKOR LLC FACILITY WAS DELIVERED TO THE CHICOPEE LANDFILL AT 161 NEW LOMBARD ROAD IN CHICOPEE. WHITE LIQUID WAS OBSERVED LEAKING FROM ROLLOFF BOX.
,,GEN-SW,Notice Of Non-Compliance,1/30/19,,0,12/10/2018 OBSERVED RECYCLABLE PAPER (CARDBOARD) AT WHEELABRATOR SAUGUS
,,GEN-SW,Notice Of Non-Compliance,1/30/19,,0,12/10/2018 OBSERVED RECYCLABLE PAPER (CARDBOARD) AT WHEELABRATOR SAUGUS
,,GEN-SW,Notice Of Non-Compliance,1/30/19,,0,12/10/2018 OBSERVED RECYCLABLE PAPER (CARDBOARD) AT WHEELABRATOR SAUGUS
,,GEN-SW,Notice Of Non-Compliance,1/28/19,,0,12/20/2018 OBSERVED CARDBOARD AT WHEELABRATOR NORTH ANDOVER HAULED BY JRM
,,GEN-SW,Notice Of Non-Compliance,1/28/19,,0,12/18/2018 OBSERVED CARDBOARD AT HOLLISTON TS HAULED BY LAWRENCE WASTE SERVICES
,,GEN-SW,Notice Of Non-Compliance,1/28/19,,0,12/18/2018 OBSERVED CARDBOARD AT HOLLISTON TS HAULED BY HA SANCOMB
,,GEN-SW,Notice Of Non-Compliance,1/28/19,,0,1/4/2019 OBSERVED CARDBOARD AT EL HARVEY TS HAULED BY EL HARVEY
,,GEN-SW,Notice Of Non-Compliance,1/28/19,,0,1/2/2019 OBSERVED CARDBOARD AT POST ROAD TS HAULED BY REPUBLIC
,,GEN-SW,Notice Of Non-Compliance,1/28/19,,0,1/4/2019 OBSERVED CARDBOARD AT EL HARVEY TS HAULED BY EL HARVEY
,,GEN-SW,Notice Of Non-Compliance,1/28/19,,0,1/8/2019 OBSERVED CARDBOARD AT COVANTA HAVERHILL HAULED BY PINARD
,,GEN-SW,Notice Of Non-Compliance,1/28/19,,0,12/31/2018 OBSERVED CARDBOARD AT AUBURN TS HAULED BY CASELLA
,,GEN-SW,Notice Of Non-Compliance,1/28/19,,0,12/16/2019 OBSERVED CARDBOARD AT HOLLISTON TS HAULED BY BARRY BROS
,,GEN-SW,Notice Of Non-Compliance,1/28/19,,0,1/16/2019 OBSERVED 70% CARDBOARD AT HOLLISTON TS HAULED BY ALL STATE WASTE
,,GEN-SW,Notice Of Non-Compliance,1/28/19,,0,11/30/2018 OBSERVED CARDBOARD AT DEDHAM TS HAULED BY JRM
,,GEN-SW,Notice Of Non-Compliance,1/28/19,,0,12/18/2018 OBSERVED CARDBOARD AT HOLLISTON TS HAULED BY CASELLA
,,GEN-SW,Notice Of Non-Compliance,1/28/19,,0,12/31/2018 OBSERVED 65% CARDBOARD AT AUBURN TS HAULED BY CASELLA
,,GEN-SW,Notice Of Non-Compliance,1/28/19,,0,1/10/2019 OBSERVED CARDBOARD AND FOOD AT PEABODY WOOD TS HAULED BY CASELLA
,,GEN-SW,Notice Of Non-Compliance,1/28/19,,0,1/8/2019 OBSERVED CARDBOARD AT COVANTA HAVERHILL HAULED BY PINARD
,,GEN-SW,Notice Of Non-Compliance,1/28/19,,0,1/4/2019 OBSERVED CARDBOARD AT EL HARVEY TS HAULED BY REPUBLIC
,,GEN-SW,Notice Of Non-Compliance,1/28/19,,0,12/18/2018 OBSERVED CARDBOARD AT HOLLISTON TS HAULED BY WELLESLEY TRUCKING
,,GEN-SW,Notice Of Non-Compliance,1/28/19,,0,12/18/2018 OBSERVED CARDBOARD AT HOLLISTON TS HAULED BY LAWRENCE WASTE SERVICES
,,GEN-SW,Notice Of Non-Compliance,1/28/19,,0,1/11/2019 OBSERVED CARDBOARD AT HARVEY OF FITCHBURG HAULED BY JE TULLY
,,GEN-SW,Notice Of Non-Compliance,1/28/19,,0,12/31/2018 OBSERVED CARDBOARD AT AUBURN TS HAULED BY SERVICE PLUS
,,GEN-SW,Notice Of Non-Compliance,1/28/19,,0,1/8/2019 OBSERVED CARDBOARD AT COVANTA HAVERHILL HAULED BY PINARD
,,GEN-SW,Notice Of Non-Compliance,1/28/19,,0,12/18/2018 OBSERVED CARDBOARD AT HOLLISTON TS HAULED BY LAWRENCE WASE SERVICES
,,GEN-SW,Notice Of Non-Compliance,1/28/19,,0,12/31/2018 OBSERVED CARDBOARD AT AUBURN TS HAULED BY CASELLA
,,GEN-SW,Notice Of Non-Compliance,1/28/19,,0,1/10/2019 OBSERVED CARDBOARD AT PEABODY WOOD TS HAULED BY REPUBLIC
,,GEN-SW,Notice Of Non-Compliance,1/28/19,,0,12/20/2018 OBSERVED CARDBOARD AT WHEELABRATOR NORTH ANDOVER HAULED BY BAY STATE
,,GEN-SW,Notice Of Non-Compliance,1/14/19,,0,DISPOSAL OF CARDBOARD AT TAUNTON LANDFILL
,,GEN-SW,Notice Of Non-Compliance,1/14/19,,0,DISPOSAL OF CARDBOARD AT RAYNHAM TS
,,GEN-SW,Notice Of Non-Compliance,12/28/18,,0,OBSERVED CARDBOARD 11/6/2018 AT WHEELABRATOR NORTH ANDOVER HAULED BY EL HARVEY
,,GEN-SW,Notice Of Non-Compliance,12/28/18,,0,OBSERVED CARDBOARD 11/28/2018 AT/BY EL HARVEY
,,GEN-SW,Notice Of Non-Compliance,12/28/18,,0,OBSERVED CARDBOARD 11/21/2018 AT HOLLISTON TS HAULED BY REPUBLIC
,,GEN-SW,Notice Of Non-Compliance,12/28/18,,0,OBSERVED CARDBOARD 11/21/2018 AT HOLLISTON TS HAULED BY REPUBLIC
,,GEN-SW,Notice Of Non-Compliance,12/28/18,,0,OBSERVED CARDBOARD 11/6/2018 AT WHEELABRATOR NORTH ANDOVER HAULED BY WASTE MGMT
,,GEN-SW,Notice Of Non-Compliance,12/28/18,,0,OBSERVED CARDBOARD 11/6/2018 AT HOLLISTON TS HAULED BY CASELLA
,,GEN-SW,Notice Of Non-Compliance,12/28/18,,0,OBSERVED CARDBOARD 11/6/2018 AT WHEELABRATOR NORTH ANDOVER HAULED BY EL HARVEY
,,GEN-SW,Notice Of Non-Compliance,12/28/18,,0,OBSERVED 12/7/2018 AT PEABODY WOOD TS HAULED BY REPUBLIC
,,GEN-SW,Notice Of Non-Compliance,12/28/18,,0,OBSERVED 35-40% CARDBOARD 12/12/2018 AT DEVENS RECYCLING HAULED BY REPUBLIC
,,GEN-SW,Notice Of Non-Compliance,12/28/18,,0,OBSERVED CARDBOARD 11/28/2018 AT/BY EL HARVEY
,,GEN-SW,Notice Of Non-Compliance,12/28/18,,0,OBSERVED CARDBOARD 11/28/2018 AT/BY EL HARVEY
,,GEN-SW,Notice Of Non-Compliance,12/13/18,,0,WASTE BAN INSPECTION AT HOWARD TRANSFER STATION
,,GEN-SW,Notice Of Non-Compliance,12/13/18,,0,WASTE BAN INSPECTION AT HOWARD TRANSFER STATION
,,GEN-SW,Notice Of Non-Compliance,12/6/18,,0,11/16/2018 OBSERVED COMMERCIAL ORGANICS AT FALL RIVER TS
,,GEN-SW,Notice Of Non-Compliance,12/6/18,,0,"11/16/2018 OBSERVED RECYCLABLE PAPER (CARDBOARD AND OTHER RECYCLABLE PAPER) AT NEW BEDFORD WASTE SERVICES, LLC"
,,GEN-SW,Notice Of Non-Compliance,12/6/18,,0,10/24/2018 OBSERVED RECYCLABLE PAPER (CARDBOARD) AT WHEELABRATOR SAUGUS
,,GEN-SW,Notice Of Non-Compliance,12/6/18,,0,"10/24/2018 OBSERVED COMMERCIAL ORGANIC WASTE AT WHEELABRATOR SAUGUS. 4 VIOLATION LOADS, 1 EACH FROM FACID: 535623; 594237; 594242; 535606 CORPORATE NON ISSUED AGAINST 361817"
,,GEN-SW,Notice Of Non-Compliance,12/6/18,,0,"10/24/2018 OBSERVED COMMERCIAL ORGANIC WASTE AT WHEELABRATOR SAUGUS. 4 VIOLATION LOADS, 1 EACH FROM FACID: 535623; 594237; 594242; 535606 CORPORATE NON ISSUED AGAINST 361817"
,,GEN-SW,Notice Of Non-Compliance,12/6/18,,0,"10/24/2018 OBSERVED COMMERCIAL ORGANIC WASTE AT WHEELABRATOR SAUGUS. 4 VIOLATION LOADS, 1 EACH FROM FACID: 535623; 594237; 594242; 535606 CORPORATE NON ISSUED AGAINST 361817"
,,GEN-SW,Notice Of Non-Compliance,12/6/18,,0,"10/24/2018 OBSERVED COMMERCIAL ORGANIC WASTE AT WHEELABRATOR SAUGUS. 4 VIOLATION LOADS, 1 EACH FROM FACID: 535623; 594237; 594242; 535606 CORPORATE NON ISSUED AGAINST 361817"
,,GEN-SW,Notice Of Non-Compliance,12/6/18,,0,"10/24/2018 OBSERVED COMMERCIAL ORGANIC WASTE AT WHEELABRATOR SAUGUS. 4 VIOLATION LOADS, 1 EACH FROM FACID: 535623; 594237; 594242; 535606 CORPORATE NON ISSUED AGAINST 361817"
,,GEN-SW,Notice Of Non-Compliance,11/27/18,,0,10/24/2018 OBSERVED RECYCLABLE PAPER (CARDBOARD) AT WHEELABRATOR SAUGUS
,,GEN-SW,Notice Of Non-Compliance,11/27/18,,0,10/24/2018 OBSERVED RECYCLABLE PAPER (CARDBOARD) AT WHEELABRATOR SAUGUS
,,GEN-SW,Notice Of Non-Compliance,11/27/18,,0,"10/24/2018 OBSERVED WHITE GOOD (WATER COOLER), RECYCLABLE PAPER (CARDBOARD) AT WHEELABRATOR SAUGUS"
,,GEN-SW,Notice Of Non-Compliance,11/27/18,,0,7/27/2018 OBSERVED CARDBOARD AT BRAINTREE TS
,,GEN-SW,Notice Of Non-Compliance,11/27/18,,0,10/24/2018 OBSERVED RECYCLABLE PAPER (CARDBOARD) AT WHEELABRATOR SAUGUS
,,GEN-SW,Notice Of Non-Compliance,11/27/18,,0,10/24/2018 OBSERVED COMMERCIAL ORGANIC WASTE AT WHEELABRATOR SAUGUS
,,GEN-SW,Notice Of Non-Compliance,11/27/18,,0,10/24/2018 OBSERVED RECYCLABLE PAPER (CARDBOARD) AT WHEELABRATOR SAUGUS
,,GEN-SW,Notice Of Non-Compliance,11/15/18,,0,WASTE BAN INSPECTION AT HOWARD TRANSFER STATION IN ROXBURY
,,GEN-SW,Notice Of Non-Compliance,11/6/18,,0,10/26/2018 OBSERVED CARDBOARD AT WHEELABRATOR MILLBURY HAULED BY JRM
,,GEN-SW,Notice Of Non-Compliance,11/6/18,,0,WASTE BAN INSPECTION AT HOWARD TRANSFER STATION IN ROXBURY.
,,GEN-SW,Notice Of Non-Compliance,11/6/18,,0,10/24/2018 OBSERVED YARD WASTE AT DEDHAM TS HAULED BY REPUBLIC
,,GEN-SW,Notice Of Non-Compliance,11/5/18,,0,10/26/2018 OBSERVED CARDBOARD AT MELROSE TS HAULED BY WASTE MANAGEMENT
,,HAULER,Notice Of Non-Compliance,4/18/17,,0,FOR WASTE BAN VIOLATIONS OBSERVED 4/7/2017 AT AKS RECYCLING
,,GEN-SW,Notice Of Non-Compliance,11/5/18,,0,"10/31/2018 OBSERVED 70% CARDBOARD, METAL AND WOOD AT LEOMINSTER TS HAULED BY WASTE MANAGEMENT"
,,GEN-SW,Notice Of Non-Compliance,10/29/18,,0,10/10/2018 OBSERVED CARDBOARD AT HOLLISTON HAULED BY JRM
,,GEN-SW,Notice Of Non-Compliance,10/29/18,,0,10/3/2018 OBSERVED CARDBOARD AND FOOD AT DEVENS RECYCLING HAULED BY REPUBLIC
,,GEN-SW,Notice Of Non-Compliance,10/29/18,,0,9/21/2018 OBSERVED 20% CARDBOARD AT PEABODY WOOD TS HAULED BY REPUBLIC
,,GEN-SW,Notice Of Non-Compliance,10/29/18,,0,10/19/2018 OBSERVED CARDBOARD AT/HAULED BY EL HARVEY
,,GEN-SW,Notice Of Non-Compliance,10/29/18,,0,9/26/2018 OBSERVED CARDBOARD AT WHEELABRATOR NORTH ANDOVER HAULED BY MILLER WASTE
,,GEN-SW,Notice Of Non-Compliance,10/29/18,,0,9/21/2018 OBSERVED 25% CARDBOARD AT PEABODY WOOD TS HAULED BY REPUBLIC
,,GEN-SW,Notice Of Non-Compliance,10/29/18,,0,10/19/2018 OBSERVED CARDBOARD AT/HAULED BY EL HARVEY
,,GEN-SW,Notice Of Non-Compliance,10/29/18,,0,10/19/2018 OBSERVED CARDBOARD AT EL HARVEY HAULED BY BARRY BROS
,,GEN-SW,Notice Of Non-Compliance,10/29/18,,0,9/26/2018 OBSERVED 35% CANS & FOOD AT WHEELABRATOR NORTH ANDOVER HAULED BY EL HARVEY
,,GEN-SW,Notice Of Non-Compliance,10/29/18,,0,10/10/2018 OBSERVED CARDBOARD AT HOLLISTON TS HAULED BY BARRY BROS
,,GEN-SW,Notice Of Non-Compliance,10/29/18,,0,10/10/2018 OBSERVED CARDBOARD AT HOLLISTON TS HAULED BY GRAHAM WASTE
,,GEN-SW,Notice Of Non-Compliance,10/29/18,,0,9/26/2018 OBSERVED CARDBOARD AT WHEELABRATOR NORTH ANDOVER HAULED BY EL HARVEY
,,GEN-SW,Notice Of Non-Compliance,10/29/18,,0,10/10/2018 OBSERVED CARDBOARD AT HOLLISTON TS HAULED BY REPUBLIC
,,GEN-SW,Notice Of Non-Compliance,10/29/18,,0,9/26/2018 OBSERVED CARDBOARD AT WHEELABRATOR NORTH ANDOVER HAULED BY DYNAMIC WASTE
,,GEN-SW,"Administrative Consent Order, With Penalty",10/3/18,,946,WASTE BAN VIOLATION FOR DISPOSAL OF RECYCLABLE PAPER AND BOTTLES AND CANS
,,GEN-SW,Notice Of Non-Compliance,10/2/18,,0,9/14/2018 OBSERVED 40% FOOD AT/HAULED BY EL HARVEY
,,GEN-SW,Notice Of Non-Compliance,10/2/18,,0,9/12/2018 OBSERVED FOOD & CARDBOARD AT HOLLISTON TS HAULED BY WELLESLEY TRUCKING
,,GEN-SW,Notice Of Non-Compliance,10/2/18,,0,9/21/2018 OBSERVED CARDBOARD AT PEABODY WOOD TS HAULED BY REPUBLIC
,,GEN-SW,Notice Of Non-Compliance,10/2/18,,0,9/14/2018 OBSERVED FOOD & CARDBOARD AT/HAULED BY EL HARVEY
,,GEN-SW,Notice Of Non-Compliance,10/2/18,,0,9/21/2018 OBSERVED CARDBOARD AT PEABODY WOOD TS HAULED BY REPUBLIC
,,GEN-SW,Notice Of Non-Compliance,10/2/18,,0,9/21/2018 OBSERVED CARDBOARD & FOOD AT PEABODY WOOD TS HAULED BY REPUBLIC
,,GEN-SW,Notice Of Non-Compliance,10/2/18,,0,9/21/2018 OBSERVED CARDBOARD AT PEABODY WOOD TS HAULED BY CHARLES GEORGE
,,GEN-SW,"Administrative Consent Order, With Penalty",10/2/18,,946,WASTE BAN VIOLATION OBSERVED BY CERO - DISPOSAL OF FOOD MATERIAL AT AUBURN TS.
,,GEN-SW,Notice Of Non-Compliance,10/1/18,,0,9/12/2018 OBSERVED CARDBOARD AT HOLLISTON TS HAULED BY CASELLA
,,GEN-SW,Notice Of Non-Compliance,10/1/18,,0,9/12/2018 OBSERVED CARDBOARD AT HOLLISTON TS HAULED BY LAWRENCE WASTE SERVICES
,,GEN-SW,Notice Of Non-Compliance,10/1/18,,0,9/12/2018 OBSERVED CARDBOARD AT HOLLISTON TS HAULED BY ORIFICE REFUSE & RECYCLING
,,GEN-SW,Notice Of Non-Compliance,9/28/18,,0,WASTEBAN NON BRAINTREE TS INSPECTION DATE 14-SEP-2018
,,GEN-SW,Notice Of Non-Compliance,9/28/18,,0,"WASTEBAN NON FOR BRAINTREE TS INSPECTION ON AUGUST 24 2018, LOAD GENERATED FROM RANDOLPH FACILITY OF CARE ONE."
,,GEN-SW,Notice Of Non-Compliance,9/28/18,,0,WASTEBAN NON BRAINTREE TRANSFERSTATION INSPECTION DATE 7-SEP-2018
,,GEN-SW,Notice Of Non-Compliance,9/28/18,,0,WASTEBAN NON FOR BRAINTREE TS INSPECTION ON 14-SEP-2018
,,GEN-SW,Notice Of Non-Compliance,9/28/18,,0,WASTEBAN NON BRAINTREE TS INSPECTION DATE 24-AUG-2018. RESOLVED WITH ACOP-BO-00008020
,,GEN-SW,Notice Of Non-Compliance,9/25/18,,0,7/27/2018 OBSERVED RECYCLABLE PAPER (CARDBOARD) AT BRAINTREE TS
,,HAULER,Notice Of Non-Compliance,7/12/17,,0,FOR DISPOSAL OF CARDBOARD IN REAR PACKER TRUCK AT BRAINTREE TS ON 6/15/17
,,GEN-SW,Notice Of Non-Compliance,9/25/18,,0,7/27/2018 OBSERVED COMMERCIAL ORGANIC MATERIAL AT BRAINTREE TS
,,GEN-SW,Notice Of Non-Compliance,9/25/18,,0,NON FOR CARDBOARD IN WASTE LOAD DELIVERED TO THE TAUNTON LANDFILL ON 9/14/2018
,,GEN-SW,Notice Of Non-Compliance,9/25/18,,0,7/27/2018 OBSERVED RECYCLABLE PAPER (CARDBOARD) AT BRAINTREE TS | RTC ADD CONTAINER
,,GEN-SW,Notice Of Non-Compliance,9/25/18,,0,7/27/2018 OBSERVED RECYCLABLE PAPER (CARDBOARD) AT BRAINTREE TS
,,GEN-SW,Notice Of Non-Compliance,9/25/18,,0,"7/27/2018 OBSERVED CARDBOARD AND BOTTLES&CANS AT BRAINTREE TS || 12/4/2018 RTC NEW CONTAINERS/SIGNS. RESTRICT ACCESS, ONGOING TRAINING"
,,GEN-SW,Notice Of Non-Compliance,9/24/18,,0,WASTE BAN: WASTE DELIVERED FOR DISPOSAL AT COVANTA SPRINGFIELD RESOURCE RECOVERY FACILITY IN AGAWAM ON 9/19/2018 CONTAINED ONE CRT AND EXCESSIVE PAPER (CARDBOARD). RESOLVED WITH ACOP-BO-00008020
,,GEN-SW,Notice Of Non-Compliance,9/13/18,,0,OBSERVED CARDBOARD 8/29/2018 AT WHEELABRATOR NORTH ANDOVER HAULED BY EL HARVEY
,,GEN-SW,Notice Of Non-Compliance,9/13/18,,0,OBSERVED CARDBOARD 8/29/2018 AT WHEELABRATOR NORTH ANDOVER HAULED BY BAY STATE
,,HAULER,Notice Of Non-Compliance,8/23/19,,0,"DISPOSAL OF RECYCLABLES AT RAYNHAM TS. DOOLEY WAS PURCHASED BY UMM, UMM ISSUED RESPONSE TO NON"
,,GEN-SW,Notice Of Non-Compliance,9/13/18,,0,OBSERVED CARDBOARD 8/22/2018 AT WHEELABRATOR MILLBURY HAULED BY KLT
,,GEN-SW,Notice Of Non-Compliance,8/27/18,,0,OBSERVED CARDBOARD 8/15/2018 AT HOLLISTON TS HAULED BY REPUBLIC
,,GEN-SW,Notice Of Non-Compliance,8/22/18,,0,ISSUED NON TO AIM LIBRARY FOR WASTEBAN INSPECTION CONDUCTED AT BRAINTREE TS. LOAD WAS FAILED BY RECYCLEMATERIAL (PAPER) SENT BY AW WASTE TRUCK# 34907
,,GEN-SW,Notice Of Non-Compliance,8/20/18,,0,WASTE BAN VIOLATIONS OBSERVED AT HOLYOKE TRANSFER STATION ON 8/14/2018.
,,GEN-SW,"Administrative Consent Order, With Penalty",8/17/18,,946,WASTE BAN VIOLATION FOR DISPOSAL OF CARDBOARD AND METAL FROM CERO INSPECTION AT HOLLISTON TS.
,,GEN-SW,Notice Of Non-Compliance,8/13/18,,0,OBSERVED CARDBOARD 8/1/2018 AT COVANTA HAVERHILL HAULED BY EL HARVEY
,,GEN-SW,Notice Of Non-Compliance,8/13/18,,0,"OBSERVED CARDBOARD, FOOD 7/13/2018 AT HUDSON TS HAULED BY BP"
,,GEN-SW,Notice Of Non-Compliance,8/13/18,,0,OBSERVED CARDBOARD & FOOD 8/1/2018 AT COVANTA HAVERHILL HAULED BY REPUBLIC
,,GEN-SW,Notice Of Non-Compliance,8/13/18,,0,OBSERVED CARDBOARD & FOOD 8/1/2018 AT COVANTA HAVERHILL HAULED BY CASELLA
,,GEN-SW,Notice Of Non-Compliance,8/13/18,,0,"OBSERVED CARDBOARD, YARD WASTE, GYPSUM 7/11/2018 AT HOLLISTON TS HAULED BY JRM"
,,GEN-SW,Notice Of Non-Compliance,8/13/18,,0,OBSERVED FOOD 8/1/2018 AT COVANTA HAVERHILL HAULED BY CASELLA
,,GEN-SW,Notice Of Non-Compliance,8/13/18,,0,"OBSERVED CARDBOARD, WOOD, GYPSUM 7/11/2018 AT HOLLISTON TS HAULED BY LAWRENCE WASTE SERVICES"
,,GEN-SW,Notice Of Non-Compliance,8/13/18,,0,OBSERVED FOD 7/27/2018 AT WHEELABRATOR NORTH ANDOVER HAULED BY KLT
,,GEN-SW,Notice Of Non-Compliance,8/13/18,,0,OBSERVED CARDBOARD 7/27/2018 AT WHEELABRATOR NORTH ANDOVER HAULED BY BAY STATE
,,GEN-SW,Notice Of Non-Compliance,7/23/18,,0,"OBSERVED CARDBOARD, FOOD, BOTTLES, CANS 7/3/2018 AT/HAULED BY EL HARVEY"
,,GEN-SW,Notice Of Non-Compliance,7/23/18,,0,OBSERVED CARDBOARD 6/27/2018 AT WHEELABRATOR NORTH ANDOVER HAULED BY BAY STATE
,,GEN-SW,Notice Of Non-Compliance,7/23/18,,0,OBSERVED FOOD 6/5/2018 AT/HAULED BY EL HARVEY
,,GEN-SW,Notice Of Non-Compliance,7/23/18,,0,OBSERVED CARDBOARD & FOOD 6/20/2018 AT DEVENS RECYCLING HAULED BY REPUBLIC
,,GEN-SW,"Administrative Consent Order, No Penalty",6/27/18,,0,COMBINED ACO WITH FOR CLM DEVELOPMENT FMF#590971
,,GEN-SW,"Administrative Consent Order, No Penalty",6/27/18,,0,COMBINED ACO WITH 79 HAMMOND STREET REALTY TRUST
,,GEN-SW,Notice Of Non-Compliance,6/18/18,,0,"CARDBOARD IN WASTE LOAD AT NEW ENGLAND WASTE DISPOSAL ON JUNE 15, 2018 , DELIVERED BY ""A CONTAINER CORPORATION"""
,,GEN-SW,Notice Of Non-Compliance,6/8/18,,0,OBSERVED 70% CARDBOARD 5/30/2018 AT AUBURN TS HAULED BY AABLE TRUCKING
,,GEN-SW,Notice Of Non-Compliance,6/8/18,,0,"OBSERVED 40% FOOD, BOTTLES, AND CARDBOARD 5/18/2018 AT AUBURN TS HAULED BY JRM"
,,GEN-SW,Notice Of Non-Compliance,6/8/18,,0,FOUND 35% CARDBOARD 5/31/2018 AT HOLLISTION TS HAULED BY HA SANCOMB
,,GEN-SW,Notice Of Non-Compliance,6/8/18,,0,OBSERVED CARDBOARD 5/9/2018 AT HUDSON TS HAULED BY BP
,,GEN-SW,Notice Of Non-Compliance,6/8/18,,0,OBSERVED 80% CARDBOARD 5/30/2018 AT AUBURN TS HAULED BY REPUBLIC
,,GEN-SW,Notice Of Non-Compliance,6/8/18,,0,OBSERVED CARDBOARD & 5 TIRES 5/30/2018 AT AUBURN TS HAULED BY CASELLA
,,GEN-SW,"Administrative Consent Order, With Penalty",5/17/18,,946,WASTE BAN VIOLATION OBSERVED BY CERO STAFF AT LYNN TS. DISPOSAL OF FOOD MATERIAL AND CARDBOARD
,,GEN-SW,Notice Of Non-Compliance,5/15/18,,0,OBSERVED CARDBOARD 4/24/2018 AT AUBURN TS HAULED BY SERVICE PLUS
,,GEN-SW,Notice Of Non-Compliance,5/15/18,,0,OBSERVED CARDBOARD 3RD TIME AT AUBURN TS 4/24/2018 HAULED BY REPUBLIC
,,GEN-SW,Notice Of Non-Compliance,5/15/18,,0,"OBSERVED CARDBOARD, FOOD, BOTTLES & CANS 4/20/2018 AT MELROSE TS HAULED BY WAST MGMT"
,,GEN-SW,Notice Of Non-Compliance,5/15/18,,0,OBSERVED CARDBOARD & FOOD 4/24/2018 AT AUBURN TS HAULED BY REPUBLIC
,,GEN-SW,Notice Of Non-Compliance,4/25/18,,0,OBSERVED CARDBOARD AT WHEELABRATOR MILLBURY HAULED BY WASTE MGMT 3/30/18
,,GEN-SW,Notice Of Non-Compliance,4/25/18,,0,OBSERVED CARDBOARD AT DEDHAM TS HAULED BY WASTE MGMT 1/12/18
,,GEN-SW,Notice Of Non-Compliance,4/24/18,,0,OBSERVED ON 4/18/2018 AT COVANTA PITTSFIELD FACILITY IN PITTSFIELD WASTE DELIVERED FOR DISPOSAL BY A CAVALIER MANAGEMENT TRUCK THAT CONTAINED RECYCLABLE PAPER (CARDBOARD) AND A TV.
,,GEN-SW,Notice Of Non-Compliance,4/6/18,,0,OBSERVED CARDBOARD 3/28/2018 AT HOLLISTON TS HAULED BY REPUBLIC
,,GEN-SW,Notice Of Non-Compliance,4/6/18,,0,OBSERVED CARDBOARD 3/28/2018 AT HOLLISTON TS HAULED BY CASELLA
,,HAULER,Notice Of Non-Compliance,9/19/19,,0,DISPOSAL OF CARDBOARD AT SUAGUS WHEELABRATOR
,,GEN-SW,Notice Of Non-Compliance,4/6/18,,0,OBSERVED CARDBOARD AND FOOD 3/28/2018 AT HOLLISTON TS HAULED BY CASELLA
,,GEN-SW,Notice Of Non-Compliance,4/3/18,,0,OBSERVED CARDBOARD 3/27/2018 AT AUBURN TS HAULED BY CASELLA
,,GEN-SW,Notice Of Non-Compliance,4/3/18,,0,OBSERVED CARDBOARD 3/23/2018 AT WHEELABRATOR NORTH ANDOVER HAULED BY JRM
,,GEN-SW,"Administrative Consent Order, With Penalty",3/21/18,,946,WASTE BAN VIOLATION FOR DISPOSAL OF CARDBOARD
,,HAULER,Notice Of Non-Compliance,3/24/16,,0,CRTS AND WHITE GOODS OBSERVED DISPOSED BY A SPRINGFIELD REAR PACKER AT MCNAMARA T.S. ON 2/11/16.
,,GEN-SW,Notice Of Non-Compliance,3/19/18,,0,OBSERVED CARDBOARD 3/2/2018 AT COVANTA HAVERHILL HAULED BY NASHUA DISPOSAL
,,GEN-SW,Notice Of Non-Compliance,3/19/18,,0,OBSERVED 100% CARDBOARD 2/28/2018 AT PEABODY WOOD TS HAULED BY G&J
,,GEN-SW,Notice Of Non-Compliance,3/19/18,,0,OBSERVED CARDBOARD 3/2/2018 AT COVANTA HAVERHILL HAULED BY REPUBLIC
,,GEN-SW,Notice Of Non-Compliance,3/19/18,,0,OBSERVED CARDBOARD 2/22/2018 AT HOLLISTON TS HAULED BY REPUBLIC
,,GEN-SW,Notice Of Non-Compliance,3/19/18,,0,OBSERVED CARDBOARD & FOOD 2/28/2018 AT PEABODY WOOD TS HAULED BY REPUBLIC
,,GEN-SW,Notice Of Non-Compliance,3/19/18,,0,OBSERVED CARDBOARD & GYPSUM 2/28/2018 AT PEABODY WOOD TS HAULED BY NE SOLID WASTE CONSULTANTS
,,GEN-SW,Notice Of Non-Compliance,3/19/18,,0,OBSERVED CARDBOARD & METAL 2/23/2018 AT LEOMINSTER TS FROM ENERGY MGMT HAULED BY WASTE MGMT
,,GEN-SW,Notice Of Non-Compliance,3/19/18,,0,OBSERVED CARDBOARD 2/16/2018 AT AUBURN TS HAULED BY REPUBLIC
,,GEN-SW,Notice Of Non-Compliance,3/19/18,,0,OBSERVED 70% CARDBOARD 2/12/2018 AT EL HARVEY HAULED BY EL HARVEY
,,GEN-SW,Notice Of Non-Compliance,3/5/18,,0,OBSERVED CARDBOARD 2/16/2018 AT AUBURN TS HAULED BY REPUBLIC
,,GEN-SW,Notice Of Non-Compliance,2/14/18,,0,FOR CARDBOARD OBSERVED 1/19/18 AT PEABODY WOOD TS HAULED BY CASELLA
,,GEN-SW,Notice Of Non-Compliance,2/14/18,,0,FOR CARDBOARD AND FOOD OBSERVED 12/20/17 AT DEVENS RECYCLING HAULED BY REPUBLIC
,,GEN-SW,Notice Of Non-Compliance,2/14/18,,0,FOR CARDBOARD OBSERVED 12/22/17 AT MELROSE TS HAULED BY EL HARVEY
,,GEN-SW,"Administrative Consent Order, With Penalty",1/30/18,,1000,WASTE BAN VIOLATION FOR DISPOSAL OF CARDBOARD
,,GEN-SW,Notice Of Non-Compliance,1/22/18,,0,OBSERVED 40% CARDBOARD 11/29/2017 AT PEABODY WOOD TS HAULED BY REPUBLIC
,,HAULER,Notice Of Non-Compliance,1/30/20,,0,CARDBORAD OBS AT BRAINTREE TS 1/3/20
,,GEN-SW,Notice Of Non-Compliance,12/28/17,,0,OBSERVED CARDBOARD 11/29/2017 AT PEABODY WOOD TS HAULED BY CHARLES GEORGE
,,GEN-SW,Notice Of Non-Compliance,12/28/17,,0,OBSERVED CARDBOARD 11/29/2017 AT PEABOCY WOOD TS HAULED BY HILTZ
,,GEN-SW,Notice Of Non-Compliance,12/28/17,,0,OBSERVED CARDBOARD 11/30/2017 AT WHEELABRATOR NORTH ANDOVER HAULED BY G MELLO. NON RESCINDED.
,,GEN-SW,Notice Of Non-Compliance,12/28/17,,0,OBSERVED CARDBOARD/PAPER 11/30/2017 AT WHEELABRATOR NORTH ANDOVER HAULED BY CHARLES GEORGE
,,GEN-SW,Notice Of Non-Compliance,12/28/17,,0,OBSERVED CARDBOARD 11/29/2017 AT PEABODY WOOD TS HAULED BY CASELLA
,,GEN-SW,Notice Of Non-Compliance,12/28/17,,0,OBSERVED CARDBOARD 12/13/2017 AT COVANTA HAVERHILL FROM OAKRIDGE VILLAGE HAULED BY CHARLES GEORGE
,,GEN-SW,Notice Of Non-Compliance,11/6/17,,0,11/1/2017 OBSERVED CARDBOARD AT DEDHAM TS HAULED BY WASTE MGMT TRUCK 414332
,,GEN-SW,Notice Of Non-Compliance,11/6/17,,0,"10/13/2017 OBSERVED CARDBOARD, FOOD, BOTTLES AT WHEELABRATOR N ANDOVER HAULED BY WASTE MGMT TRUCK 411167"
,,GEN-SW,Notice Of Non-Compliance,11/6/17,,0,10/6/2017 OBSERVED CARDBOARD & FOOD AT LYNN TS HAULED BY EOMS TRUCK 28
,,GEN-SW,Notice Of Non-Compliance,11/6/17,,0,10/6/2017 OBSERVED CARDBOARD & FOOD AT LYNN TS HAULED BY BP TRUCKING # 65
,,GEN-SW,Notice Of Non-Compliance,11/6/17,,0,9/21/2017 OBSERVED CARDBOARD FROM GRANDIS REALTY MGMT AT AUBURN TS HAULED BY WASTE MGMT TRUCK 411197
,,GEN-SW,"Administrative Consent Order, With Penalty",11/3/17,,4000,ACOP FOR MULTIPLE WASTE BAN VIOLATIONS - DISPOSAL OF CARDBOARD
,,GEN-SW,Notice Of Non-Compliance,10/26/17,,0,"ON 10/24/2017, TWO (2) GOODWILL INDUSTRIES TRUCKS AT THE FP MCNAMARA TRANSFER STATION IN SPRINGFIELD CONTAINED WASTE FROM GOODWILL INDUSTRIES INCLUDING THE FOLLOWING BANNED MATERIALS: RECYCLABLE PAPER (CARDBOARD) AND A TELEVISION."
,,GEN-SW,Notice Of Non-Compliance,10/12/17,,0,"NON FOR DISPOSAL OF CARDBOARD, BOTTLES AND CANS AND WHITE GOOD (DISHWASHER) AT HOWARD TS ON 9/14/17. TRASH COLLECTION CONTRACTED BY CONCORDE ENTERTAINMENT/THE LYONS GROUP. HOUSE OF BLUES SHARES THEIR DUMPSTER."
,,GEN-SW,Notice Of Non-Compliance,10/11/17,,0,NON FOR DISPOSAL OF CARDBOARD AT HOWARD TS ON 9/14/17
,,GEN-SW,Notice Of Non-Compliance,10/11/17,,0,NON FOR DISPOSAL OF CARDBOARD FROM ASSEMBLY ROW AT HOWARD TS ON 9/14/17
,,GEN-SW,Notice Of Non-Compliance,10/10/17,,0,NON FOR DISPOSAL OF CARDBOARD AT HOWARD TS ON 9/14/17
,,GEN-SW,Notice Of Non-Compliance,10/10/17,,0,NON FOR DISPOSAL OF CARDBOARD AT HOWARD TS ON 9/14/17
,,GEN-SW,Notice Of Non-Compliance,10/10/17,,0,NON FOR DISPOSAL OF CARDBOARD AT HOWARD TS ON 9/14/17
,,GEN-SW,Notice Of Non-Compliance,10/10/17,,0,NON FOR DISPOSAL OF CARDBOARD AT HOWARD TS ON 9/14/17
,,GEN-SW,"Administrative Consent Order, With Penalty",9/26/17,,3000,PAID PENALTY ON 10/24/17 CARDBOARD FOOD
,,GEN-SW,Notice Of Non-Compliance,9/25/17,,0,NON FOR DISPOSAL OF CARDBOARD AND METAL AT HOWARD TS ON 9/14/17
,,GEN-SW,Notice Of Non-Compliance,9/25/17,,0,8/29/2017 OBSERVED BOTTLES & CARDBOARD AT AKS HAULED BY CHARLES GEORGE
,,GEN-SW,Notice Of Non-Compliance,9/25/17,,0,OBSERVED FOOD & CARDBOARD 9/7/2017 AT COVANTA HAVERHILL HAULED BY CHARLES GEORGE
,,GEN-SW,Notice Of Non-Compliance,9/25/17,,0,8/18/2017 OBSERVED CARDBOARD & PAPER AT WHEELABRATOR NORTH ANDOVER HAULED BY EL HARVEY
,,GEN-SW,"Administrative Consent Order, With Penalty",9/25/17,,860,WASTE BAN VIOLATION
,,GEN-SW,Notice Of Non-Compliance,9/25/17,,0,NON FOR DISPOSAL OF CARDBOARD AT HOWARD TS ON 9/14/17
,,GEN-SW,Notice Of Non-Compliance,9/12/17,,0,NON FOR DISPOSAL OF CARDBOARD AT CRAPO HILL LANDFILL ON 8/24/17. RESPONSE RECVEIVED FROM CLARK'S COVE LEASING AND STORAGE - CURRENTLY MANAGES THIS BUILDING
,,GEN-SW,Notice Of Non-Compliance,9/12/17,,0,NON FOR DISPOSAL OF CARDBOARD AT CRAPO HILL LANDFILL ON 8/24/17
,,GEN-SW,"Administrative Consent Order, With Penalty",9/6/17,,860,ACOP FOR WASTE BAN VIOLATION - DISPOSAL OF CARDBOARD
,,GEN-SW,Notice Of Non-Compliance,8/24/17,,0,8/9/17 OBSERVED CARDBOARD & FOOD @ MELROSE TS HAULED BY WASTE MGMT
,,GEN-SW,Notice Of Non-Compliance,8/24/17,,0,8/11/17 OBSERVED CARDBOARD AT EL HARVEY HAULED BY WELLESLEY TRUCKING
,,GEN-SW,Notice Of Non-Compliance,8/24/17,,0,8/9/17 OBSERVED CARDBOARD AT MELROSE TS HAULED BY WASTE MGMT
,,GEN-SW,Notice Of Non-Compliance,8/24/17,,0,8/11/17 OBSERVED CARDBOARD & FOOD AT EL HARVEY TS/HAULER
,,GEN-SW,Notice Of Non-Compliance,8/14/17,,0,OBSERVED BOTTLES/CANS & CARDBOARD IN 19 OF 23 DUMPSTERS 7/25/2017 AT DEDHAM TS HAULED BY JRM
,,GEN-SW,Notice Of Non-Compliance,7/31/17,,0,"ORGANICS OBSERVED 6/30/2017 AT WHEELABRATOR NORTH ANDOVER, HAULED BY JRM"
,,GEN-SW,Notice Of Non-Compliance,7/31/17,,0,OBSERVED CARDBOARD & FOOD AT HOLLISTON TS ON 7/5/17 DELIVERED BY JRM
,,GEN-SW,Notice Of Non-Compliance,7/31/17,,0,PAPER AND CARDBOARD OBSERVED AT AUBURN TS 6/9/17 DELIVERED BY DIRTY GIRL DISPOSAL
,,GEN-SW,Notice Of Non-Compliance,7/31/17,,0,CARDBOARD OBSERVED AT DEDHAM TS 6/15/17 DELIVERED BY REPUBLIC SERVICES
,,GEN-SW,Notice Of Non-Compliance,7/26/17,,0,NON FOR DISPOSAL OF CARDBOARD AT BRAINTREE TS
,,GEN-SW,Notice Of Non-Compliance,7/26/17,,0,"NON FOR DISPOSAL OF COMMERCIAL ORGANIC MATERIAL AT BRAINTREE TS ON 6/15/17. FROM STAR MARKET AT 130 GRANITE STREET, QUINCY"
,,GEN-SW,Notice Of Non-Compliance,7/21/17,,0,"DISPOSAL OF CARDBOARD AT BRAINTREE TS ON JUNE 1, 2017"
,,GEN-SW,Notice Of Non-Compliance,7/21/17,,0,"FOR DISPOSAL OF CARDBOARD ON JUNE 15, 2017 AT BRAINTREE TS"
,,GEN-SW,Notice Of Non-Compliance,7/21/17,,0,"FOR DISPOSAL OF CARDBOARD AND COMMERCIAL ORGANIC MATERIAL ON JUNE 15, 2017 AT BRAINTREE TS"
,,HAULER,Notice Of Non-Compliance,11/15/19,,0,"CARDBOARD/SINGLE STREAM LOAD DISPOSED OF AT HOWARD BY A REPUBLIC TRUCK, REVERE HAULING DIVISION OBSERVED BY ROB TOCCHIO"
,,GEN-SW,Notice Of Non-Compliance,7/11/17,,0,"DISPOSAL OF CARDBOARD ON 6/15/17 AT BRAINTREE TS FROM AVALON BAY COMMUN, 155 KING STREET, COHASSET"
,,GEN-SW,Notice Of Non-Compliance,7/11/17,,0,DISPOSAL OF CARDBOARD AT BRAINTREE TS ON 6/15/17
,,GEN-SW,Notice Of Non-Compliance,7/11/17,,0,"DISPOSAL OF CARDBOARD AT BRAINTREE TS ON 6/15/17 FROM THE LEDGES, 1 AVALON DRIVE, WEYMOUTH, AND WEYMOUTH COMMONS, 80 DONALD STREET, WEYMOUTH"
,,GEN-SW,Notice Of Non-Compliance,6/27/17,,0,WASTE BAN CARDBOARD
,,GEN-SW,Notice Of Non-Compliance,6/27/17,,0,WASTE BAN CARDBOARD
,,HAULER,Notice Of Non-Compliance,10/30/19,,0,CARDBOARD VIOLATION OBSERVED AT HOLLISTON TRANSFER STATION
,,GEN-SW,Notice Of Non-Compliance,6/7/17,,0,LOAD OBSERVED ON 5/31/2017 AT FP MCNAMARA TRANSFER STATION IN SPRINGFIELD DELIVERED BY REPUBLIC SERVICES TRUCK #3002 CONTAINING RECYCLABLE PAPER (CARDBOARD).
,,GEN-SW,Notice Of Non-Compliance,6/5/17,,0,OBSERVED 4/7/2017 AT WHEELABRATOR MILLBURY IN WASTE MGMT TRUCK 411079
,,GEN-SW,Notice Of Non-Compliance,6/5/17,,0,OBSERVED 5/24/2017 AT LYNN TS IN EOMS TRUCK 25
,,HAULER,Notice Of Non-Compliance,8/18/20,,0,"CARDBOARD OBSERVED AT RAYNHAM TS, FRONT LOAD PACKER TRUCK"
,,GEN-SW,Notice Of Non-Compliance,6/5/17,,0,OBSERVED 4/19/2017 AT EL HARVEY
,,GEN-SW,Unilateral Administrative Order,5/12/17,,0,"DOUBLE S FARMS LLC ACCEPTED CRAMBERRY INDUSTRY WASTE, SAND WITH CLAM SHELLS AND STUMPS AND BRUSH FOR DISPOSAL"
,,GEN-SW,Notice Of Non-Compliance,4/24/17,,0,NON FOR DISPOSAL OF CARDBOARD AT SAUGUS ON 3/31/17
,,GEN-SW,Notice Of Non-Compliance,4/24/17,,0,NON FOR DISPOSAL OF CARDBOARD AT SAUGUS ON 3-31-17
,,GEN-SW,Notice Of Non-Compliance,4/24/17,,0,NON FOR DISPOSAL OF CARDBOARD AT SAUGUS ON 3-31-17
,,GEN-SW,Notice Of Non-Compliance,4/24/17,,0,"NON FOR DISPOSAL OF CARDBOARD, COMMERCIAL ORGANIC MATERIAL AND BOTTLES AND CANS AT SAUGUS ON 3-31-17"
,,GEN-SW,Notice Of Non-Compliance,4/24/17,,0,DISPOSAL OF CARDBOARD AT SAUGUS ON 3/31/17
,,GEN-SW,Notice Of Non-Compliance,4/24/17,,0,FOR DISPOSAL OF CARDBOARD AND COMMERCIAL ORGANIC MATERIAL AT SAUGUS ON 3/31/17
,,GEN-SW,Notice Of Non-Compliance,4/24/17,,0,NON FOR DISPOSAL OF CARDBOARD AT SAUGUS ON 3/31/17. COLLECTED BY WASTE MANAGEMENT THROUGH CITY OF WOBURN CONTRACT.
,,GEN-SW,Notice Of Non-Compliance,4/24/17,,0,NON FOR DISPOSAL OF CARDBOARD AND BOTTLES AND CANS AT SAUGUS ON 3/31/17
,,GEN-SW,Notice Of Non-Compliance,4/24/17,,0,NON FOR DISPOSAL OF CARDBOARD AT SAUGUS ON 3/31/17 FROM SHOWCASE CINEMA DELUX REVERE
,,GEN-SW,Notice Of Non-Compliance,4/21/17,,0,FOR WAST BAN VIOLATIONS OBSERVED 3/24/2017 AT LYNN TS
,,GEN-SW,Notice Of Non-Compliance,4/20/17,,0,OBSERVED 3/17/2017 AT PEABODY WOOD TS
,,HAULER,Notice Of Non-Compliance,2/12/20,,0,CARDBOARD OBS AT WHEELABRATOR SAUGUS ON 1/21/2020
,,HAULER,Notice Of Non-Compliance,2/12/20,,0,CARDBOARD OBS AT WHEELABRATOR SAUGUS 1/21/2020
,,HAULER,Notice Of Non-Compliance,1/16/20,,0,CARDBOARD OBS AT RAYNHAM TS. KNOWLINGLING DISPOSED OF RECYCLING (CARDBOARD)
,,GEN-SW,Notice Of Non-Compliance,4/20/17,,0,OBSERVED 3/17/2017 AT PEABODY WOOD TS
,,GEN-SW,Notice Of Non-Compliance,4/18/17,,0,FOR WASTE BAN VIOLATIONS OBSERVED 4/5/2017 AT HUDSON TS
,,GEN-SW,Notice Of Non-Compliance,4/18/17,,0,FOR WASTE BAN VIOLATIONS OBSERVED 3/28/2017 AT POST ROAD TRANSFER STATION
,,HAULER,Notice Of Non-Compliance,1/30/20,,0,CARDBOARD OBS AT BRAINTREE TS
,,GEN-SW,Notice Of Non-Compliance,4/18/17,,0,OBSERVED 4/3/2017 AT MELROSE TS
,,HAULER,Notice Of Non-Compliance,12/11/19,,0,CARDBOARD AND SINGLE STREAM OBSERVED AT BRAINTREE TS
,,GEN-SW,Notice Of Non-Compliance,4/18/17,,0,OBSERVED 4/3/2017 AT MELROSE TS
,,GEN-SW,Notice Of Non-Compliance,4/18/17,,0,FOR WASTE BAN VIOLATIONS OBSERVED 3/28/2017 AT POST ROAD TRANSFER STATION
,,GEN-SW,Notice Of Non-Compliance,4/18/17,,0,OBSERVED 4/3/2017 AT MELROSE TS
,,GEN-SW,Notice Of Non-Compliance,4/18/17,,0,FOR WASTE BAN VIOLATIONS OBSERVED 3/22/2017 AT HUDSON TS
,,HAULER,Notice Of Non-Compliance,9/19/19,,0,"CARDBOARD AND PLASTIC, GLASS AND METAL CONTAINERS DISPOSED OF AT WHEELABRATOR SAUGUS"
,,HAULER,Notice Of Non-Compliance,10/28/19,,0,CARDBOARD AND METAL DISPOSED OF AT HOWARD OBSERVED 10/10/19
,,HAULER,Notice Of Non-Compliance,9/4/19,,0,C+D WASTE OVER 5YDS DISPOSED AT MELROSE TS 8/27/19
,,GEN-SW,Notice Of Non-Compliance,3/31/17,,0,OBSERVED 1/27/2017 AT LEOMINSTER TS
,,HAULER,Notice Of Non-Compliance,9/4/19,,0,C+D DISPOSED OF AT HOWARD TS 8/22/19
,,GEN-SW,Notice Of Non-Compliance,3/31/17,,0,OBSERVED 3/8/2017 AT AKS RECYCLING
,,GEN-SW,Notice Of Non-Compliance,3/30/17,,0,WASTE BAN NON FOR DISPOSAL OF CARDBOARD AT WHEELABRATOR SAUGUS
,,GEN-SW,Notice Of Non-Compliance,3/30/17,,0,WASTE BAN NON FOR DISPOSAL OF CARDBOARD AT WHEELABRATOR SAUGUS
,,GEN-SW,Notice Of Non-Compliance,3/30/17,,0,WASTE BAN NON FOR DISPOSAL OF CARDBOARD AT WHEELABRATOR SAUGUS
,,GEN-SW,Notice Of Non-Compliance,3/30/17,,0,WASTE BAN NON FOR DISPOSAL OF CARDBOARD AT WHEELABRATOR SAUGUS
,,GEN-SW,Notice Of Non-Compliance,3/22/17,,0,WASTE BAN NONCOMPLIANCE (RECYCLABLE PAPER (CARDBOARD)) OBSERVED AT FP MCNAMARA TRANSFER STATION LOCATED AT 44 ROSE STREET IN SPRINGFIELD ON 3/16/2017.
,,GEN-SW,Notice Of Non-Compliance,3/22/17,,0,WASTE BAN NONCOMPLIANCE (RECYCLABLE PAPER (CARDBOARD)) OBSERVED AT FP MCNAMARA TRANSFER STATION LOCATED AT 44 ROSE STREET IN SPRINGFIELD ON 3/16/2017.
,,GEN-SW,Notice Of Non-Compliance,3/22/17,,0,WASTE BAN NONCOMPLIANCE (RECYCLABLE PAPER) OBSERVED AT FP MCNAMARA TRANSFER STATION LOCATED AT 44 ROSE STREET IN SPRINGFIELD ON 3/16/2017.
,,GEN-SW,Notice Of Non-Compliance,3/22/17,,0,WASTE BAN NONCOMPLIANCE (RECYCLABLE PAPER (CARDBOARD)) OBSERVED AT FP MCNAMARA TRANSFER STATION LOCATED AT 44 ROSE STREET IN SPRINGFIELD ON 3/16/2017.
,,GEN-SW,Notice Of Non-Compliance,3/15/17,,0,WASTE BAN NONCOMPLIANCE (RECYCLABLE PAPER (CARDBOARD)) OBSERVED ON 3/7/2017 AT K&W MATERIALS & RECYCLING LLC LOCATED AT 138 PALMER AVENUE IN WEST SPRINGFIELD.
,,GEN-SW,Notice Of Non-Compliance,3/15/17,,0,WASTE BAN NONCOMPLIANCE (RECYCLABLE PAPER (CARDBOARD)) OBSERVED ON 3/7/2017 AT K&W MATERIALS & RECYCLING LLC LOCATED AT 138 PALMER AVENUE IN WEST SPRINGFIELD.
,,GEN-SW,Notice Of Non-Compliance,3/13/17,,0,OBSERVED 2/24/2017 AT DEDHAM TRANSFER STATION
,,GEN-SW,Notice Of Non-Compliance,3/13/17,,0,OBSERVED 2/27/2017 AT HUDSON TRANSFER STATION
,,GEN-SW,Notice Of Non-Compliance,3/13/17,,0,OBSERVED 1/11/2017 AT HOLLISTON TRANSFER STATION
,,GEN-SW,Notice Of Non-Compliance,3/13/17,,0,OBSERVED 12/28/2016 AT COVANT HAVERHILL FROM NASHUA STORE
,,GEN-SW,Notice Of Non-Compliance,3/13/17,,0,OBSERVED 1/27/2017 AT WHEELABRATOR NORTH ANDOVER
,,GEN-SW,Notice Of Non-Compliance,3/13/17,,0,"OBSERVED 1/13/2017 AT PEABODY WOOD TS 326371 ARRIVING FROM 225 FALLON RD, STONEHAM"
,,HAULER,Notice Of Non-Compliance,10/2/19,,0,9/19/2019 OBSERVED RECYCLABLE PAPER (CARDBOARD) AT COVANTA BRAINTREE TRANSFER STATION. HAULER NON
,,GEN-SW,Notice Of Non-Compliance,3/13/17,,0,"OBSERVED 1/6 & 2/24/2017 AT DEDHAM TRANSFER STATION 210299, ISSUED TO HEBREW SENIOR LIFE INC."
,,GEN-SW,Notice Of Non-Compliance,3/13/17,,0,OBSERVED 2/17/2017 AT MELROSE TRANSFER STATION 318664
,,GEN-SW,Notice Of Non-Compliance,3/13/17,,0,OBSERVED 1/27/2017 AT HUDSON TRANSFER STATION
,,HAULER,Notice Of Non-Compliance,10/2/19,,0,9/19/2019 HAULER NON OBSERVED SINGLE STREAM RECYCLING AT COVANTA BRAINTREE TRANSFER STATION
,,GEN-SW,Notice Of Non-Compliance,3/13/17,,0,OBSERVED 1/13/2017 AT LYNN TS HAULED BY JRM
,,GEN-SW,Notice Of Non-Compliance,3/13/17,,0,OBSERVED 1/27/2017 AT WHEELABRATOR NORTH ANDOVER
,,HAULER,Notice Of Non-Compliance,3/18/19,,0,2/14/2019 OBSERVED 100% RECYCLABLES W/ COUCH AT HUDSON TS
,,GEN-SW,Notice Of Non-Compliance,3/13/17,,0,OBSERVED 2/27/2017 AT HUDSON TRANSFER STATION
,,GEN-SW,Notice Of Non-Compliance,3/13/17,,0,OBSERVED 2/17/2017 AT WHEELABRATOR MILLBURY
,,GEN-SW,Notice Of Non-Compliance,3/13/17,,0,OBSERVED 2/22/2017 AT HOLLISTON TRANSFER STATION
,,GEN-SW,Notice Of Non-Compliance,3/13/17,,0,OBSERVED 1/27/2017 AT HUDSON TRANSFER STATION
,,GEN-SW,Notice Of Non-Compliance,3/13/17,,0,"OBSERVED 12/16/2016 AT HUDSON TS ARRIVING FROM 400 DONALD LYNCH BLVD, MARLBOROUGH, ISSUED TO NORDBLOM MANAGEMENT COMPANY"
,,GEN-SW,Notice Of Non-Compliance,3/13/17,,0,OBSERVED ON 2/3/2017 AT PRTR
,,GEN-SW,Notice Of Non-Compliance,3/13/17,,0,OBSERVED 2/17/2017 AT WHEELABRATOR MILLBURY
,,GEN-SW,Notice Of Non-Compliance,3/13/17,,0,OBSERVED 1/27/2017 AT HUDSON TRANSFER STATION
,,GEN-SW,Notice Of Non-Compliance,3/13/17,,0,OBSERVED 1/6/2017 AT DEDHAM TRANSFER STATION
,,GEN-SW,Notice Of Non-Compliance,3/13/17,,0,OBSERVED 1/27/2017 AT MELROSE TRANSFER STATION 318664
,,GEN-SW,Notice Of Non-Compliance,3/13/17,,0,OBSERVED 2/22/2017 AT HOLLISTON TS
,,GEN-SW,Notice Of Non-Compliance,3/13/17,,0,OBSERVED 1/27/2017 AT HUDSON TRANSFER STATION
,,GEN-SW,Notice Of Non-Compliance,3/13/17,,0,OBSERVED 1/13/2017 AT LYNN TS HAULED BY CHARLES GEORGE TRUCKING
,,GEN-SW,Notice Of Non-Compliance,2/2/17,,0,NON FOR DISPOSAL OF CARDBOARD
,,GEN-SW,Notice Of Non-Compliance,10/12/16,,0,"WASTE BAN NON FOR CARDBOARD DISPOSAL AT WHEELABRATOR NORTH ANDOVER. LOAD FROM BERRY FARMS, 4 BERRY STREET, NORTH ANDOVER"
,,GEN-SW,Notice Of Non-Compliance,10/4/16,,0,
,,HAULER,Notice Of Non-Compliance,2/11/20,,0,2 LOADS OF CARDBOARD DELIVERED BY JET-A-WAY TRUCKS AT WHEELABRATOR SAUGUS ON 1/21/2020
,,HAULER,Notice Of Non-Compliance,11/4/19,,0,2 LOADS OF C+D WASTE- WOOD AND DRYWALL OBSERVED AT HOWARD TS ON 10/10/19
,,GEN-SW,Notice Of Non-Compliance,9/12/16,,0,WASTE BAN NON FOR DISPOSAL OF CARDBOARD FROM WRENTHAM VILLAGE PREMIUM OUTLETS
,,GEN-SW,Notice Of Non-Compliance,6/20/16,,0,NON FOR CARDBOARD OBSERVED AT DEDHAM. RTC LETTER DATED 7/19/16 RECEIVED BY JOHN FISCHER ON 8/23/16. HAVE CARDBOARD COMPACTOR NOW.
,,GEN-SW,Notice Of Non-Compliance,6/20/16,,0,NON FOR CARDBOARD OBSERVED AT POST ROAD TRANSFER
,,GEN-SW,Notice Of Non-Compliance,6/8/16,,0,NON FOR CARDBOARD OBSERVED AT HOWARD
,,GEN-SW,Notice Of Non-Compliance,6/8/16,,0,NON FOR CARDBOARD OBSERVED AT HOWARD
,,GEN-SW,Notice Of Non-Compliance,6/6/16,,0,NON FOR CARDBOARD OBSERVED AT HOWARD
,,GEN-SW,Notice Of Non-Compliance,6/6/16,,0,NON FOR CARDBOARD OBSERVED AT HOWARD
,,GEN-SW,Notice Of Non-Compliance,6/6/16,,0,NON FOR CARDBOARD OBSERVED AT HOWARD
,,GEN-SW,Notice Of Non-Compliance,5/20/16,,0,NON FOR CARDBOARD OBSERVED AT WHEELABRATOR NORTH ANDOVER
,,GEN-SW,Notice Of Non-Compliance,5/20/16,,0,NON FOR CARDBOARD OBSERVED AT PEABODY
,,GEN-SW,Notice Of Non-Compliance,5/20/16,,0,NON FOR CARDBOARD OBSERVED AT WHEELABRATOR NORTH ANDOVER
,,GEN-SW,Notice Of Non-Compliance,5/20/16,,0,NON FOR CARDBOARD OBSERVED AT PEABODY WOOD TRANSFER STATION
,,GEN-SW,Notice Of Non-Compliance,5/20/16,,0,NON FOR CARDBOARD OBSERVED AT PEABODY WOOD TRANSFER STATION
,,GEN-SW,Notice Of Non-Compliance,5/11/16,,0,NON FOR CARDBOARD OBSERVED AT MILLBURY
,,GEN-SW,Notice Of Non-Compliance,5/11/16,,0,NON FOR CARDBOARD OBSERVED AT BRAINTREE
,,GEN-SW,Notice Of Non-Compliance,5/11/16,,0,NON FOR CARDBOARD OBSERVED AT BRAINTREE
,,GEN-SW,Notice Of Non-Compliance,5/11/16,,0,NON FOR CARDBOARD OBSERVED AT SAUGUS
,,HAULER,Notice Of Non-Compliance,11/5/18,,0,10/24/2018 OBSERVED 35% CARDBOARD & FOOD AT PEABODY WOOD TS
,,GEN-SW,Notice Of Non-Compliance,4/25/16,,0,NON FOR CARDBOARD OBSERVED AT WHEELABRATOR SAUGUS
,,GEN-SW,Notice Of Non-Compliance,4/6/16,,0,NON FOR CARDBOARD - OBSERVED AT HOWARD
,,GEN-SW,Notice Of Non-Compliance,4/6/16,,0,NON FOR CARDBOARD - OBSERVED AT HOWARD
,,GEN-SW,Notice Of Non-Compliance,4/6/16,,0,NON FOR CARDBOARD - OBSERVED AT HOWARD
,,GEN-SW,Unilateral Administrative Order,4/1/16,,0,
,,GEN-SW,Notice Of Non-Compliance,3/31/16,,0,NON FOR CARDBOARD - OBSERVED AT HOLLISTION TRANSFER STATION
,,GEN-SW,Notice Of Non-Compliance,3/31/16,,0,NON FOR CARDBOARD - OBSERVED AT WHEELABRATOR NORTH ANDOVER
,,GEN-SW,Notice Of Non-Compliance,3/30/16,,0,WASTE BAN VIOLATION OBSERVED AT BRAINTREE TS. LOAD CONTAINED SIGNIFICANT AMOUNT CARDBOARD.
,,GEN-SW,Notice Of Non-Compliance,3/30/16,,0,WASTE BAN VIOLATION OBSERVED AT BRAINTREE TS ON 2/18/16. LOAD CONTAINED SIGNIFICANT AMOUNT OF CARDBOARD.
,,GEN-SW,Notice Of Non-Compliance,3/30/16,,0,"WASTE BAN VIOLATION OBSERVED AT WHEELABRATOR SAUGUS ON MARCH 3, 2016. LOAD CONTAINED SIGNIFICANT AMOUNT OF YARD WASTE."
,,GEN-SW,"Administrative Consent Order, With Penalty",3/25/16,,0,ACTIONABLE LEVELS OF RECYCLABLE PAPER AND RECYCLABLE CARDBOARD OBSERVED AT HOWARD ON 10/2/15
,,GEN-SW,Notice Of Non-Compliance,3/24/16,,0,ACTIONABLE LEVELS OF CARDBOARD OBSERVED DISPOSED AT MCNAMARA TRANSFER STATION ON 2/11/16.
,,HAULER,Notice Of Non-Compliance,2/4/19,,0,"1/8/2019 OBSERVED 60-70% BOTTLES, CANS, PAPER, CARDBOARD AT COVANTA HAVERHILL"
,,GEN-SW,Notice Of Non-Compliance,3/21/16,,0,ACTIONABLE LEVELS OF CARDBOARD OBSERVED AT HOWARD TRANSFER STATION ON 1/25/16
,,GEN-SW,Notice Of Non-Compliance,3/21/16,,0,ACTIONABLE LEVELS OF CARDBOARD OBSERVED DISPOSED AT HOWARD TRANSFER STATION ON 1/25/16
,,GEN-SW,Notice Of Non-Compliance,3/16/16,,0,ACTIONABLE LEVELS OF CARDBOARD OBSERVED DISPOSED ON 2/23/16 AT THE PEABODY TRANSFER STATION
,,GEN-SW,Notice Of Non-Compliance,3/16/16,,0,NON FOR CARDBOARD - OBSERVED AT WHEELABRATOR SAUGUS
,,GEN-SW,Notice Of Non-Compliance,3/10/16,,0,"WAST BAN VIOLATION OBSERVED AT LYNN TS ON MARCH 3, 2015. LOAD CONTAINED CARDBOARD. NON DELAY DUE TO JRM NOT SUPPLYING GENERATOR INFO UNTIL LATE DEC 2015."
,,GEN-SW,Notice Of Non-Compliance,3/9/16,,0,NON FOR CARDBOARD - OBSERVED AT WHEELABRATOR MILLBURY
,,GEN-SW,Notice Of Non-Compliance,3/9/16,,0,NON FOR CARDBOARD - OBSERVED AT WHEELABRATOR MILLBURY
,,GEN-SW,Notice Of Non-Compliance,3/9/16,,0,NON FOR CARDBOARD - OBSERVED AT HOWARD TRANSFER
,,GEN-SW,Notice Of Non-Compliance,3/8/16,,0,ACTIONABLE LEVES OF CARDBOARD OBSERVED ON 12-22-16 AT MILLBURY WHEELABRATOR
,,GEN-SW,Notice Of Non-Compliance,3/8/16,,0,ACTIONABLE LEVELS OF CARDBOARD OBSERVED AT THE HUDSON TRANSFER STATION ON 2-3-16
,,GEN-SW,Notice Of Non-Compliance,3/8/16,,0,ACTIONABLE LEVELS OF CARDBOARD OBSERVED DISPOSED ON 2/16/16 AT THE MELROSE TRANSFER STATION.
,,GEN-SW,"Administrative Consent Order, With Penalty",3/8/16,,0,ACTIONABLE LEVELS OF CARDBOARD OBSERVED DISPOSED AT BRAINTREE ON 9/17/15
,,GEN-SW,Notice Of Non-Compliance,3/4/16,,0,NON FOR CARDBOARD OBSERVED AT DEDHAM TRANSFER
,,GEN-SW,Notice Of Non-Compliance,3/4/16,,0,NON FOR CARDBOARD - OBSERVED AT AUBURN TRANSFER
,,GEN-SW,Notice Of Non-Compliance,3/3/16,,0,ACTIONABLE LEVELS OF CARDBOARD OBSERVED DISPOSED AT WHEELABRATOR NORTH ANDOVER ON 2/17/16
,,GEN-SW,Notice Of Non-Compliance,3/3/16,,0,ACTIONABLE LEVELS OF CARDBOARD OBSERVED DISPOSED AT NORTH ANDOVER ON 2/17/16
,,GEN-SW,Notice Of Non-Compliance,3/1/16,,0,ACTIONABLE LEVELS OF CARDBOARD AND ONE WHITE GOOD OBSERVED DISPOSED AT COVANTA HAVERHILL ON 12/10/16.
,,GEN-SW,Notice Of Non-Compliance,3/1/16,,0,ACTIONABLE LEVELS OF PAPER AND RECYCLABLE CARDBOARD OBSERVED DISPOSED AT COVANTA HAVERHILL ON 12/10/15
,,GEN-SW,Notice Of Non-Compliance,2/29/16,,0,NON FOR ORGANICS - OBSERVED AT WHEELABRATOR SAUGUS
,,GEN-SW,Notice Of Non-Compliance,2/22/16,,0,"WASTE BAN VIOLATION OBSERVED AT COVANTA HAVERHILL ON JUNE 5, 2015. SIGNIFICANT AMOUNT OF CARDBOARD. JRM DID NOT GIVE GENERATOR INFO UNTIL LATE 2015."
,,GEN-SW,Notice Of Non-Compliance,2/22/16,,0,"WASTE BAN OBSERVED APRIL 2, 2015 AT DANVERS TRANSFER STATION. SIGNIFICANT AMOUNT OF CARDBOARD AND CLEAN GYPSUM WALLBOARD. JRM DID NOT TELL US GENERATOR UNTIL LATE 2015, THUS A DELAY IN GETTING NON OUT."
,,GEN-SW,Notice Of Non-Compliance,2/22/16,,0,WASTE BAN VIOLATION OBSERVED AT COVANTA HAVERHILL. NON SENT FOR TWO VIOLATIONS OBSERVED IN 2015: 1/9/15 CARDBOARD; AND 2/26/15 BOTTLES AND CANS). PART OF JRM INFORMATION THAT WAS NOT GIVEN TO US UNTIL LATE 2015.
,,GEN-SW,Notice Of Non-Compliance,2/22/16,,0,WASTE BAN VIOLATION OBSERVED AT WHEELABRATOR SAUGUS ON 5/28/15. SIGNIFICANT AMOUNT OF CARDBOARD. JRM DIDN'T GIVE US GENERATOR INFO UNTIL LATE 2015.
,,GEN-SW,Notice Of Non-Compliance,2/22/16,,0,WASTE BAN VIOLATION OBSERVED AT BRAINTREE TRANSFER STATION ON 2/19/15. SIGNIFICANT AMOUNT OF CARDBOARD. JRM DID NOT GIVE GENERATOR INFO UNTIL LATE 2015.
,,GEN-SW,Notice Of Non-Compliance,2/22/16,,0,WASTE BAN VIOLATION OBSERVED AT WHEELABRATOR NORTH ANDOVER ON 5/21/15. SIGNIFICANT AMOUNT OF CARDBOARD. JRM DIDN'T GIVE US GENERATOR INFO UNTIL LATE 2015.
,,GEN-SW,Notice Of Non-Compliance,2/22/16,,0,"WASTE BAN VIOLATION OBSERVED AT COVANTA HAVERHILL ON JUNE 5, 2015. WHITE GOOD. JRM DID NOT GIVE US GENERATOR INFO UNTIL LATE 2015."
,,GEN-SW,Notice Of Non-Compliance,2/22/16,,0,WASTE BAN VIOLATION OBSERVED AT BRAINTREE TS ON 6/11/15. SIGNIFICANT AMOUNT OF CARDBOARD. JRM DIDN'T GIVE US GENERATOR INFO UNTIL LATE 2015.
,,GEN-SW,Notice Of Non-Compliance,2/22/16,,0,WASTE BAN VIOLATION OBSERVED AT DANVERS TS ON 3/3/15. SIGNIFICANT AMOUNT OF CARDBOARD. JRM DIDN'T GIVE GENERATOR INFO UNTIL LATE 2015.
,,GEN-SW,Notice Of Non-Compliance,2/19/16,,0,ACTIONABLE LEVELS OF CARDBOARD OBSERVED DISPOSED AT THE DANVERS TRANSFER STATION ON 1/14/16.
,,GEN-SW,Notice Of Non-Compliance,2/12/16,,0,ACTIONABLE LEVELS OF CARDBOARD OBSERVED AT EL HARVEY AND SONS ON 12/28/15.
,,GEN-SW,Notice Of Non-Compliance,2/12/16,,0,NON FOR CARDBOARD - OBSERVED AT AKS TRANSFER
,,GEN-SW,Notice Of Non-Compliance,2/10/16,,0,NON FOR BOTTLES AND CANS - OBSERVED AT SAUGUS
,,GEN-SW,Notice Of Non-Compliance,2/10/16,,0,NON FOR CARDBOARD - OBSERVED AT SAUGUS
,,GEN-SW,Notice Of Non-Compliance,2/10/16,,0,NON FOR CARDBOARD - OBSERVED AT SAUGUS
,,GEN-SW,Notice Of Non-Compliance,2/10/16,,0,NON FOR CARDBOARD - OBSERVED AT SAUGUS
,,GEN-SW,Notice Of Non-Compliance,2/10/16,,0,NON FOR CARDBOARD - OBSERVED AT SAUGUS
,,GEN-SW,Notice Of Non-Compliance,2/9/16,,0,ACTIONABLE LEVELS OF CARBDOARD OBSERVED AT WHEELABRATOR NORTH ANDOVER ON 12/9/15
,,GEN-SW,Notice Of Non-Compliance,2/9/16,,0,ACTIONABLE LEVELS OF CARDBOARD OBSERVED DISPOSED AT EL HARVEY AND SONS ON 12/28/15.